# Blender 4.1.1
# www.blender.org
mtllib Title.mtl
o テキスト
v -2.136000 0.100000 0.390000
v -2.144824 0.100000 0.400371
v -2.154259 0.100000 0.409968
v -2.164250 0.100000 0.418766
v -2.174741 0.100000 0.426741
v -2.185676 0.100000 0.433869
v -2.197000 0.100000 0.440125
v -2.208657 0.100000 0.445486
v -2.220592 0.100000 0.449926
v -2.232750 0.100000 0.453422
v -2.245074 0.100000 0.455949
v -2.257509 0.100000 0.457483
v -2.270000 0.100000 0.458000
v -2.290866 0.100000 0.456788
v -2.310847 0.100000 0.453134
v -2.329766 0.100000 0.447016
v -2.347444 0.100000 0.438407
v -2.363706 0.100000 0.427285
v -2.378375 0.100000 0.413625
v -2.391272 0.100000 0.397402
v -2.402222 0.100000 0.378593
v -2.411047 0.100000 0.357172
v -2.417569 0.100000 0.333116
v -2.421613 0.100000 0.306400
v -2.423000 0.100000 0.277000
v -2.423000 0.100000 0.000000
v -2.334000 0.100000 0.000000
v -2.334000 0.100000 0.278000
v -2.333300 0.100000 0.294009
v -2.331232 0.100000 0.308991
v -2.327844 0.100000 0.322875
v -2.323185 0.100000 0.335593
v -2.317304 0.100000 0.347074
v -2.310250 0.100000 0.357250
v -2.302071 0.100000 0.366051
v -2.292815 0.100000 0.373407
v -2.282531 0.100000 0.379250
v -2.271269 0.100000 0.383509
v -2.259075 0.100000 0.386116
v -2.246000 0.100000 0.387000
v -2.236406 0.100000 0.386619
v -2.227079 0.100000 0.385449
v -2.217953 0.100000 0.383453
v -2.208963 0.100000 0.380593
v -2.200042 0.100000 0.376829
v -2.191125 0.100000 0.372125
v -2.182145 0.100000 0.366442
v -2.173037 0.100000 0.359741
v -2.163734 0.100000 0.351984
v -2.154171 0.100000 0.343134
v -2.144282 0.100000 0.333152
v -2.134000 0.100000 0.322000
v -2.134000 0.100000 0.000000
v -2.045000 0.100000 0.000000
v -2.045000 0.100000 0.449000
v -2.134000 0.100000 0.449000
v -2.134000 0.100000 0.390000
v -1.958230 0.100000 0.019639
v -1.949338 0.100000 0.014032
v -1.941203 0.100000 0.009141
v -1.933704 0.100000 0.004926
v -1.926718 0.100000 0.001350
v -1.920125 0.100000 -0.001625
v -1.913803 0.100000 -0.004038
v -1.907630 0.100000 -0.005926
v -1.901484 0.100000 -0.007328
v -1.895245 0.100000 -0.008282
v -1.888791 0.100000 -0.008827
v -1.882000 0.100000 -0.009000
v -1.872622 0.100000 -0.008706
v -1.863977 0.100000 -0.007815
v -1.856047 0.100000 -0.006313
v -1.848815 0.100000 -0.004185
v -1.842263 0.100000 -0.001419
v -1.836375 0.100000 0.002000
v -1.831133 0.100000 0.006086
v -1.826519 0.100000 0.010852
v -1.822516 0.100000 0.016312
v -1.819106 0.100000 0.022481
v -1.816273 0.100000 0.029373
v -1.814000 0.100000 0.037000
v -1.804210 0.100000 0.029583
v -1.794343 0.100000 0.022829
v -1.784407 0.100000 0.016734
v -1.774408 0.100000 0.011296
v -1.764354 0.100000 0.006511
v -1.754250 0.100000 0.002375
v -1.744106 0.100000 -0.001115
v -1.733926 0.100000 -0.003963
v -1.723719 0.100000 -0.006172
v -1.713491 0.100000 -0.007745
v -1.703249 0.100000 -0.008687
v -1.693000 0.100000 -0.009000
v -1.676972 0.100000 -0.007943
v -1.661936 0.100000 -0.004880
v -1.647969 0.100000 0.000031
v -1.635148 0.100000 0.006630
v -1.623550 0.100000 0.014756
v -1.613250 0.100000 0.024250
v -1.604325 0.100000 0.034953
v -1.596852 0.100000 0.046704
v -1.590906 0.100000 0.059344
v -1.586565 0.100000 0.072713
v -1.583904 0.100000 0.086652
v -1.583000 0.100000 0.101000
v -1.584636 0.100000 0.121994
v -1.589334 0.100000 0.140616
v -1.596781 0.100000 0.157078
v -1.606667 0.100000 0.171593
v -1.618677 0.100000 0.184371
v -1.632500 0.100000 0.195625
v -1.647823 0.100000 0.205567
v -1.664333 0.100000 0.214407
v -1.681719 0.100000 0.222359
v -1.699666 0.100000 0.229634
v -1.717864 0.100000 0.236444
v -1.736000 0.100000 0.243000
v -1.815000 0.100000 0.271000
v -1.815000 0.100000 0.295000
v -1.814438 0.100000 0.308318
v -1.812750 0.100000 0.320296
v -1.809938 0.100000 0.330969
v -1.806000 0.100000 0.340370
v -1.800937 0.100000 0.348536
v -1.794750 0.100000 0.355500
v -1.787438 0.100000 0.361297
v -1.779000 0.100000 0.365963
v -1.769438 0.100000 0.369531
v -1.758750 0.100000 0.372037
v -1.746938 0.100000 0.373515
v -1.734000 0.100000 0.374000
v -1.721733 0.100000 0.373518
v -1.709453 0.100000 0.372060
v -1.697187 0.100000 0.369609
v -1.684963 0.100000 0.366148
v -1.672807 0.100000 0.361659
v -1.660750 0.100000 0.356125
v -1.648817 0.100000 0.349528
v -1.637037 0.100000 0.341852
v -1.625437 0.100000 0.333078
v -1.614046 0.100000 0.323190
v -1.602891 0.100000 0.312170
v -1.592000 0.100000 0.300000
v -1.592000 0.100000 0.397000
v -1.601043 0.100000 0.406813
v -1.610676 0.100000 0.415755
v -1.620906 0.100000 0.423828
v -1.631741 0.100000 0.431037
v -1.643186 0.100000 0.437385
v -1.655250 0.100000 0.442875
v -1.667938 0.100000 0.447511
v -1.681259 0.100000 0.451296
v -1.695218 0.100000 0.454234
v -1.709824 0.100000 0.456329
v -1.725082 0.100000 0.457583
v -1.741000 0.100000 0.458000
v -1.763324 0.100000 0.457036
v -1.784672 0.100000 0.454120
v -1.804859 0.100000 0.449219
v -1.823704 0.100000 0.442296
v -1.841020 0.100000 0.433318
v -1.856625 0.100000 0.422250
v -1.870334 0.100000 0.409057
v -1.881963 0.100000 0.393704
v -1.891328 0.100000 0.376156
v -1.898246 0.100000 0.356380
v -1.902531 0.100000 0.334339
v -1.904000 0.100000 0.310000
v -1.904000 0.100000 0.079000
v -1.904124 0.100000 0.074976
v -1.904495 0.100000 0.071394
v -1.905110 0.100000 0.068234
v -1.905963 0.100000 0.065481
v -1.907053 0.100000 0.063117
v -1.908375 0.100000 0.061125
v -1.909927 0.100000 0.059487
v -1.911704 0.100000 0.058185
v -1.913703 0.100000 0.057203
v -1.915921 0.100000 0.056523
v -1.918355 0.100000 0.056128
v -1.921000 0.100000 0.056000
v -1.923434 0.100000 0.056186
v -1.926218 0.100000 0.056736
v -1.929328 0.100000 0.057641
v -1.932741 0.100000 0.058889
v -1.936431 0.100000 0.060470
v -1.940375 0.100000 0.062375
v -1.944548 0.100000 0.064592
v -1.948926 0.100000 0.067111
v -1.953484 0.100000 0.069922
v -1.958199 0.100000 0.073014
v -1.963046 0.100000 0.076377
v -1.968000 0.100000 0.080000
v -1.968000 0.100000 0.026000
v -1.796241 0.100000 0.215484
v -1.778093 0.100000 0.208875
v -1.760750 0.100000 0.202078
v -1.744407 0.100000 0.195000
v -1.729259 0.100000 0.187547
v -1.715500 0.100000 0.179625
v -1.703324 0.100000 0.171141
v -1.692926 0.100000 0.162000
v -1.684500 0.100000 0.152109
v -1.678241 0.100000 0.141375
v -1.674343 0.100000 0.129703
v -1.673000 0.100000 0.117000
v -1.673553 0.100000 0.107988
v -1.675172 0.100000 0.099486
v -1.677797 0.100000 0.091547
v -1.681370 0.100000 0.084222
v -1.685833 0.100000 0.077564
v -1.691125 0.100000 0.071625
v -1.697188 0.100000 0.066457
v -1.703963 0.100000 0.062111
v -1.711391 0.100000 0.058641
v -1.719412 0.100000 0.056097
v -1.727968 0.100000 0.054533
v -1.737000 0.100000 0.054000
v -1.743958 0.100000 0.054289
v -1.750833 0.100000 0.055144
v -1.757625 0.100000 0.056547
v -1.764333 0.100000 0.058481
v -1.770958 0.100000 0.060930
v -1.777500 0.100000 0.063875
v -1.783958 0.100000 0.067299
v -1.790333 0.100000 0.071185
v -1.796625 0.100000 0.075516
v -1.802833 0.100000 0.080273
v -1.808958 0.100000 0.085440
v -1.815000 0.100000 0.091000
v -1.815000 0.100000 0.222000
v -1.387000 0.100000 0.000000
v -1.387000 0.100000 0.531000
v -1.385000 0.100000 0.531000
v -1.175000 0.100000 0.267000
v -1.159000 0.100000 0.267000
v -0.949000 0.100000 0.531000
v -0.947000 0.100000 0.531000
v -0.947000 0.100000 0.000000
v -0.849000 0.100000 0.000000
v -0.849000 0.100000 0.682000
v -0.941000 0.100000 0.682000
v -1.167000 0.100000 0.402000
v -1.394000 0.100000 0.682000
v -1.485000 0.100000 0.682000
v -1.485000 0.100000 0.000000
v -0.737969 0.100000 0.194487
v -0.732000 0.100000 0.162065
v -0.722281 0.100000 0.131906
v -0.709000 0.100000 0.104185
v -0.692344 0.100000 0.079075
v -0.672500 0.100000 0.056750
v -0.649656 0.100000 0.037383
v -0.624000 0.100000 0.021148
v -0.595719 0.100000 0.008219
v -0.565000 0.100000 -0.001231
v -0.532031 0.100000 -0.007029
v -0.497000 0.100000 -0.009000
v -0.463347 0.100000 -0.006953
v -0.431528 0.100000 -0.000954
v -0.401750 0.100000 0.008781
v -0.374222 0.100000 0.022037
v -0.349153 0.100000 0.038598
v -0.326750 0.100000 0.058250
v -0.307222 0.100000 0.080777
v -0.290778 0.100000 0.105963
v -0.277625 0.100000 0.133594
v -0.267972 0.100000 0.163454
v -0.262028 0.100000 0.195328
v -0.260000 0.100000 0.229000
v -0.262104 0.100000 0.260605
v -0.268250 0.100000 0.290755
v -0.278187 0.100000 0.319203
v -0.291667 0.100000 0.345704
v -0.308437 0.100000 0.370010
v -0.328250 0.100000 0.391875
v -0.350854 0.100000 0.411053
v -0.376000 0.100000 0.427296
v -0.403437 0.100000 0.440359
v -0.432917 0.100000 0.449995
v -0.464187 0.100000 0.455958
v -0.497000 0.100000 0.458000
v -0.531402 0.100000 0.456034
v -0.563959 0.100000 0.450273
v -0.594454 0.100000 0.440922
v -0.622667 0.100000 0.428185
v -0.648381 0.100000 0.412268
v -0.671375 0.100000 0.393375
v -0.691432 0.100000 0.371711
v -0.708333 0.100000 0.347482
v -0.721859 0.100000 0.320891
v -0.731792 0.100000 0.292144
v -0.737911 0.100000 0.261445
v -0.740000 0.100000 0.229000
v -0.352211 0.100000 0.205935
v -0.355768 0.100000 0.184310
v -0.361562 0.100000 0.164234
v -0.369482 0.100000 0.145815
v -0.379414 0.100000 0.129159
v -0.391250 0.100000 0.114375
v -0.404877 0.100000 0.101570
v -0.420185 0.100000 0.090852
v -0.437063 0.100000 0.082328
v -0.455398 0.100000 0.076106
v -0.475081 0.100000 0.072295
v -0.496000 0.100000 0.071000
v -0.518757 0.100000 0.072237
v -0.539972 0.100000 0.075894
v -0.559563 0.100000 0.081891
v -0.577445 0.100000 0.090148
v -0.593535 0.100000 0.100586
v -0.607750 0.100000 0.113125
v -0.620007 0.100000 0.127685
v -0.630222 0.100000 0.144185
v -0.638312 0.100000 0.162547
v -0.644194 0.100000 0.182690
v -0.647785 0.100000 0.204534
v -0.649000 0.100000 0.228000
v -0.647689 0.100000 0.249227
v -0.643847 0.100000 0.269320
v -0.637609 0.100000 0.288141
v -0.629111 0.100000 0.305556
v -0.618488 0.100000 0.321429
v -0.605875 0.100000 0.335625
v -0.591408 0.100000 0.348009
v -0.575222 0.100000 0.358444
v -0.557453 0.100000 0.366797
v -0.538236 0.100000 0.372931
v -0.517707 0.100000 0.376710
v -0.496000 0.100000 0.378000
v -0.475501 0.100000 0.376711
v -0.456092 0.100000 0.372935
v -0.437906 0.100000 0.366813
v -0.421074 0.100000 0.358482
v -0.405728 0.100000 0.348081
v -0.392000 0.100000 0.335750
v -0.380022 0.100000 0.321627
v -0.369926 0.100000 0.305852
v -0.361844 0.100000 0.288563
v -0.355907 0.100000 0.269898
v -0.352249 0.100000 0.249998
v -0.351000 0.100000 0.229000
v 0.193000 0.100000 -0.230000
v 0.040000 0.100000 0.096000
v 0.214000 0.100000 0.449000
v 0.113000 0.100000 0.449000
v -0.008000 0.100000 0.196000
v -0.124000 0.100000 0.449000
v -0.224000 0.100000 0.449000
v 0.094000 0.100000 -0.230000
v 0.330135 0.100000 0.532489
v 0.336995 0.100000 0.533912
v 0.343516 0.100000 0.536203
v 0.349630 0.100000 0.539296
v 0.355271 0.100000 0.543126
v 0.360375 0.100000 0.547625
v 0.364874 0.100000 0.552729
v 0.368704 0.100000 0.558370
v 0.371797 0.100000 0.564484
v 0.374088 0.100000 0.571005
v 0.375511 0.100000 0.577865
v 0.376000 0.100000 0.585000
v 0.375511 0.100000 0.592135
v 0.374088 0.100000 0.598995
v 0.371797 0.100000 0.605516
v 0.368704 0.100000 0.611630
v 0.364874 0.100000 0.617271
v 0.360375 0.100000 0.622375
v 0.355271 0.100000 0.626874
v 0.349630 0.100000 0.630704
v 0.343516 0.100000 0.633797
v 0.336995 0.100000 0.636088
v 0.330135 0.100000 0.637511
v 0.323000 0.100000 0.638000
v 0.315865 0.100000 0.637511
v 0.309005 0.100000 0.636088
v 0.302484 0.100000 0.633797
v 0.296370 0.100000 0.630704
v 0.290729 0.100000 0.626875
v 0.285625 0.100000 0.622375
v 0.281126 0.100000 0.617271
v 0.277296 0.100000 0.611630
v 0.274203 0.100000 0.605516
v 0.271912 0.100000 0.598995
v 0.270489 0.100000 0.592135
v 0.270000 0.100000 0.585000
v 0.270489 0.100000 0.577865
v 0.271912 0.100000 0.571005
v 0.274203 0.100000 0.564484
v 0.277296 0.100000 0.558370
v 0.281126 0.100000 0.552729
v 0.285625 0.100000 0.547625
v 0.290729 0.100000 0.543126
v 0.296370 0.100000 0.539296
v 0.302484 0.100000 0.536203
v 0.309005 0.100000 0.533912
v 0.315865 0.100000 0.532489
v 0.323000 0.100000 0.532000
v 0.368000 0.100000 0.000000
v 0.368000 0.100000 0.449000
v 0.279000 0.100000 0.449000
v 0.279000 0.100000 0.000000
v 0.471031 0.100000 0.194487
v 0.477000 0.100000 0.162065
v 0.486719 0.100000 0.131906
v 0.500000 0.100000 0.104185
v 0.516656 0.100000 0.079075
v 0.536500 0.100000 0.056750
v 0.559344 0.100000 0.037383
v 0.585000 0.100000 0.021148
v 0.613281 0.100000 0.008219
v 0.644000 0.100000 -0.001231
v 0.676969 0.100000 -0.007029
v 0.712000 0.100000 -0.009000
v 0.745653 0.100000 -0.006953
v 0.777472 0.100000 -0.000954
v 0.807250 0.100000 0.008781
v 0.834778 0.100000 0.022037
v 0.859847 0.100000 0.038598
v 0.882250 0.100000 0.058250
v 0.901778 0.100000 0.080777
v 0.918222 0.100000 0.105963
v 0.931375 0.100000 0.133594
v 0.941028 0.100000 0.163454
v 0.946972 0.100000 0.195328
v 0.949000 0.100000 0.229000
v 0.946896 0.100000 0.260605
v 0.940750 0.100000 0.290755
v 0.930812 0.100000 0.319203
v 0.917333 0.100000 0.345704
v 0.900562 0.100000 0.370010
v 0.880750 0.100000 0.391875
v 0.858146 0.100000 0.411053
v 0.833000 0.100000 0.427296
v 0.805562 0.100000 0.440359
v 0.776083 0.100000 0.449995
v 0.744812 0.100000 0.455958
v 0.712000 0.100000 0.458000
v 0.677599 0.100000 0.456034
v 0.645042 0.100000 0.450273
v 0.614547 0.100000 0.440922
v 0.586333 0.100000 0.428185
v 0.560620 0.100000 0.412268
v 0.537625 0.100000 0.393375
v 0.517568 0.100000 0.371711
v 0.500667 0.100000 0.347482
v 0.487141 0.100000 0.320891
v 0.477208 0.100000 0.292144
v 0.471089 0.100000 0.261445
v 0.469000 0.100000 0.229000
v 0.856789 0.100000 0.205935
v 0.853232 0.100000 0.184310
v 0.847438 0.100000 0.164234
v 0.839519 0.100000 0.145815
v 0.829586 0.100000 0.129159
v 0.817750 0.100000 0.114375
v 0.804123 0.100000 0.101570
v 0.788815 0.100000 0.090852
v 0.771938 0.100000 0.082328
v 0.753602 0.100000 0.076106
v 0.733919 0.100000 0.072295
v 0.713000 0.100000 0.071000
v 0.690243 0.100000 0.072237
v 0.669028 0.100000 0.075894
v 0.649437 0.100000 0.081891
v 0.631555 0.100000 0.090148
v 0.615465 0.100000 0.100586
v 0.601250 0.100000 0.113125
v 0.588993 0.100000 0.127685
v 0.578778 0.100000 0.144185
v 0.570687 0.100000 0.162547
v 0.564805 0.100000 0.182690
v 0.561215 0.100000 0.204534
v 0.560000 0.100000 0.228000
v 0.561311 0.100000 0.249227
v 0.565153 0.100000 0.269320
v 0.571391 0.100000 0.288141
v 0.579889 0.100000 0.305556
v 0.590512 0.100000 0.321429
v 0.603125 0.100000 0.335625
v 0.617592 0.100000 0.348009
v 0.633778 0.100000 0.358444
v 0.651547 0.100000 0.366797
v 0.670764 0.100000 0.372931
v 0.691293 0.100000 0.376710
v 0.713000 0.100000 0.378000
v 0.733499 0.100000 0.376711
v 0.752908 0.100000 0.372935
v 0.771094 0.100000 0.366813
v 0.787926 0.100000 0.358482
v 0.803272 0.100000 0.348081
v 0.817000 0.100000 0.335750
v 0.828978 0.100000 0.321627
v 0.839074 0.100000 0.305852
v 0.847156 0.100000 0.288563
v 0.853093 0.100000 0.269898
v 0.856751 0.100000 0.249998
v 0.858000 0.100000 0.229000
v 1.083000 0.100000 0.380000
v 1.074723 0.100000 0.371445
v 1.067366 0.100000 0.363227
v 1.060891 0.100000 0.355266
v 1.055259 0.100000 0.347482
v 1.050434 0.100000 0.339795
v 1.046375 0.100000 0.332125
v 1.043046 0.100000 0.324393
v 1.040407 0.100000 0.316519
v 1.038422 0.100000 0.308422
v 1.037051 0.100000 0.300023
v 1.036256 0.100000 0.291242
v 1.036000 0.100000 0.282000
v 1.036425 0.100000 0.272641
v 1.037653 0.100000 0.263130
v 1.039609 0.100000 0.253562
v 1.042222 0.100000 0.244037
v 1.045419 0.100000 0.234650
v 1.049125 0.100000 0.225500
v 1.053269 0.100000 0.216683
v 1.057778 0.100000 0.208296
v 1.062578 0.100000 0.200438
v 1.067597 0.100000 0.193204
v 1.072762 0.100000 0.186692
v 1.078000 0.100000 0.181000
v 1.094185 0.100000 0.166895
v 1.112315 0.100000 0.156162
v 1.131750 0.100000 0.148172
v 1.151852 0.100000 0.142296
v 1.171982 0.100000 0.137907
v 1.191500 0.100000 0.134375
v 1.209769 0.100000 0.131072
v 1.226148 0.100000 0.127370
v 1.240000 0.100000 0.122641
v 1.250685 0.100000 0.116255
v 1.257565 0.100000 0.107584
v 1.260000 0.100000 0.096000
v 1.259023 0.100000 0.089951
v 1.256102 0.100000 0.084273
v 1.251250 0.100000 0.078922
v 1.244482 0.100000 0.073852
v 1.235810 0.100000 0.069018
v 1.225250 0.100000 0.064375
v 1.212815 0.100000 0.059878
v 1.198519 0.100000 0.055481
v 1.182375 0.100000 0.051141
v 1.164398 0.100000 0.046810
v 1.144602 0.100000 0.042445
v 1.123000 0.100000 0.038000
v 1.100276 0.100000 0.032638
v 1.080037 0.100000 0.026102
v 1.062188 0.100000 0.018469
v 1.046630 0.100000 0.009815
v 1.033266 0.100000 0.000216
v 1.022000 0.100000 -0.010250
v 1.012734 0.100000 -0.021508
v 1.005370 0.100000 -0.033481
v 0.999812 0.100000 -0.046094
v 0.995963 0.100000 -0.059269
v 0.993725 0.100000 -0.072929
v 0.993000 0.100000 -0.087000
v 0.994632 0.100000 -0.108510
v 0.999468 0.100000 -0.128495
v 1.007422 0.100000 -0.146891
v 1.018407 0.100000 -0.163630
v 1.032337 0.100000 -0.178646
v 1.049125 0.100000 -0.191875
v 1.068684 0.100000 -0.203249
v 1.090926 0.100000 -0.212704
v 1.115766 0.100000 -0.220172
v 1.143116 0.100000 -0.225588
v 1.172889 0.100000 -0.228886
v 1.205000 0.100000 -0.230000
v 1.234491 0.100000 -0.228833
v 1.262347 0.100000 -0.225412
v 1.288391 0.100000 -0.219859
v 1.312444 0.100000 -0.212296
v 1.334332 0.100000 -0.202844
v 1.353875 0.100000 -0.191625
v 1.370898 0.100000 -0.178760
v 1.385222 0.100000 -0.164370
v 1.396672 0.100000 -0.148578
v 1.405070 0.100000 -0.131505
v 1.410238 0.100000 -0.113271
v 1.412000 0.100000 -0.094000
v 1.411266 0.100000 -0.078058
v 1.409046 0.100000 -0.063218
v 1.405313 0.100000 -0.049453
v 1.400037 0.100000 -0.036741
v 1.393192 0.100000 -0.025056
v 1.384750 0.100000 -0.014375
v 1.374683 0.100000 -0.004673
v 1.362963 0.100000 0.004074
v 1.349563 0.100000 0.011891
v 1.334454 0.100000 0.018801
v 1.317609 0.100000 0.024829
v 1.299000 0.100000 0.030000
v 1.306398 0.100000 0.034731
v 1.313097 0.100000 0.039431
v 1.319109 0.100000 0.044109
v 1.324445 0.100000 0.048778
v 1.329113 0.100000 0.053446
v 1.333125 0.100000 0.058125
v 1.336491 0.100000 0.062825
v 1.339222 0.100000 0.067556
v 1.341328 0.100000 0.072328
v 1.342820 0.100000 0.077153
v 1.343707 0.100000 0.082040
v 1.344000 0.100000 0.087000
v 1.343424 0.100000 0.094160
v 1.341727 0.100000 0.101116
v 1.338953 0.100000 0.107828
v 1.335148 0.100000 0.114259
v 1.330357 0.100000 0.120371
v 1.324625 0.100000 0.126125
v 1.317997 0.100000 0.131483
v 1.310519 0.100000 0.136407
v 1.302234 0.100000 0.140859
v 1.293190 0.100000 0.144801
v 1.283430 0.100000 0.148194
v 1.273000 0.100000 0.151000
v 1.273000 0.100000 0.153000
v 1.281083 0.100000 0.156604
v 1.288833 0.100000 0.160417
v 1.296250 0.100000 0.164437
v 1.303333 0.100000 0.168667
v 1.310083 0.100000 0.173104
v 1.316500 0.100000 0.177750
v 1.322583 0.100000 0.182604
v 1.328333 0.100000 0.187667
v 1.333750 0.100000 0.192937
v 1.338833 0.100000 0.198417
v 1.343583 0.100000 0.204104
v 1.348000 0.100000 0.210000
v 1.351833 0.100000 0.215854
v 1.355333 0.100000 0.221917
v 1.358500 0.100000 0.228188
v 1.361333 0.100000 0.234667
v 1.363833 0.100000 0.241354
v 1.366000 0.100000 0.248250
v 1.367833 0.100000 0.255354
v 1.369333 0.100000 0.262667
v 1.370500 0.100000 0.270187
v 1.371333 0.100000 0.277917
v 1.371833 0.100000 0.285854
v 1.372000 0.100000 0.294000
v 1.370454 0.100000 0.317216
v 1.365884 0.100000 0.338815
v 1.358391 0.100000 0.358719
v 1.348074 0.100000 0.376852
v 1.335035 0.100000 0.393138
v 1.319375 0.100000 0.407500
v 1.301194 0.100000 0.419862
v 1.280593 0.100000 0.430148
v 1.257672 0.100000 0.438281
v 1.232533 0.100000 0.444185
v 1.205275 0.100000 0.447784
v 1.176000 0.100000 0.449000
v 0.991000 0.100000 0.449000
v 0.991000 0.100000 0.380000
v 1.215045 0.100000 0.371247
v 1.226607 0.100000 0.369056
v 1.237578 0.100000 0.365531
v 1.247852 0.100000 0.360778
v 1.257320 0.100000 0.354899
v 1.265875 0.100000 0.348000
v 1.273409 0.100000 0.340184
v 1.279815 0.100000 0.331556
v 1.284984 0.100000 0.322219
v 1.288810 0.100000 0.312278
v 1.291185 0.100000 0.301837
v 1.292000 0.100000 0.291000
v 1.291260 0.100000 0.279093
v 1.289083 0.100000 0.267912
v 1.285531 0.100000 0.257516
v 1.280667 0.100000 0.247963
v 1.274552 0.100000 0.239313
v 1.267250 0.100000 0.231625
v 1.258823 0.100000 0.224958
v 1.249333 0.100000 0.219370
v 1.238844 0.100000 0.214922
v 1.227417 0.100000 0.211671
v 1.215115 0.100000 0.209678
v 1.202000 0.100000 0.209000
v 1.189804 0.100000 0.209717
v 1.178269 0.100000 0.211819
v 1.167469 0.100000 0.215234
v 1.157482 0.100000 0.219889
v 1.148383 0.100000 0.225710
v 1.140250 0.100000 0.232625
v 1.133159 0.100000 0.240561
v 1.127185 0.100000 0.249444
v 1.122406 0.100000 0.259203
v 1.118898 0.100000 0.269764
v 1.116737 0.100000 0.281054
v 1.116000 0.100000 0.293000
v 1.116814 0.100000 0.303587
v 1.119181 0.100000 0.313782
v 1.122985 0.100000 0.323484
v 1.128111 0.100000 0.332593
v 1.134446 0.100000 0.341006
v 1.141875 0.100000 0.348625
v 1.150283 0.100000 0.355348
v 1.159556 0.100000 0.361074
v 1.169578 0.100000 0.365703
v 1.180236 0.100000 0.369134
v 1.191415 0.100000 0.371267
v 1.203000 0.100000 0.372000
v 1.240611 0.100000 -0.022574
v 1.254389 0.100000 -0.024259
v 1.267250 0.100000 -0.027000
v 1.279111 0.100000 -0.030741
v 1.289889 0.100000 -0.035426
v 1.299500 0.100000 -0.041000
v 1.307861 0.100000 -0.047407
v 1.314889 0.100000 -0.054593
v 1.320500 0.100000 -0.062500
v 1.324611 0.100000 -0.071074
v 1.327139 0.100000 -0.080259
v 1.328000 0.100000 -0.090000
v 1.327088 0.100000 -0.100811
v 1.324366 0.100000 -0.110736
v 1.319860 0.100000 -0.119766
v 1.313593 0.100000 -0.127889
v 1.305590 0.100000 -0.135095
v 1.295875 0.100000 -0.141375
v 1.284473 0.100000 -0.146717
v 1.271407 0.100000 -0.151111
v 1.256703 0.100000 -0.154547
v 1.240384 0.100000 -0.157014
v 1.222475 0.100000 -0.158502
v 1.203000 0.100000 -0.159000
v 1.184175 0.100000 -0.158504
v 1.166732 0.100000 -0.157032
v 1.150719 0.100000 -0.154609
v 1.136185 0.100000 -0.151259
v 1.123179 0.100000 -0.147006
v 1.111750 0.100000 -0.141875
v 1.101946 0.100000 -0.135889
v 1.093815 0.100000 -0.129074
v 1.087406 0.100000 -0.121453
v 1.082769 0.100000 -0.113051
v 1.079950 0.100000 -0.103892
v 1.079000 0.100000 -0.094000
v 1.080842 0.100000 -0.080609
v 1.086069 0.100000 -0.068875
v 1.094234 0.100000 -0.058703
v 1.104889 0.100000 -0.050000
v 1.117585 0.100000 -0.042672
v 1.131875 0.100000 -0.036625
v 1.147311 0.100000 -0.031766
v 1.163445 0.100000 -0.028000
v 1.179828 0.100000 -0.025234
v 1.196014 0.100000 -0.023375
v 1.211554 0.100000 -0.022328
v 1.226000 0.100000 -0.022000
v 1.564000 0.100000 0.057000
v 1.573549 0.100000 0.047299
v 1.583644 0.100000 0.038222
v 1.594203 0.100000 0.029812
v 1.605148 0.100000 0.022111
v 1.616399 0.100000 0.015160
v 1.627875 0.100000 0.009000
v 1.639497 0.100000 0.003674
v 1.651185 0.100000 -0.000778
v 1.662859 0.100000 -0.004312
v 1.674440 0.100000 -0.006889
v 1.685847 0.100000 -0.008465
v 1.697000 0.100000 -0.009000
v 1.719166 0.100000 -0.007655
v 1.740079 0.100000 -0.003657
v 1.759609 0.100000 0.002938
v 1.777630 0.100000 0.012074
v 1.794011 0.100000 0.023697
v 1.808625 0.100000 0.037750
v 1.821343 0.100000 0.054178
v 1.832037 0.100000 0.072926
v 1.840578 0.100000 0.093938
v 1.846838 0.100000 0.117157
v 1.850688 0.100000 0.142530
v 1.852000 0.100000 0.170000
v 1.852000 0.100000 0.449000
v 1.763000 0.100000 0.449000
v 1.763000 0.100000 0.164000
v 1.762355 0.100000 0.148818
v 1.760421 0.100000 0.134792
v 1.757203 0.100000 0.121953
v 1.752704 0.100000 0.110333
v 1.746927 0.100000 0.099964
v 1.739875 0.100000 0.090875
v 1.731553 0.100000 0.083099
v 1.721963 0.100000 0.076667
v 1.711109 0.100000 0.071609
v 1.698995 0.100000 0.067958
v 1.685624 0.100000 0.065745
v 1.671000 0.100000 0.065000
v 1.661046 0.100000 0.065457
v 1.651199 0.100000 0.066819
v 1.641484 0.100000 0.069078
v 1.631926 0.100000 0.072222
v 1.622548 0.100000 0.076241
v 1.613375 0.100000 0.081125
v 1.604431 0.100000 0.086863
v 1.595741 0.100000 0.093444
v 1.587328 0.100000 0.100859
v 1.579218 0.100000 0.109097
v 1.571434 0.100000 0.118148
v 1.564000 0.100000 0.128000
v 1.564000 0.100000 0.449000
v 1.475000 0.100000 0.449000
v 1.475000 0.100000 0.000000
v 1.564000 0.100000 0.000000
v 1.985454 0.100000 0.544951
v 1.999796 0.100000 0.556357
v 2.014000 0.100000 0.566297
v 2.028037 0.100000 0.574852
v 2.041880 0.100000 0.582101
v 2.055500 0.100000 0.588125
v 2.068871 0.100000 0.593003
v 2.081963 0.100000 0.596815
v 2.094750 0.100000 0.599641
v 2.107204 0.100000 0.601560
v 2.119296 0.100000 0.602653
v 2.131000 0.100000 0.603000
v 2.146359 0.100000 0.602323
v 2.160875 0.100000 0.600333
v 2.174453 0.100000 0.597094
v 2.187000 0.100000 0.592667
v 2.198422 0.100000 0.587115
v 2.208625 0.100000 0.580500
v 2.217516 0.100000 0.572885
v 2.225000 0.100000 0.564333
v 2.230984 0.100000 0.554906
v 2.235375 0.100000 0.544667
v 2.238078 0.100000 0.533677
v 2.239000 0.100000 0.522000
v 2.233196 0.100000 0.491817
v 2.217148 0.100000 0.465954
v 2.192906 0.100000 0.443187
v 2.162519 0.100000 0.422296
v 2.128034 0.100000 0.402058
v 2.091500 0.100000 0.381250
v 2.054966 0.100000 0.358650
v 2.020482 0.100000 0.333037
v 1.990094 0.100000 0.303187
v 1.965852 0.100000 0.267880
v 1.949805 0.100000 0.225891
v 1.944000 0.100000 0.176000
v 1.945657 0.100000 0.149883
v 1.950509 0.100000 0.125144
v 1.958375 0.100000 0.101953
v 1.969074 0.100000 0.080481
v 1.982426 0.100000 0.060899
v 1.998250 0.100000 0.043375
v 2.016366 0.100000 0.028080
v 2.036593 0.100000 0.015185
v 2.058750 0.100000 0.004859
v 2.082658 0.100000 -0.002727
v 2.108134 0.100000 -0.007403
v 2.135000 0.100000 -0.009000
v 2.153215 0.100000 -0.008582
v 2.170884 0.100000 -0.007319
v 2.188047 0.100000 -0.005203
v 2.204741 0.100000 -0.002222
v 2.221004 0.100000 0.001634
v 2.236875 0.100000 0.006375
v 2.252392 0.100000 0.012012
v 2.267593 0.100000 0.018556
v 2.282516 0.100000 0.026016
v 2.297199 0.100000 0.034403
v 2.311681 0.100000 0.043727
v 2.326000 0.100000 0.054000
v 2.326000 0.100000 0.178000
v 2.313235 0.100000 0.162608
v 2.299958 0.100000 0.148444
v 2.286203 0.100000 0.135531
v 2.272000 0.100000 0.123889
v 2.257380 0.100000 0.113538
v 2.242375 0.100000 0.104500
v 2.227016 0.100000 0.096795
v 2.211334 0.100000 0.090444
v 2.195359 0.100000 0.085469
v 2.179125 0.100000 0.081889
v 2.162662 0.100000 0.079726
v 2.146000 0.100000 0.079000
v 2.127851 0.100000 0.079966
v 2.111389 0.100000 0.082731
v 2.096594 0.100000 0.087094
v 2.083445 0.100000 0.092852
v 2.071920 0.100000 0.099804
v 2.062000 0.100000 0.107750
v 2.053663 0.100000 0.116487
v 2.046889 0.100000 0.125815
v 2.041656 0.100000 0.135531
v 2.037945 0.100000 0.145435
v 2.035733 0.100000 0.155325
v 2.035000 0.100000 0.165000
v 2.040805 0.100000 0.197817
v 2.056852 0.100000 0.226454
v 2.081094 0.100000 0.251937
v 2.111482 0.100000 0.275296
v 2.145967 0.100000 0.297558
v 2.182500 0.100000 0.319750
v 2.219034 0.100000 0.342900
v 2.253519 0.100000 0.368037
v 2.283906 0.100000 0.396187
v 2.308148 0.100000 0.428380
v 2.324196 0.100000 0.465641
v 2.330000 0.100000 0.509000
v 2.328314 0.100000 0.535899
v 2.323347 0.100000 0.561023
v 2.315234 0.100000 0.584266
v 2.304111 0.100000 0.605519
v 2.290113 0.100000 0.624674
v 2.273375 0.100000 0.641625
v 2.254033 0.100000 0.656263
v 2.232222 0.100000 0.668482
v 2.208078 0.100000 0.678172
v 2.181736 0.100000 0.685227
v 2.153332 0.100000 0.689539
v 2.123000 0.100000 0.691000
v 2.110003 0.100000 0.690667
v 2.097019 0.100000 0.689667
v 2.084063 0.100000 0.688000
v 2.071148 0.100000 0.685667
v 2.058290 0.100000 0.682667
v 2.045500 0.100000 0.679000
v 2.032794 0.100000 0.674667
v 2.020185 0.100000 0.669667
v 2.007688 0.100000 0.664000
v 1.995315 0.100000 0.657667
v 1.983081 0.100000 0.650667
v 1.971000 0.100000 0.643000
v 1.971000 0.100000 0.532000
v -2.136000 -0.100000 0.390000
v -2.144824 -0.100000 0.400371
v -2.154259 -0.100000 0.409968
v -2.164250 -0.100000 0.418766
v -2.174741 -0.100000 0.426741
v -2.185676 -0.100000 0.433869
v -2.197000 -0.100000 0.440125
v -2.208657 -0.100000 0.445486
v -2.220592 -0.100000 0.449926
v -2.232750 -0.100000 0.453422
v -2.245074 -0.100000 0.455949
v -2.257509 -0.100000 0.457483
v -2.270000 -0.100000 0.458000
v -2.290866 -0.100000 0.456788
v -2.310847 -0.100000 0.453134
v -2.329766 -0.100000 0.447016
v -2.347444 -0.100000 0.438407
v -2.363706 -0.100000 0.427285
v -2.378375 -0.100000 0.413625
v -2.391272 -0.100000 0.397402
v -2.402222 -0.100000 0.378593
v -2.411047 -0.100000 0.357172
v -2.417569 -0.100000 0.333116
v -2.421613 -0.100000 0.306400
v -2.423000 -0.100000 0.277000
v -2.423000 -0.100000 0.000000
v -2.334000 -0.100000 0.000000
v -2.334000 -0.100000 0.278000
v -2.333300 -0.100000 0.294009
v -2.331232 -0.100000 0.308991
v -2.327844 -0.100000 0.322875
v -2.323185 -0.100000 0.335593
v -2.317304 -0.100000 0.347074
v -2.310250 -0.100000 0.357250
v -2.302071 -0.100000 0.366051
v -2.292815 -0.100000 0.373407
v -2.282531 -0.100000 0.379250
v -2.271269 -0.100000 0.383509
v -2.259075 -0.100000 0.386116
v -2.246000 -0.100000 0.387000
v -2.236406 -0.100000 0.386619
v -2.227079 -0.100000 0.385449
v -2.217953 -0.100000 0.383453
v -2.208963 -0.100000 0.380593
v -2.200042 -0.100000 0.376829
v -2.191125 -0.100000 0.372125
v -2.182145 -0.100000 0.366442
v -2.173037 -0.100000 0.359741
v -2.163734 -0.100000 0.351984
v -2.154171 -0.100000 0.343134
v -2.144282 -0.100000 0.333152
v -2.134000 -0.100000 0.322000
v -2.134000 -0.100000 0.000000
v -2.045000 -0.100000 0.000000
v -2.045000 -0.100000 0.449000
v -2.134000 -0.100000 0.449000
v -2.134000 -0.100000 0.390000
v -1.958230 -0.100000 0.019639
v -1.949338 -0.100000 0.014032
v -1.941203 -0.100000 0.009141
v -1.933704 -0.100000 0.004926
v -1.926718 -0.100000 0.001350
v -1.920125 -0.100000 -0.001625
v -1.913803 -0.100000 -0.004038
v -1.907630 -0.100000 -0.005926
v -1.901484 -0.100000 -0.007328
v -1.895245 -0.100000 -0.008282
v -1.888791 -0.100000 -0.008827
v -1.882000 -0.100000 -0.009000
v -1.872622 -0.100000 -0.008706
v -1.863977 -0.100000 -0.007815
v -1.856047 -0.100000 -0.006313
v -1.848815 -0.100000 -0.004185
v -1.842263 -0.100000 -0.001419
v -1.836375 -0.100000 0.002000
v -1.831133 -0.100000 0.006086
v -1.826519 -0.100000 0.010852
v -1.822516 -0.100000 0.016312
v -1.819106 -0.100000 0.022481
v -1.816273 -0.100000 0.029373
v -1.814000 -0.100000 0.037000
v -1.804210 -0.100000 0.029583
v -1.794343 -0.100000 0.022829
v -1.784407 -0.100000 0.016734
v -1.774408 -0.100000 0.011296
v -1.764354 -0.100000 0.006511
v -1.754250 -0.100000 0.002375
v -1.744106 -0.100000 -0.001115
v -1.733926 -0.100000 -0.003963
v -1.723719 -0.100000 -0.006172
v -1.713491 -0.100000 -0.007745
v -1.703249 -0.100000 -0.008687
v -1.693000 -0.100000 -0.009000
v -1.676972 -0.100000 -0.007943
v -1.661936 -0.100000 -0.004880
v -1.647969 -0.100000 0.000031
v -1.635148 -0.100000 0.006630
v -1.623550 -0.100000 0.014756
v -1.613250 -0.100000 0.024250
v -1.604325 -0.100000 0.034953
v -1.596852 -0.100000 0.046704
v -1.590906 -0.100000 0.059344
v -1.586565 -0.100000 0.072713
v -1.583904 -0.100000 0.086652
v -1.583000 -0.100000 0.101000
v -1.584636 -0.100000 0.121994
v -1.589334 -0.100000 0.140616
v -1.596781 -0.100000 0.157078
v -1.606667 -0.100000 0.171593
v -1.618677 -0.100000 0.184371
v -1.632500 -0.100000 0.195625
v -1.647823 -0.100000 0.205567
v -1.664333 -0.100000 0.214407
v -1.681719 -0.100000 0.222359
v -1.699666 -0.100000 0.229634
v -1.717864 -0.100000 0.236444
v -1.736000 -0.100000 0.243000
v -1.815000 -0.100000 0.271000
v -1.815000 -0.100000 0.295000
v -1.814438 -0.100000 0.308318
v -1.812750 -0.100000 0.320296
v -1.809938 -0.100000 0.330969
v -1.806000 -0.100000 0.340370
v -1.800937 -0.100000 0.348536
v -1.794750 -0.100000 0.355500
v -1.787438 -0.100000 0.361297
v -1.779000 -0.100000 0.365963
v -1.769438 -0.100000 0.369531
v -1.758750 -0.100000 0.372037
v -1.746938 -0.100000 0.373515
v -1.734000 -0.100000 0.374000
v -1.721733 -0.100000 0.373518
v -1.709453 -0.100000 0.372060
v -1.697187 -0.100000 0.369609
v -1.684963 -0.100000 0.366148
v -1.672807 -0.100000 0.361659
v -1.660750 -0.100000 0.356125
v -1.648817 -0.100000 0.349528
v -1.637037 -0.100000 0.341852
v -1.625437 -0.100000 0.333078
v -1.614046 -0.100000 0.323190
v -1.602891 -0.100000 0.312170
v -1.592000 -0.100000 0.300000
v -1.592000 -0.100000 0.397000
v -1.601043 -0.100000 0.406813
v -1.610676 -0.100000 0.415755
v -1.620906 -0.100000 0.423828
v -1.631741 -0.100000 0.431037
v -1.643186 -0.100000 0.437385
v -1.655250 -0.100000 0.442875
v -1.667938 -0.100000 0.447511
v -1.681259 -0.100000 0.451296
v -1.695218 -0.100000 0.454234
v -1.709824 -0.100000 0.456329
v -1.725082 -0.100000 0.457583
v -1.741000 -0.100000 0.458000
v -1.763324 -0.100000 0.457036
v -1.784672 -0.100000 0.454120
v -1.804859 -0.100000 0.449219
v -1.823704 -0.100000 0.442296
v -1.841020 -0.100000 0.433318
v -1.856625 -0.100000 0.422250
v -1.870334 -0.100000 0.409057
v -1.881963 -0.100000 0.393704
v -1.891328 -0.100000 0.376156
v -1.898246 -0.100000 0.356380
v -1.902531 -0.100000 0.334339
v -1.904000 -0.100000 0.310000
v -1.904000 -0.100000 0.079000
v -1.904124 -0.100000 0.074976
v -1.904495 -0.100000 0.071394
v -1.905110 -0.100000 0.068234
v -1.905963 -0.100000 0.065481
v -1.907053 -0.100000 0.063117
v -1.908375 -0.100000 0.061125
v -1.909927 -0.100000 0.059487
v -1.911704 -0.100000 0.058185
v -1.913703 -0.100000 0.057203
v -1.915921 -0.100000 0.056523
v -1.918355 -0.100000 0.056128
v -1.921000 -0.100000 0.056000
v -1.923434 -0.100000 0.056186
v -1.926218 -0.100000 0.056736
v -1.929328 -0.100000 0.057641
v -1.932741 -0.100000 0.058889
v -1.936431 -0.100000 0.060470
v -1.940375 -0.100000 0.062375
v -1.944548 -0.100000 0.064592
v -1.948926 -0.100000 0.067111
v -1.953484 -0.100000 0.069922
v -1.958199 -0.100000 0.073014
v -1.963046 -0.100000 0.076377
v -1.968000 -0.100000 0.080000
v -1.968000 -0.100000 0.026000
v -1.796241 -0.100000 0.215484
v -1.778093 -0.100000 0.208875
v -1.760750 -0.100000 0.202078
v -1.744407 -0.100000 0.195000
v -1.729259 -0.100000 0.187547
v -1.715500 -0.100000 0.179625
v -1.703324 -0.100000 0.171141
v -1.692926 -0.100000 0.162000
v -1.684500 -0.100000 0.152109
v -1.678241 -0.100000 0.141375
v -1.674343 -0.100000 0.129703
v -1.673000 -0.100000 0.117000
v -1.673553 -0.100000 0.107988
v -1.675172 -0.100000 0.099486
v -1.677797 -0.100000 0.091547
v -1.681370 -0.100000 0.084222
v -1.685833 -0.100000 0.077564
v -1.691125 -0.100000 0.071625
v -1.697188 -0.100000 0.066457
v -1.703963 -0.100000 0.062111
v -1.711391 -0.100000 0.058641
v -1.719412 -0.100000 0.056097
v -1.727968 -0.100000 0.054533
v -1.737000 -0.100000 0.054000
v -1.743958 -0.100000 0.054289
v -1.750833 -0.100000 0.055144
v -1.757625 -0.100000 0.056547
v -1.764333 -0.100000 0.058481
v -1.770958 -0.100000 0.060930
v -1.777500 -0.100000 0.063875
v -1.783958 -0.100000 0.067299
v -1.790333 -0.100000 0.071185
v -1.796625 -0.100000 0.075516
v -1.802833 -0.100000 0.080273
v -1.808958 -0.100000 0.085440
v -1.815000 -0.100000 0.091000
v -1.815000 -0.100000 0.222000
v -1.387000 -0.100000 0.000000
v -1.387000 -0.100000 0.531000
v -1.385000 -0.100000 0.531000
v -1.175000 -0.100000 0.267000
v -1.159000 -0.100000 0.267000
v -0.949000 -0.100000 0.531000
v -0.947000 -0.100000 0.531000
v -0.947000 -0.100000 0.000000
v -0.849000 -0.100000 0.000000
v -0.849000 -0.100000 0.682000
v -0.941000 -0.100000 0.682000
v -1.167000 -0.100000 0.402000
v -1.394000 -0.100000 0.682000
v -1.485000 -0.100000 0.682000
v -1.485000 -0.100000 0.000000
v -0.737969 -0.100000 0.194487
v -0.732000 -0.100000 0.162065
v -0.722281 -0.100000 0.131906
v -0.709000 -0.100000 0.104185
v -0.692344 -0.100000 0.079075
v -0.672500 -0.100000 0.056750
v -0.649656 -0.100000 0.037383
v -0.624000 -0.100000 0.021148
v -0.595719 -0.100000 0.008219
v -0.565000 -0.100000 -0.001231
v -0.532031 -0.100000 -0.007029
v -0.497000 -0.100000 -0.009000
v -0.463347 -0.100000 -0.006953
v -0.431528 -0.100000 -0.000954
v -0.401750 -0.100000 0.008781
v -0.374222 -0.100000 0.022037
v -0.349153 -0.100000 0.038598
v -0.326750 -0.100000 0.058250
v -0.307222 -0.100000 0.080777
v -0.290778 -0.100000 0.105963
v -0.277625 -0.100000 0.133594
v -0.267972 -0.100000 0.163454
v -0.262028 -0.100000 0.195328
v -0.260000 -0.100000 0.229000
v -0.262104 -0.100000 0.260605
v -0.268250 -0.100000 0.290755
v -0.278187 -0.100000 0.319203
v -0.291667 -0.100000 0.345704
v -0.308437 -0.100000 0.370010
v -0.328250 -0.100000 0.391875
v -0.350854 -0.100000 0.411053
v -0.376000 -0.100000 0.427296
v -0.403437 -0.100000 0.440359
v -0.432917 -0.100000 0.449995
v -0.464187 -0.100000 0.455958
v -0.497000 -0.100000 0.458000
v -0.531402 -0.100000 0.456034
v -0.563959 -0.100000 0.450273
v -0.594454 -0.100000 0.440922
v -0.622667 -0.100000 0.428185
v -0.648381 -0.100000 0.412268
v -0.671375 -0.100000 0.393375
v -0.691432 -0.100000 0.371711
v -0.708333 -0.100000 0.347482
v -0.721859 -0.100000 0.320891
v -0.731792 -0.100000 0.292144
v -0.737911 -0.100000 0.261445
v -0.740000 -0.100000 0.229000
v -0.352211 -0.100000 0.205935
v -0.355768 -0.100000 0.184310
v -0.361562 -0.100000 0.164234
v -0.369482 -0.100000 0.145815
v -0.379414 -0.100000 0.129159
v -0.391250 -0.100000 0.114375
v -0.404877 -0.100000 0.101570
v -0.420185 -0.100000 0.090852
v -0.437063 -0.100000 0.082328
v -0.455398 -0.100000 0.076106
v -0.475081 -0.100000 0.072295
v -0.496000 -0.100000 0.071000
v -0.518757 -0.100000 0.072237
v -0.539972 -0.100000 0.075894
v -0.559563 -0.100000 0.081891
v -0.577445 -0.100000 0.090148
v -0.593535 -0.100000 0.100586
v -0.607750 -0.100000 0.113125
v -0.620007 -0.100000 0.127685
v -0.630222 -0.100000 0.144185
v -0.638312 -0.100000 0.162547
v -0.644194 -0.100000 0.182690
v -0.647785 -0.100000 0.204534
v -0.649000 -0.100000 0.228000
v -0.647689 -0.100000 0.249227
v -0.643847 -0.100000 0.269320
v -0.637609 -0.100000 0.288141
v -0.629111 -0.100000 0.305556
v -0.618488 -0.100000 0.321429
v -0.605875 -0.100000 0.335625
v -0.591408 -0.100000 0.348009
v -0.575222 -0.100000 0.358444
v -0.557453 -0.100000 0.366797
v -0.538236 -0.100000 0.372931
v -0.517707 -0.100000 0.376710
v -0.496000 -0.100000 0.378000
v -0.475501 -0.100000 0.376711
v -0.456092 -0.100000 0.372935
v -0.437906 -0.100000 0.366813
v -0.421074 -0.100000 0.358482
v -0.405728 -0.100000 0.348081
v -0.392000 -0.100000 0.335750
v -0.380022 -0.100000 0.321627
v -0.369926 -0.100000 0.305852
v -0.361844 -0.100000 0.288563
v -0.355907 -0.100000 0.269898
v -0.352249 -0.100000 0.249998
v -0.351000 -0.100000 0.229000
v 0.193000 -0.100000 -0.230000
v 0.040000 -0.100000 0.096000
v 0.214000 -0.100000 0.449000
v 0.113000 -0.100000 0.449000
v -0.008000 -0.100000 0.196000
v -0.124000 -0.100000 0.449000
v -0.224000 -0.100000 0.449000
v 0.094000 -0.100000 -0.230000
v 0.330135 -0.100000 0.532489
v 0.336995 -0.100000 0.533912
v 0.343516 -0.100000 0.536203
v 0.349630 -0.100000 0.539296
v 0.355271 -0.100000 0.543126
v 0.360375 -0.100000 0.547625
v 0.364874 -0.100000 0.552729
v 0.368704 -0.100000 0.558370
v 0.371797 -0.100000 0.564484
v 0.374088 -0.100000 0.571005
v 0.375511 -0.100000 0.577865
v 0.376000 -0.100000 0.585000
v 0.375511 -0.100000 0.592135
v 0.374088 -0.100000 0.598995
v 0.371797 -0.100000 0.605516
v 0.368704 -0.100000 0.611630
v 0.364874 -0.100000 0.617271
v 0.360375 -0.100000 0.622375
v 0.355271 -0.100000 0.626874
v 0.349630 -0.100000 0.630704
v 0.343516 -0.100000 0.633797
v 0.336995 -0.100000 0.636088
v 0.330135 -0.100000 0.637511
v 0.323000 -0.100000 0.638000
v 0.315865 -0.100000 0.637511
v 0.309005 -0.100000 0.636088
v 0.302484 -0.100000 0.633797
v 0.296370 -0.100000 0.630704
v 0.290729 -0.100000 0.626875
v 0.285625 -0.100000 0.622375
v 0.281126 -0.100000 0.617271
v 0.277296 -0.100000 0.611630
v 0.274203 -0.100000 0.605516
v 0.271912 -0.100000 0.598995
v 0.270489 -0.100000 0.592135
v 0.270000 -0.100000 0.585000
v 0.270489 -0.100000 0.577865
v 0.271912 -0.100000 0.571005
v 0.274203 -0.100000 0.564484
v 0.277296 -0.100000 0.558370
v 0.281126 -0.100000 0.552729
v 0.285625 -0.100000 0.547625
v 0.290729 -0.100000 0.543126
v 0.296370 -0.100000 0.539296
v 0.302484 -0.100000 0.536203
v 0.309005 -0.100000 0.533912
v 0.315865 -0.100000 0.532489
v 0.323000 -0.100000 0.532000
v 0.368000 -0.100000 0.000000
v 0.368000 -0.100000 0.449000
v 0.279000 -0.100000 0.449000
v 0.279000 -0.100000 0.000000
v 0.471031 -0.100000 0.194487
v 0.477000 -0.100000 0.162065
v 0.486719 -0.100000 0.131906
v 0.500000 -0.100000 0.104185
v 0.516656 -0.100000 0.079075
v 0.536500 -0.100000 0.056750
v 0.559344 -0.100000 0.037383
v 0.585000 -0.100000 0.021148
v 0.613281 -0.100000 0.008219
v 0.644000 -0.100000 -0.001231
v 0.676969 -0.100000 -0.007029
v 0.712000 -0.100000 -0.009000
v 0.745653 -0.100000 -0.006953
v 0.777472 -0.100000 -0.000954
v 0.807250 -0.100000 0.008781
v 0.834778 -0.100000 0.022037
v 0.859847 -0.100000 0.038598
v 0.882250 -0.100000 0.058250
v 0.901778 -0.100000 0.080777
v 0.918222 -0.100000 0.105963
v 0.931375 -0.100000 0.133594
v 0.941028 -0.100000 0.163454
v 0.946972 -0.100000 0.195328
v 0.949000 -0.100000 0.229000
v 0.946896 -0.100000 0.260605
v 0.940750 -0.100000 0.290755
v 0.930812 -0.100000 0.319203
v 0.917333 -0.100000 0.345704
v 0.900562 -0.100000 0.370010
v 0.880750 -0.100000 0.391875
v 0.858146 -0.100000 0.411053
v 0.833000 -0.100000 0.427296
v 0.805562 -0.100000 0.440359
v 0.776083 -0.100000 0.449995
v 0.744812 -0.100000 0.455958
v 0.712000 -0.100000 0.458000
v 0.677599 -0.100000 0.456034
v 0.645042 -0.100000 0.450273
v 0.614547 -0.100000 0.440922
v 0.586333 -0.100000 0.428185
v 0.560620 -0.100000 0.412268
v 0.537625 -0.100000 0.393375
v 0.517568 -0.100000 0.371711
v 0.500667 -0.100000 0.347482
v 0.487141 -0.100000 0.320891
v 0.477208 -0.100000 0.292144
v 0.471089 -0.100000 0.261445
v 0.469000 -0.100000 0.229000
v 0.856789 -0.100000 0.205935
v 0.853232 -0.100000 0.184310
v 0.847438 -0.100000 0.164234
v 0.839519 -0.100000 0.145815
v 0.829586 -0.100000 0.129159
v 0.817750 -0.100000 0.114375
v 0.804123 -0.100000 0.101570
v 0.788815 -0.100000 0.090852
v 0.771938 -0.100000 0.082328
v 0.753602 -0.100000 0.076106
v 0.733919 -0.100000 0.072295
v 0.713000 -0.100000 0.071000
v 0.690243 -0.100000 0.072237
v 0.669028 -0.100000 0.075894
v 0.649437 -0.100000 0.081891
v 0.631555 -0.100000 0.090148
v 0.615465 -0.100000 0.100586
v 0.601250 -0.100000 0.113125
v 0.588993 -0.100000 0.127685
v 0.578778 -0.100000 0.144185
v 0.570687 -0.100000 0.162547
v 0.564805 -0.100000 0.182690
v 0.561215 -0.100000 0.204534
v 0.560000 -0.100000 0.228000
v 0.561311 -0.100000 0.249227
v 0.565153 -0.100000 0.269320
v 0.571391 -0.100000 0.288141
v 0.579889 -0.100000 0.305556
v 0.590512 -0.100000 0.321429
v 0.603125 -0.100000 0.335625
v 0.617592 -0.100000 0.348009
v 0.633778 -0.100000 0.358444
v 0.651547 -0.100000 0.366797
v 0.670764 -0.100000 0.372931
v 0.691293 -0.100000 0.376710
v 0.713000 -0.100000 0.378000
v 0.733499 -0.100000 0.376711
v 0.752908 -0.100000 0.372935
v 0.771094 -0.100000 0.366813
v 0.787926 -0.100000 0.358482
v 0.803272 -0.100000 0.348081
v 0.817000 -0.100000 0.335750
v 0.828978 -0.100000 0.321627
v 0.839074 -0.100000 0.305852
v 0.847156 -0.100000 0.288563
v 0.853093 -0.100000 0.269898
v 0.856751 -0.100000 0.249998
v 0.858000 -0.100000 0.229000
v 1.083000 -0.100000 0.380000
v 1.074723 -0.100000 0.371445
v 1.067366 -0.100000 0.363227
v 1.060891 -0.100000 0.355266
v 1.055259 -0.100000 0.347482
v 1.050434 -0.100000 0.339795
v 1.046375 -0.100000 0.332125
v 1.043046 -0.100000 0.324393
v 1.040407 -0.100000 0.316519
v 1.038422 -0.100000 0.308422
v 1.037051 -0.100000 0.300023
v 1.036256 -0.100000 0.291242
v 1.036000 -0.100000 0.282000
v 1.036425 -0.100000 0.272641
v 1.037653 -0.100000 0.263130
v 1.039609 -0.100000 0.253562
v 1.042222 -0.100000 0.244037
v 1.045419 -0.100000 0.234650
v 1.049125 -0.100000 0.225500
v 1.053269 -0.100000 0.216683
v 1.057778 -0.100000 0.208296
v 1.062578 -0.100000 0.200438
v 1.067597 -0.100000 0.193204
v 1.072762 -0.100000 0.186692
v 1.078000 -0.100000 0.181000
v 1.094185 -0.100000 0.166895
v 1.112315 -0.100000 0.156162
v 1.131750 -0.100000 0.148172
v 1.151852 -0.100000 0.142296
v 1.171982 -0.100000 0.137907
v 1.191500 -0.100000 0.134375
v 1.209769 -0.100000 0.131072
v 1.226148 -0.100000 0.127370
v 1.240000 -0.100000 0.122641
v 1.250685 -0.100000 0.116255
v 1.257565 -0.100000 0.107584
v 1.260000 -0.100000 0.096000
v 1.259023 -0.100000 0.089951
v 1.256102 -0.100000 0.084273
v 1.251250 -0.100000 0.078922
v 1.244482 -0.100000 0.073852
v 1.235810 -0.100000 0.069018
v 1.225250 -0.100000 0.064375
v 1.212815 -0.100000 0.059878
v 1.198519 -0.100000 0.055481
v 1.182375 -0.100000 0.051141
v 1.164398 -0.100000 0.046810
v 1.144602 -0.100000 0.042445
v 1.123000 -0.100000 0.038000
v 1.100276 -0.100000 0.032638
v 1.080037 -0.100000 0.026102
v 1.062188 -0.100000 0.018469
v 1.046630 -0.100000 0.009815
v 1.033266 -0.100000 0.000216
v 1.022000 -0.100000 -0.010250
v 1.012734 -0.100000 -0.021508
v 1.005370 -0.100000 -0.033481
v 0.999812 -0.100000 -0.046094
v 0.995963 -0.100000 -0.059269
v 0.993725 -0.100000 -0.072929
v 0.993000 -0.100000 -0.087000
v 0.994632 -0.100000 -0.108510
v 0.999468 -0.100000 -0.128495
v 1.007422 -0.100000 -0.146891
v 1.018407 -0.100000 -0.163630
v 1.032337 -0.100000 -0.178646
v 1.049125 -0.100000 -0.191875
v 1.068684 -0.100000 -0.203249
v 1.090926 -0.100000 -0.212704
v 1.115766 -0.100000 -0.220172
v 1.143116 -0.100000 -0.225588
v 1.172889 -0.100000 -0.228886
v 1.205000 -0.100000 -0.230000
v 1.234491 -0.100000 -0.228833
v 1.262347 -0.100000 -0.225412
v 1.288391 -0.100000 -0.219859
v 1.312444 -0.100000 -0.212296
v 1.334332 -0.100000 -0.202844
v 1.353875 -0.100000 -0.191625
v 1.370898 -0.100000 -0.178760
v 1.385222 -0.100000 -0.164370
v 1.396672 -0.100000 -0.148578
v 1.405070 -0.100000 -0.131505
v 1.410238 -0.100000 -0.113271
v 1.412000 -0.100000 -0.094000
v 1.411266 -0.100000 -0.078058
v 1.409046 -0.100000 -0.063218
v 1.405313 -0.100000 -0.049453
v 1.400037 -0.100000 -0.036741
v 1.393192 -0.100000 -0.025056
v 1.384750 -0.100000 -0.014375
v 1.374683 -0.100000 -0.004673
v 1.362963 -0.100000 0.004074
v 1.349563 -0.100000 0.011891
v 1.334454 -0.100000 0.018801
v 1.317609 -0.100000 0.024829
v 1.299000 -0.100000 0.030000
v 1.306398 -0.100000 0.034731
v 1.313097 -0.100000 0.039431
v 1.319109 -0.100000 0.044109
v 1.324445 -0.100000 0.048778
v 1.329113 -0.100000 0.053446
v 1.333125 -0.100000 0.058125
v 1.336491 -0.100000 0.062825
v 1.339222 -0.100000 0.067556
v 1.341328 -0.100000 0.072328
v 1.342820 -0.100000 0.077153
v 1.343707 -0.100000 0.082040
v 1.344000 -0.100000 0.087000
v 1.343424 -0.100000 0.094160
v 1.341727 -0.100000 0.101116
v 1.338953 -0.100000 0.107828
v 1.335148 -0.100000 0.114259
v 1.330357 -0.100000 0.120371
v 1.324625 -0.100000 0.126125
v 1.317997 -0.100000 0.131483
v 1.310519 -0.100000 0.136407
v 1.302234 -0.100000 0.140859
v 1.293190 -0.100000 0.144801
v 1.283430 -0.100000 0.148194
v 1.273000 -0.100000 0.151000
v 1.273000 -0.100000 0.153000
v 1.281083 -0.100000 0.156604
v 1.288833 -0.100000 0.160417
v 1.296250 -0.100000 0.164437
v 1.303333 -0.100000 0.168667
v 1.310083 -0.100000 0.173104
v 1.316500 -0.100000 0.177750
v 1.322583 -0.100000 0.182604
v 1.328333 -0.100000 0.187667
v 1.333750 -0.100000 0.192937
v 1.338833 -0.100000 0.198417
v 1.343583 -0.100000 0.204104
v 1.348000 -0.100000 0.210000
v 1.351833 -0.100000 0.215854
v 1.355333 -0.100000 0.221917
v 1.358500 -0.100000 0.228188
v 1.361333 -0.100000 0.234667
v 1.363833 -0.100000 0.241354
v 1.366000 -0.100000 0.248250
v 1.367833 -0.100000 0.255354
v 1.369333 -0.100000 0.262667
v 1.370500 -0.100000 0.270187
v 1.371333 -0.100000 0.277917
v 1.371833 -0.100000 0.285854
v 1.372000 -0.100000 0.294000
v 1.370454 -0.100000 0.317216
v 1.365884 -0.100000 0.338815
v 1.358391 -0.100000 0.358719
v 1.348074 -0.100000 0.376852
v 1.335035 -0.100000 0.393138
v 1.319375 -0.100000 0.407500
v 1.301194 -0.100000 0.419862
v 1.280593 -0.100000 0.430148
v 1.257672 -0.100000 0.438281
v 1.232533 -0.100000 0.444185
v 1.205275 -0.100000 0.447784
v 1.176000 -0.100000 0.449000
v 0.991000 -0.100000 0.449000
v 0.991000 -0.100000 0.380000
v 1.215045 -0.100000 0.371247
v 1.226607 -0.100000 0.369056
v 1.237578 -0.100000 0.365531
v 1.247852 -0.100000 0.360778
v 1.257320 -0.100000 0.354899
v 1.265875 -0.100000 0.348000
v 1.273409 -0.100000 0.340184
v 1.279815 -0.100000 0.331556
v 1.284984 -0.100000 0.322219
v 1.288810 -0.100000 0.312278
v 1.291185 -0.100000 0.301837
v 1.292000 -0.100000 0.291000
v 1.291260 -0.100000 0.279093
v 1.289083 -0.100000 0.267912
v 1.285531 -0.100000 0.257516
v 1.280667 -0.100000 0.247963
v 1.274552 -0.100000 0.239313
v 1.267250 -0.100000 0.231625
v 1.258823 -0.100000 0.224958
v 1.249333 -0.100000 0.219370
v 1.238844 -0.100000 0.214922
v 1.227417 -0.100000 0.211671
v 1.215115 -0.100000 0.209678
v 1.202000 -0.100000 0.209000
v 1.189804 -0.100000 0.209717
v 1.178269 -0.100000 0.211819
v 1.167469 -0.100000 0.215234
v 1.157482 -0.100000 0.219889
v 1.148383 -0.100000 0.225710
v 1.140250 -0.100000 0.232625
v 1.133159 -0.100000 0.240561
v 1.127185 -0.100000 0.249444
v 1.122406 -0.100000 0.259203
v 1.118898 -0.100000 0.269764
v 1.116737 -0.100000 0.281054
v 1.116000 -0.100000 0.293000
v 1.116814 -0.100000 0.303587
v 1.119181 -0.100000 0.313782
v 1.122985 -0.100000 0.323484
v 1.128111 -0.100000 0.332593
v 1.134446 -0.100000 0.341006
v 1.141875 -0.100000 0.348625
v 1.150283 -0.100000 0.355348
v 1.159556 -0.100000 0.361074
v 1.169578 -0.100000 0.365703
v 1.180236 -0.100000 0.369134
v 1.191415 -0.100000 0.371267
v 1.203000 -0.100000 0.372000
v 1.240611 -0.100000 -0.022574
v 1.254389 -0.100000 -0.024259
v 1.267250 -0.100000 -0.027000
v 1.279111 -0.100000 -0.030741
v 1.289889 -0.100000 -0.035426
v 1.299500 -0.100000 -0.041000
v 1.307861 -0.100000 -0.047407
v 1.314889 -0.100000 -0.054593
v 1.320500 -0.100000 -0.062500
v 1.324611 -0.100000 -0.071074
v 1.327139 -0.100000 -0.080259
v 1.328000 -0.100000 -0.090000
v 1.327088 -0.100000 -0.100811
v 1.324366 -0.100000 -0.110736
v 1.319860 -0.100000 -0.119766
v 1.313593 -0.100000 -0.127889
v 1.305590 -0.100000 -0.135095
v 1.295875 -0.100000 -0.141375
v 1.284473 -0.100000 -0.146717
v 1.271407 -0.100000 -0.151111
v 1.256703 -0.100000 -0.154547
v 1.240384 -0.100000 -0.157014
v 1.222475 -0.100000 -0.158502
v 1.203000 -0.100000 -0.159000
v 1.184175 -0.100000 -0.158504
v 1.166732 -0.100000 -0.157032
v 1.150719 -0.100000 -0.154609
v 1.136185 -0.100000 -0.151259
v 1.123179 -0.100000 -0.147006
v 1.111750 -0.100000 -0.141875
v 1.101946 -0.100000 -0.135889
v 1.093815 -0.100000 -0.129074
v 1.087406 -0.100000 -0.121453
v 1.082769 -0.100000 -0.113051
v 1.079950 -0.100000 -0.103892
v 1.079000 -0.100000 -0.094000
v 1.080842 -0.100000 -0.080609
v 1.086069 -0.100000 -0.068875
v 1.094234 -0.100000 -0.058703
v 1.104889 -0.100000 -0.050000
v 1.117585 -0.100000 -0.042672
v 1.131875 -0.100000 -0.036625
v 1.147311 -0.100000 -0.031766
v 1.163445 -0.100000 -0.028000
v 1.179828 -0.100000 -0.025234
v 1.196014 -0.100000 -0.023375
v 1.211554 -0.100000 -0.022328
v 1.226000 -0.100000 -0.022000
v 1.564000 -0.100000 0.057000
v 1.573549 -0.100000 0.047299
v 1.583644 -0.100000 0.038222
v 1.594203 -0.100000 0.029812
v 1.605148 -0.100000 0.022111
v 1.616399 -0.100000 0.015160
v 1.627875 -0.100000 0.009000
v 1.639497 -0.100000 0.003674
v 1.651185 -0.100000 -0.000778
v 1.662859 -0.100000 -0.004312
v 1.674440 -0.100000 -0.006889
v 1.685847 -0.100000 -0.008465
v 1.697000 -0.100000 -0.009000
v 1.719166 -0.100000 -0.007655
v 1.740079 -0.100000 -0.003657
v 1.759609 -0.100000 0.002938
v 1.777630 -0.100000 0.012074
v 1.794011 -0.100000 0.023697
v 1.808625 -0.100000 0.037750
v 1.821343 -0.100000 0.054178
v 1.832037 -0.100000 0.072926
v 1.840578 -0.100000 0.093938
v 1.846838 -0.100000 0.117157
v 1.850688 -0.100000 0.142530
v 1.852000 -0.100000 0.170000
v 1.852000 -0.100000 0.449000
v 1.763000 -0.100000 0.449000
v 1.763000 -0.100000 0.164000
v 1.762355 -0.100000 0.148818
v 1.760421 -0.100000 0.134792
v 1.757203 -0.100000 0.121953
v 1.752704 -0.100000 0.110333
v 1.746927 -0.100000 0.099964
v 1.739875 -0.100000 0.090875
v 1.731553 -0.100000 0.083099
v 1.721963 -0.100000 0.076667
v 1.711109 -0.100000 0.071609
v 1.698995 -0.100000 0.067958
v 1.685624 -0.100000 0.065745
v 1.671000 -0.100000 0.065000
v 1.661046 -0.100000 0.065457
v 1.651199 -0.100000 0.066819
v 1.641484 -0.100000 0.069078
v 1.631926 -0.100000 0.072222
v 1.622548 -0.100000 0.076241
v 1.613375 -0.100000 0.081125
v 1.604431 -0.100000 0.086863
v 1.595741 -0.100000 0.093444
v 1.587328 -0.100000 0.100859
v 1.579218 -0.100000 0.109097
v 1.571434 -0.100000 0.118148
v 1.564000 -0.100000 0.128000
v 1.564000 -0.100000 0.449000
v 1.475000 -0.100000 0.449000
v 1.475000 -0.100000 0.000000
v 1.564000 -0.100000 0.000000
v 1.985454 -0.100000 0.544951
v 1.999796 -0.100000 0.556357
v 2.014000 -0.100000 0.566297
v 2.028037 -0.100000 0.574852
v 2.041880 -0.100000 0.582101
v 2.055500 -0.100000 0.588125
v 2.068871 -0.100000 0.593003
v 2.081963 -0.100000 0.596815
v 2.094750 -0.100000 0.599641
v 2.107204 -0.100000 0.601560
v 2.119296 -0.100000 0.602653
v 2.131000 -0.100000 0.603000
v 2.146359 -0.100000 0.602323
v 2.160875 -0.100000 0.600333
v 2.174453 -0.100000 0.597094
v 2.187000 -0.100000 0.592667
v 2.198422 -0.100000 0.587115
v 2.208625 -0.100000 0.580500
v 2.217516 -0.100000 0.572885
v 2.225000 -0.100000 0.564333
v 2.230984 -0.100000 0.554906
v 2.235375 -0.100000 0.544667
v 2.238078 -0.100000 0.533677
v 2.239000 -0.100000 0.522000
v 2.233196 -0.100000 0.491817
v 2.217148 -0.100000 0.465954
v 2.192906 -0.100000 0.443187
v 2.162519 -0.100000 0.422296
v 2.128034 -0.100000 0.402058
v 2.091500 -0.100000 0.381250
v 2.054966 -0.100000 0.358650
v 2.020482 -0.100000 0.333037
v 1.990094 -0.100000 0.303187
v 1.965852 -0.100000 0.267880
v 1.949805 -0.100000 0.225891
v 1.944000 -0.100000 0.176000
v 1.945657 -0.100000 0.149883
v 1.950509 -0.100000 0.125144
v 1.958375 -0.100000 0.101953
v 1.969074 -0.100000 0.080481
v 1.982426 -0.100000 0.060899
v 1.998250 -0.100000 0.043375
v 2.016366 -0.100000 0.028080
v 2.036593 -0.100000 0.015185
v 2.058750 -0.100000 0.004859
v 2.082658 -0.100000 -0.002727
v 2.108134 -0.100000 -0.007403
v 2.135000 -0.100000 -0.009000
v 2.153215 -0.100000 -0.008582
v 2.170884 -0.100000 -0.007319
v 2.188047 -0.100000 -0.005203
v 2.204741 -0.100000 -0.002222
v 2.221004 -0.100000 0.001634
v 2.236875 -0.100000 0.006375
v 2.252392 -0.100000 0.012012
v 2.267593 -0.100000 0.018556
v 2.282516 -0.100000 0.026016
v 2.297199 -0.100000 0.034403
v 2.311681 -0.100000 0.043727
v 2.326000 -0.100000 0.054000
v 2.326000 -0.100000 0.178000
v 2.313235 -0.100000 0.162608
v 2.299958 -0.100000 0.148444
v 2.286203 -0.100000 0.135531
v 2.272000 -0.100000 0.123889
v 2.257380 -0.100000 0.113538
v 2.242375 -0.100000 0.104500
v 2.227016 -0.100000 0.096795
v 2.211334 -0.100000 0.090444
v 2.195359 -0.100000 0.085469
v 2.179125 -0.100000 0.081889
v 2.162662 -0.100000 0.079726
v 2.146000 -0.100000 0.079000
v 2.127851 -0.100000 0.079966
v 2.111389 -0.100000 0.082731
v 2.096594 -0.100000 0.087094
v 2.083445 -0.100000 0.092852
v 2.071920 -0.100000 0.099804
v 2.062000 -0.100000 0.107750
v 2.053663 -0.100000 0.116487
v 2.046889 -0.100000 0.125815
v 2.041656 -0.100000 0.135531
v 2.037945 -0.100000 0.145435
v 2.035733 -0.100000 0.155325
v 2.035000 -0.100000 0.165000
v 2.040805 -0.100000 0.197817
v 2.056852 -0.100000 0.226454
v 2.081094 -0.100000 0.251937
v 2.111482 -0.100000 0.275296
v 2.145967 -0.100000 0.297558
v 2.182500 -0.100000 0.319750
v 2.219034 -0.100000 0.342900
v 2.253519 -0.100000 0.368037
v 2.283906 -0.100000 0.396187
v 2.308148 -0.100000 0.428380
v 2.324196 -0.100000 0.465641
v 2.330000 -0.100000 0.509000
v 2.328314 -0.100000 0.535899
v 2.323347 -0.100000 0.561023
v 2.315234 -0.100000 0.584266
v 2.304111 -0.100000 0.605519
v 2.290113 -0.100000 0.624674
v 2.273375 -0.100000 0.641625
v 2.254033 -0.100000 0.656263
v 2.232222 -0.100000 0.668482
v 2.208078 -0.100000 0.678172
v 2.181736 -0.100000 0.685227
v 2.153332 -0.100000 0.689539
v 2.123000 -0.100000 0.691000
v 2.110003 -0.100000 0.690667
v 2.097019 -0.100000 0.689667
v 2.084063 -0.100000 0.688000
v 2.071148 -0.100000 0.685667
v 2.058290 -0.100000 0.682667
v 2.045500 -0.100000 0.679000
v 2.032794 -0.100000 0.674667
v 2.020185 -0.100000 0.669667
v 2.007688 -0.100000 0.664000
v 1.995315 -0.100000 0.657667
v 1.983081 -0.100000 0.650667
v 1.971000 -0.100000 0.643000
v 1.971000 -0.100000 0.532000
v 1.985454 -0.100000 0.544951
v 1.985454 0.100000 0.544951
v 1.999796 -0.100000 0.556357
v 1.999796 0.100000 0.556357
v 2.014000 -0.100000 0.566297
v 2.014000 0.100000 0.566297
v 2.028037 -0.100000 0.574852
v 2.028037 0.100000 0.574852
v 2.041880 -0.100000 0.582101
v 2.041880 0.100000 0.582101
v 2.055500 -0.100000 0.588125
v 2.055500 0.100000 0.588125
v 2.068871 -0.100000 0.593003
v 2.068871 0.100000 0.593003
v 2.081963 -0.100000 0.596815
v 2.081963 0.100000 0.596815
v 2.094750 -0.100000 0.599641
v 2.094750 0.100000 0.599641
v 2.107204 -0.100000 0.601560
v 2.107204 0.100000 0.601560
v 2.119296 -0.100000 0.602653
v 2.119296 0.100000 0.602653
v 2.131000 -0.100000 0.603000
v 2.131000 0.100000 0.603000
v 2.146359 -0.100000 0.602323
v 2.146359 0.100000 0.602323
v 2.160875 -0.100000 0.600333
v 2.160875 0.100000 0.600333
v 2.174453 -0.100000 0.597094
v 2.174453 0.100000 0.597094
v 2.187000 -0.100000 0.592667
v 2.187000 0.100000 0.592667
v 2.198422 -0.100000 0.587115
v 2.198422 0.100000 0.587115
v 2.208625 -0.100000 0.580500
v 2.208625 0.100000 0.580500
v 2.217516 -0.100000 0.572885
v 2.217516 0.100000 0.572885
v 2.225000 -0.100000 0.564333
v 2.225000 0.100000 0.564333
v 2.230984 -0.100000 0.554906
v 2.230984 0.100000 0.554906
v 2.235375 -0.100000 0.544667
v 2.235375 0.100000 0.544667
v 2.238078 -0.100000 0.533677
v 2.238078 0.100000 0.533677
v 2.239000 -0.100000 0.522000
v 2.239000 0.100000 0.522000
v 2.233196 -0.100000 0.491817
v 2.233196 0.100000 0.491817
v 2.217148 -0.100000 0.465954
v 2.217148 0.100000 0.465954
v 2.192906 -0.100000 0.443187
v 2.192906 0.100000 0.443187
v 2.162519 -0.100000 0.422296
v 2.162519 0.100000 0.422296
v 2.128034 -0.100000 0.402058
v 2.128034 0.100000 0.402058
v 2.091500 -0.100000 0.381250
v 2.091500 0.100000 0.381250
v 2.054966 -0.100000 0.358650
v 2.054966 0.100000 0.358650
v 2.020482 -0.100000 0.333037
v 2.020482 0.100000 0.333037
v 1.990094 -0.100000 0.303187
v 1.990094 0.100000 0.303187
v 1.965852 -0.100000 0.267880
v 1.965852 0.100000 0.267880
v 1.949805 -0.100000 0.225891
v 1.949805 0.100000 0.225891
v 1.944000 -0.100000 0.176000
v 1.944000 0.100000 0.176000
v 1.945657 -0.100000 0.149883
v 1.945657 0.100000 0.149883
v 1.950509 -0.100000 0.125144
v 1.950509 0.100000 0.125144
v 1.958375 -0.100000 0.101953
v 1.958375 0.100000 0.101953
v 1.969074 -0.100000 0.080481
v 1.969074 0.100000 0.080481
v 1.982426 -0.100000 0.060899
v 1.982426 0.100000 0.060899
v 1.998250 -0.100000 0.043375
v 1.998250 0.100000 0.043375
v 2.016366 -0.100000 0.028080
v 2.016366 0.100000 0.028080
v 2.036593 -0.100000 0.015185
v 2.036593 0.100000 0.015185
v 2.058750 -0.100000 0.004859
v 2.058750 0.100000 0.004859
v 2.082658 -0.100000 -0.002727
v 2.082658 0.100000 -0.002727
v 2.108134 -0.100000 -0.007403
v 2.108134 0.100000 -0.007403
v 2.135000 -0.100000 -0.009000
v 2.135000 0.100000 -0.009000
v 2.153215 -0.100000 -0.008582
v 2.153215 0.100000 -0.008582
v 2.170884 -0.100000 -0.007319
v 2.170884 0.100000 -0.007319
v 2.188047 -0.100000 -0.005203
v 2.188047 0.100000 -0.005203
v 2.204741 -0.100000 -0.002222
v 2.204741 0.100000 -0.002222
v 2.221004 -0.100000 0.001634
v 2.221004 0.100000 0.001634
v 2.236875 -0.100000 0.006375
v 2.236875 0.100000 0.006375
v 2.252392 -0.100000 0.012012
v 2.252392 0.100000 0.012012
v 2.267593 -0.100000 0.018556
v 2.267593 0.100000 0.018556
v 2.282516 -0.100000 0.026016
v 2.282516 0.100000 0.026016
v 2.297199 -0.100000 0.034403
v 2.297199 0.100000 0.034403
v 2.311681 -0.100000 0.043727
v 2.311681 0.100000 0.043727
v 2.326000 -0.100000 0.054000
v 2.326000 0.100000 0.054000
v 2.326000 -0.100000 0.178000
v 2.326000 0.100000 0.178000
v 2.313235 -0.100000 0.162608
v 2.313235 0.100000 0.162608
v 2.299958 -0.100000 0.148444
v 2.299958 0.100000 0.148444
v 2.286203 -0.100000 0.135531
v 2.286203 0.100000 0.135531
v 2.272000 -0.100000 0.123889
v 2.272000 0.100000 0.123889
v 2.257380 -0.100000 0.113538
v 2.257380 0.100000 0.113538
v 2.242375 -0.100000 0.104500
v 2.242375 0.100000 0.104500
v 2.227016 -0.100000 0.096795
v 2.227016 0.100000 0.096795
v 2.211334 -0.100000 0.090444
v 2.211334 0.100000 0.090444
v 2.195359 -0.100000 0.085469
v 2.195359 0.100000 0.085469
v 2.179125 -0.100000 0.081889
v 2.179125 0.100000 0.081889
v 2.162662 -0.100000 0.079726
v 2.162662 0.100000 0.079726
v 2.146000 -0.100000 0.079000
v 2.146000 0.100000 0.079000
v 2.127851 -0.100000 0.079966
v 2.127851 0.100000 0.079966
v 2.111389 -0.100000 0.082731
v 2.111389 0.100000 0.082731
v 2.096594 -0.100000 0.087094
v 2.096594 0.100000 0.087094
v 2.083445 -0.100000 0.092852
v 2.083445 0.100000 0.092852
v 2.071920 -0.100000 0.099804
v 2.071920 0.100000 0.099804
v 2.062000 -0.100000 0.107750
v 2.062000 0.100000 0.107750
v 2.053663 -0.100000 0.116487
v 2.053663 0.100000 0.116487
v 2.046889 -0.100000 0.125815
v 2.046889 0.100000 0.125815
v 2.041656 -0.100000 0.135531
v 2.041656 0.100000 0.135531
v 2.037945 -0.100000 0.145435
v 2.037945 0.100000 0.145435
v 2.035733 -0.100000 0.155325
v 2.035733 0.100000 0.155325
v 2.035000 -0.100000 0.165000
v 2.035000 0.100000 0.165000
v 2.040805 -0.100000 0.197817
v 2.040805 0.100000 0.197817
v 2.056852 -0.100000 0.226454
v 2.056852 0.100000 0.226454
v 2.081094 -0.100000 0.251937
v 2.081094 0.100000 0.251937
v 2.111482 -0.100000 0.275296
v 2.111482 0.100000 0.275296
v 2.145967 -0.100000 0.297558
v 2.145967 0.100000 0.297558
v 2.182500 -0.100000 0.319750
v 2.182500 0.100000 0.319750
v 2.219034 -0.100000 0.342900
v 2.219034 0.100000 0.342900
v 2.253519 -0.100000 0.368037
v 2.253519 0.100000 0.368037
v 2.283906 -0.100000 0.396187
v 2.283906 0.100000 0.396187
v 2.308148 -0.100000 0.428380
v 2.308148 0.100000 0.428380
v 2.324196 -0.100000 0.465641
v 2.324196 0.100000 0.465641
v 2.330000 -0.100000 0.509000
v 2.330000 0.100000 0.509000
v 2.328314 -0.100000 0.535899
v 2.328314 0.100000 0.535899
v 2.323347 -0.100000 0.561023
v 2.323347 0.100000 0.561023
v 2.315234 -0.100000 0.584266
v 2.315234 0.100000 0.584266
v 2.304111 -0.100000 0.605519
v 2.304111 0.100000 0.605519
v 2.290113 -0.100000 0.624674
v 2.290113 0.100000 0.624674
v 2.273375 -0.100000 0.641625
v 2.273375 0.100000 0.641625
v 2.254033 -0.100000 0.656263
v 2.254033 0.100000 0.656263
v 2.232222 -0.100000 0.668482
v 2.232222 0.100000 0.668482
v 2.208078 -0.100000 0.678172
v 2.208078 0.100000 0.678172
v 2.181736 -0.100000 0.685227
v 2.181736 0.100000 0.685227
v 2.153332 -0.100000 0.689539
v 2.153332 0.100000 0.689539
v 2.123000 -0.100000 0.691000
v 2.123000 0.100000 0.691000
v 2.110003 -0.100000 0.690667
v 2.110003 0.100000 0.690667
v 2.097019 -0.100000 0.689667
v 2.097019 0.100000 0.689667
v 2.084063 -0.100000 0.688000
v 2.084063 0.100000 0.688000
v 2.071148 -0.100000 0.685667
v 2.071148 0.100000 0.685667
v 2.058290 -0.100000 0.682667
v 2.058290 0.100000 0.682667
v 2.045500 -0.100000 0.679000
v 2.045500 0.100000 0.679000
v 2.032794 -0.100000 0.674667
v 2.032794 0.100000 0.674667
v 2.020185 -0.100000 0.669667
v 2.020185 0.100000 0.669667
v 2.007688 -0.100000 0.664000
v 2.007688 0.100000 0.664000
v 1.995315 -0.100000 0.657667
v 1.995315 0.100000 0.657667
v 1.983081 -0.100000 0.650667
v 1.983081 0.100000 0.650667
v 1.971000 -0.100000 0.643000
v 1.971000 0.100000 0.643000
v 1.971000 -0.100000 0.532000
v 1.971000 0.100000 0.532000
v 1.564000 -0.100000 0.057000
v 1.564000 0.100000 0.057000
v 1.573549 -0.100000 0.047299
v 1.573549 0.100000 0.047299
v 1.583644 -0.100000 0.038222
v 1.583644 0.100000 0.038222
v 1.594203 -0.100000 0.029812
v 1.594203 0.100000 0.029812
v 1.605148 -0.100000 0.022111
v 1.605148 0.100000 0.022111
v 1.616399 -0.100000 0.015160
v 1.616399 0.100000 0.015160
v 1.627875 -0.100000 0.009000
v 1.627875 0.100000 0.009000
v 1.639497 -0.100000 0.003674
v 1.639497 0.100000 0.003674
v 1.651185 -0.100000 -0.000778
v 1.651185 0.100000 -0.000778
v 1.662859 -0.100000 -0.004312
v 1.662859 0.100000 -0.004312
v 1.674440 -0.100000 -0.006889
v 1.674440 0.100000 -0.006889
v 1.685847 -0.100000 -0.008465
v 1.685847 0.100000 -0.008465
v 1.697000 -0.100000 -0.009000
v 1.697000 0.100000 -0.009000
v 1.719166 -0.100000 -0.007655
v 1.719166 0.100000 -0.007655
v 1.740079 -0.100000 -0.003657
v 1.740079 0.100000 -0.003657
v 1.759609 -0.100000 0.002938
v 1.759609 0.100000 0.002938
v 1.777630 -0.100000 0.012074
v 1.777630 0.100000 0.012074
v 1.794011 -0.100000 0.023697
v 1.794011 0.100000 0.023697
v 1.808625 -0.100000 0.037750
v 1.808625 0.100000 0.037750
v 1.821343 -0.100000 0.054178
v 1.821343 0.100000 0.054178
v 1.832037 -0.100000 0.072926
v 1.832037 0.100000 0.072926
v 1.840578 -0.100000 0.093938
v 1.840578 0.100000 0.093938
v 1.846838 -0.100000 0.117157
v 1.846838 0.100000 0.117157
v 1.850688 -0.100000 0.142530
v 1.850688 0.100000 0.142530
v 1.852000 -0.100000 0.170000
v 1.852000 0.100000 0.170000
v 1.852000 -0.100000 0.449000
v 1.852000 0.100000 0.449000
v 1.763000 -0.100000 0.449000
v 1.763000 0.100000 0.449000
v 1.763000 -0.100000 0.164000
v 1.763000 0.100000 0.164000
v 1.762355 -0.100000 0.148818
v 1.762355 0.100000 0.148818
v 1.760421 -0.100000 0.134792
v 1.760421 0.100000 0.134792
v 1.757203 -0.100000 0.121953
v 1.757203 0.100000 0.121953
v 1.752704 -0.100000 0.110333
v 1.752704 0.100000 0.110333
v 1.746927 -0.100000 0.099964
v 1.746927 0.100000 0.099964
v 1.739875 -0.100000 0.090875
v 1.739875 0.100000 0.090875
v 1.731553 -0.100000 0.083099
v 1.731553 0.100000 0.083099
v 1.721963 -0.100000 0.076667
v 1.721963 0.100000 0.076667
v 1.711109 -0.100000 0.071609
v 1.711109 0.100000 0.071609
v 1.698995 -0.100000 0.067958
v 1.698995 0.100000 0.067958
v 1.685624 -0.100000 0.065745
v 1.685624 0.100000 0.065745
v 1.671000 -0.100000 0.065000
v 1.671000 0.100000 0.065000
v 1.661046 -0.100000 0.065457
v 1.661046 0.100000 0.065457
v 1.651199 -0.100000 0.066819
v 1.651199 0.100000 0.066819
v 1.641484 -0.100000 0.069078
v 1.641484 0.100000 0.069078
v 1.631926 -0.100000 0.072222
v 1.631926 0.100000 0.072222
v 1.622548 -0.100000 0.076241
v 1.622548 0.100000 0.076241
v 1.613375 -0.100000 0.081125
v 1.613375 0.100000 0.081125
v 1.604431 -0.100000 0.086863
v 1.604431 0.100000 0.086863
v 1.595741 -0.100000 0.093444
v 1.595741 0.100000 0.093444
v 1.587328 -0.100000 0.100859
v 1.587328 0.100000 0.100859
v 1.579218 -0.100000 0.109097
v 1.579218 0.100000 0.109097
v 1.571434 -0.100000 0.118148
v 1.571434 0.100000 0.118148
v 1.564000 -0.100000 0.128000
v 1.564000 0.100000 0.128000
v 1.564000 -0.100000 0.449000
v 1.564000 0.100000 0.449000
v 1.475000 -0.100000 0.449000
v 1.475000 0.100000 0.449000
v 1.475000 -0.100000 0.000000
v 1.475000 0.100000 0.000000
v 1.564000 -0.100000 0.000000
v 1.564000 0.100000 0.000000
v 1.083000 -0.100000 0.380000
v 1.083000 0.100000 0.380000
v 1.074723 -0.100000 0.371445
v 1.074723 0.100000 0.371445
v 1.067366 -0.100000 0.363227
v 1.067366 0.100000 0.363227
v 1.060891 -0.100000 0.355266
v 1.060891 0.100000 0.355266
v 1.055259 -0.100000 0.347482
v 1.055259 0.100000 0.347482
v 1.050434 -0.100000 0.339795
v 1.050434 0.100000 0.339795
v 1.046375 -0.100000 0.332125
v 1.046375 0.100000 0.332125
v 1.043046 -0.100000 0.324393
v 1.043046 0.100000 0.324393
v 1.040407 -0.100000 0.316519
v 1.040407 0.100000 0.316519
v 1.038422 -0.100000 0.308422
v 1.038422 0.100000 0.308422
v 1.037051 -0.100000 0.300023
v 1.037051 0.100000 0.300023
v 1.036256 -0.100000 0.291242
v 1.036256 0.100000 0.291242
v 1.036000 -0.100000 0.282000
v 1.036000 0.100000 0.282000
v 1.036425 -0.100000 0.272641
v 1.036425 0.100000 0.272641
v 1.037653 -0.100000 0.263130
v 1.037653 0.100000 0.263130
v 1.039609 -0.100000 0.253562
v 1.039609 0.100000 0.253562
v 1.042222 -0.100000 0.244037
v 1.042222 0.100000 0.244037
v 1.045419 -0.100000 0.234650
v 1.045419 0.100000 0.234650
v 1.049125 -0.100000 0.225500
v 1.049125 0.100000 0.225500
v 1.053269 -0.100000 0.216683
v 1.053269 0.100000 0.216683
v 1.057778 -0.100000 0.208296
v 1.057778 0.100000 0.208296
v 1.062578 -0.100000 0.200438
v 1.062578 0.100000 0.200438
v 1.067597 -0.100000 0.193204
v 1.067597 0.100000 0.193204
v 1.072762 -0.100000 0.186692
v 1.072762 0.100000 0.186692
v 1.078000 -0.100000 0.181000
v 1.078000 0.100000 0.181000
v 1.094185 -0.100000 0.166895
v 1.094185 0.100000 0.166895
v 1.112315 -0.100000 0.156162
v 1.112315 0.100000 0.156162
v 1.131750 -0.100000 0.148172
v 1.131750 0.100000 0.148172
v 1.151852 -0.100000 0.142296
v 1.151852 0.100000 0.142296
v 1.171982 -0.100000 0.137907
v 1.171982 0.100000 0.137907
v 1.191500 -0.100000 0.134375
v 1.191500 0.100000 0.134375
v 1.209769 -0.100000 0.131072
v 1.209769 0.100000 0.131072
v 1.226148 -0.100000 0.127370
v 1.226148 0.100000 0.127370
v 1.240000 -0.100000 0.122641
v 1.240000 0.100000 0.122641
v 1.250685 -0.100000 0.116255
v 1.250685 0.100000 0.116255
v 1.257565 -0.100000 0.107584
v 1.257565 0.100000 0.107584
v 1.260000 -0.100000 0.096000
v 1.260000 0.100000 0.096000
v 1.259023 -0.100000 0.089951
v 1.259023 0.100000 0.089951
v 1.256102 -0.100000 0.084273
v 1.256102 0.100000 0.084273
v 1.251250 -0.100000 0.078922
v 1.251250 0.100000 0.078922
v 1.244482 -0.100000 0.073852
v 1.244482 0.100000 0.073852
v 1.235810 -0.100000 0.069018
v 1.235810 0.100000 0.069018
v 1.225250 -0.100000 0.064375
v 1.225250 0.100000 0.064375
v 1.212815 -0.100000 0.059878
v 1.212815 0.100000 0.059878
v 1.198519 -0.100000 0.055481
v 1.198519 0.100000 0.055481
v 1.182375 -0.100000 0.051141
v 1.182375 0.100000 0.051141
v 1.164398 -0.100000 0.046810
v 1.164398 0.100000 0.046810
v 1.144602 -0.100000 0.042445
v 1.144602 0.100000 0.042445
v 1.123000 -0.100000 0.038000
v 1.123000 0.100000 0.038000
v 1.100276 -0.100000 0.032638
v 1.100276 0.100000 0.032638
v 1.080037 -0.100000 0.026102
v 1.080037 0.100000 0.026102
v 1.062188 -0.100000 0.018469
v 1.062188 0.100000 0.018469
v 1.046630 -0.100000 0.009815
v 1.046630 0.100000 0.009815
v 1.033266 -0.100000 0.000216
v 1.033266 0.100000 0.000216
v 1.022000 -0.100000 -0.010250
v 1.022000 0.100000 -0.010250
v 1.012734 -0.100000 -0.021508
v 1.012734 0.100000 -0.021508
v 1.005370 -0.100000 -0.033481
v 1.005370 0.100000 -0.033481
v 0.999812 -0.100000 -0.046094
v 0.999812 0.100000 -0.046094
v 0.995963 -0.100000 -0.059269
v 0.995963 0.100000 -0.059269
v 0.993725 -0.100000 -0.072929
v 0.993725 0.100000 -0.072929
v 0.993000 -0.100000 -0.087000
v 0.993000 0.100000 -0.087000
v 0.994632 -0.100000 -0.108510
v 0.994632 0.100000 -0.108510
v 0.999468 -0.100000 -0.128495
v 0.999468 0.100000 -0.128495
v 1.007422 -0.100000 -0.146891
v 1.007422 0.100000 -0.146891
v 1.018407 -0.100000 -0.163630
v 1.018407 0.100000 -0.163630
v 1.032337 -0.100000 -0.178646
v 1.032337 0.100000 -0.178646
v 1.049125 -0.100000 -0.191875
v 1.049125 0.100000 -0.191875
v 1.068684 -0.100000 -0.203249
v 1.068684 0.100000 -0.203249
v 1.090926 -0.100000 -0.212704
v 1.090926 0.100000 -0.212704
v 1.115766 -0.100000 -0.220172
v 1.115766 0.100000 -0.220172
v 1.143116 -0.100000 -0.225588
v 1.143116 0.100000 -0.225588
v 1.172889 -0.100000 -0.228886
v 1.172889 0.100000 -0.228886
v 1.205000 -0.100000 -0.230000
v 1.205000 0.100000 -0.230000
v 1.234491 -0.100000 -0.228833
v 1.234491 0.100000 -0.228833
v 1.262347 -0.100000 -0.225412
v 1.262347 0.100000 -0.225412
v 1.288391 -0.100000 -0.219859
v 1.288391 0.100000 -0.219859
v 1.312444 -0.100000 -0.212296
v 1.312444 0.100000 -0.212296
v 1.334332 -0.100000 -0.202844
v 1.334332 0.100000 -0.202844
v 1.353875 -0.100000 -0.191625
v 1.353875 0.100000 -0.191625
v 1.370898 -0.100000 -0.178760
v 1.370898 0.100000 -0.178760
v 1.385222 -0.100000 -0.164370
v 1.385222 0.100000 -0.164370
v 1.396672 -0.100000 -0.148578
v 1.396672 0.100000 -0.148578
v 1.405070 -0.100000 -0.131505
v 1.405070 0.100000 -0.131505
v 1.410238 -0.100000 -0.113271
v 1.410238 0.100000 -0.113271
v 1.412000 -0.100000 -0.094000
v 1.412000 0.100000 -0.094000
v 1.411266 -0.100000 -0.078058
v 1.411266 0.100000 -0.078058
v 1.409046 -0.100000 -0.063218
v 1.409046 0.100000 -0.063218
v 1.405313 -0.100000 -0.049453
v 1.405313 0.100000 -0.049453
v 1.400037 -0.100000 -0.036741
v 1.400037 0.100000 -0.036741
v 1.393192 -0.100000 -0.025056
v 1.393192 0.100000 -0.025056
v 1.384750 -0.100000 -0.014375
v 1.384750 0.100000 -0.014375
v 1.374683 -0.100000 -0.004673
v 1.374683 0.100000 -0.004673
v 1.362963 -0.100000 0.004074
v 1.362963 0.100000 0.004074
v 1.349563 -0.100000 0.011891
v 1.349563 0.100000 0.011891
v 1.334454 -0.100000 0.018801
v 1.334454 0.100000 0.018801
v 1.317609 -0.100000 0.024829
v 1.317609 0.100000 0.024829
v 1.299000 -0.100000 0.030000
v 1.299000 0.100000 0.030000
v 1.306398 -0.100000 0.034731
v 1.306398 0.100000 0.034731
v 1.313097 -0.100000 0.039431
v 1.313097 0.100000 0.039431
v 1.319109 -0.100000 0.044109
v 1.319109 0.100000 0.044109
v 1.324445 -0.100000 0.048778
v 1.324445 0.100000 0.048778
v 1.329113 -0.100000 0.053446
v 1.329113 0.100000 0.053446
v 1.333125 -0.100000 0.058125
v 1.333125 0.100000 0.058125
v 1.336491 -0.100000 0.062825
v 1.336491 0.100000 0.062825
v 1.339222 -0.100000 0.067556
v 1.339222 0.100000 0.067556
v 1.341328 -0.100000 0.072328
v 1.341328 0.100000 0.072328
v 1.342820 -0.100000 0.077153
v 1.342820 0.100000 0.077153
v 1.343707 -0.100000 0.082040
v 1.343707 0.100000 0.082040
v 1.344000 -0.100000 0.087000
v 1.344000 0.100000 0.087000
v 1.343424 -0.100000 0.094160
v 1.343424 0.100000 0.094160
v 1.341727 -0.100000 0.101116
v 1.341727 0.100000 0.101116
v 1.338953 -0.100000 0.107828
v 1.338953 0.100000 0.107828
v 1.335148 -0.100000 0.114259
v 1.335148 0.100000 0.114259
v 1.330357 -0.100000 0.120371
v 1.330357 0.100000 0.120371
v 1.324625 -0.100000 0.126125
v 1.324625 0.100000 0.126125
v 1.317997 -0.100000 0.131483
v 1.317997 0.100000 0.131483
v 1.310519 -0.100000 0.136407
v 1.310519 0.100000 0.136407
v 1.302234 -0.100000 0.140859
v 1.302234 0.100000 0.140859
v 1.293190 -0.100000 0.144801
v 1.293190 0.100000 0.144801
v 1.283430 -0.100000 0.148194
v 1.283430 0.100000 0.148194
v 1.273000 -0.100000 0.151000
v 1.273000 0.100000 0.151000
v 1.273000 -0.100000 0.153000
v 1.273000 0.100000 0.153000
v 1.281083 -0.100000 0.156604
v 1.281083 0.100000 0.156604
v 1.288833 -0.100000 0.160417
v 1.288833 0.100000 0.160417
v 1.296250 -0.100000 0.164437
v 1.296250 0.100000 0.164437
v 1.303333 -0.100000 0.168667
v 1.303333 0.100000 0.168667
v 1.310083 -0.100000 0.173104
v 1.310083 0.100000 0.173104
v 1.316500 -0.100000 0.177750
v 1.316500 0.100000 0.177750
v 1.322583 -0.100000 0.182604
v 1.322583 0.100000 0.182604
v 1.328333 -0.100000 0.187667
v 1.328333 0.100000 0.187667
v 1.333750 -0.100000 0.192937
v 1.333750 0.100000 0.192937
v 1.338833 -0.100000 0.198417
v 1.338833 0.100000 0.198417
v 1.343583 -0.100000 0.204104
v 1.343583 0.100000 0.204104
v 1.348000 -0.100000 0.210000
v 1.348000 0.100000 0.210000
v 1.351833 -0.100000 0.215854
v 1.351833 0.100000 0.215854
v 1.355333 -0.100000 0.221917
v 1.355333 0.100000 0.221917
v 1.358500 -0.100000 0.228188
v 1.358500 0.100000 0.228188
v 1.361333 -0.100000 0.234667
v 1.361333 0.100000 0.234667
v 1.363833 -0.100000 0.241354
v 1.363833 0.100000 0.241354
v 1.366000 -0.100000 0.248250
v 1.366000 0.100000 0.248250
v 1.367833 -0.100000 0.255354
v 1.367833 0.100000 0.255354
v 1.369333 -0.100000 0.262667
v 1.369333 0.100000 0.262667
v 1.370500 -0.100000 0.270187
v 1.370500 0.100000 0.270187
v 1.371333 -0.100000 0.277917
v 1.371333 0.100000 0.277917
v 1.371833 -0.100000 0.285854
v 1.371833 0.100000 0.285854
v 1.372000 -0.100000 0.294000
v 1.372000 0.100000 0.294000
v 1.370454 -0.100000 0.317216
v 1.370454 0.100000 0.317216
v 1.365884 -0.100000 0.338815
v 1.365884 0.100000 0.338815
v 1.358391 -0.100000 0.358719
v 1.358391 0.100000 0.358719
v 1.348074 -0.100000 0.376852
v 1.348074 0.100000 0.376852
v 1.335035 -0.100000 0.393138
v 1.335035 0.100000 0.393138
v 1.319375 -0.100000 0.407500
v 1.319375 0.100000 0.407500
v 1.301194 -0.100000 0.419862
v 1.301194 0.100000 0.419862
v 1.280593 -0.100000 0.430148
v 1.280593 0.100000 0.430148
v 1.257672 -0.100000 0.438281
v 1.257672 0.100000 0.438281
v 1.232533 -0.100000 0.444185
v 1.232533 0.100000 0.444185
v 1.205275 -0.100000 0.447784
v 1.205275 0.100000 0.447784
v 1.176000 -0.100000 0.449000
v 1.176000 0.100000 0.449000
v 0.991000 -0.100000 0.449000
v 0.991000 0.100000 0.449000
v 0.991000 -0.100000 0.380000
v 0.991000 0.100000 0.380000
v 1.215045 -0.100000 0.371247
v 1.215045 0.100000 0.371247
v 1.226607 -0.100000 0.369056
v 1.226607 0.100000 0.369056
v 1.237578 -0.100000 0.365531
v 1.237578 0.100000 0.365531
v 1.247852 -0.100000 0.360778
v 1.247852 0.100000 0.360778
v 1.257320 -0.100000 0.354899
v 1.257320 0.100000 0.354899
v 1.265875 -0.100000 0.348000
v 1.265875 0.100000 0.348000
v 1.273409 -0.100000 0.340184
v 1.273409 0.100000 0.340184
v 1.279815 -0.100000 0.331556
v 1.279815 0.100000 0.331556
v 1.284984 -0.100000 0.322219
v 1.284984 0.100000 0.322219
v 1.288810 -0.100000 0.312278
v 1.288810 0.100000 0.312278
v 1.291185 -0.100000 0.301837
v 1.291185 0.100000 0.301837
v 1.292000 -0.100000 0.291000
v 1.292000 0.100000 0.291000
v 1.291260 -0.100000 0.279093
v 1.291260 0.100000 0.279093
v 1.289083 -0.100000 0.267912
v 1.289083 0.100000 0.267912
v 1.285531 -0.100000 0.257516
v 1.285531 0.100000 0.257516
v 1.280667 -0.100000 0.247963
v 1.280667 0.100000 0.247963
v 1.274552 -0.100000 0.239313
v 1.274552 0.100000 0.239313
v 1.267250 -0.100000 0.231625
v 1.267250 0.100000 0.231625
v 1.258823 -0.100000 0.224958
v 1.258823 0.100000 0.224958
v 1.249333 -0.100000 0.219370
v 1.249333 0.100000 0.219370
v 1.238844 -0.100000 0.214922
v 1.238844 0.100000 0.214922
v 1.227417 -0.100000 0.211671
v 1.227417 0.100000 0.211671
v 1.215115 -0.100000 0.209678
v 1.215115 0.100000 0.209678
v 1.202000 -0.100000 0.209000
v 1.202000 0.100000 0.209000
v 1.189804 -0.100000 0.209717
v 1.189804 0.100000 0.209717
v 1.178269 -0.100000 0.211819
v 1.178269 0.100000 0.211819
v 1.167469 -0.100000 0.215234
v 1.167469 0.100000 0.215234
v 1.157482 -0.100000 0.219889
v 1.157482 0.100000 0.219889
v 1.148383 -0.100000 0.225710
v 1.148383 0.100000 0.225710
v 1.140250 -0.100000 0.232625
v 1.140250 0.100000 0.232625
v 1.133159 -0.100000 0.240561
v 1.133159 0.100000 0.240561
v 1.127185 -0.100000 0.249444
v 1.127185 0.100000 0.249444
v 1.122406 -0.100000 0.259203
v 1.122406 0.100000 0.259203
v 1.118898 -0.100000 0.269764
v 1.118898 0.100000 0.269764
v 1.116737 -0.100000 0.281054
v 1.116737 0.100000 0.281054
v 1.116000 -0.100000 0.293000
v 1.116000 0.100000 0.293000
v 1.116814 -0.100000 0.303587
v 1.116814 0.100000 0.303587
v 1.119181 -0.100000 0.313782
v 1.119181 0.100000 0.313782
v 1.122985 -0.100000 0.323484
v 1.122985 0.100000 0.323484
v 1.128111 -0.100000 0.332593
v 1.128111 0.100000 0.332593
v 1.134446 -0.100000 0.341006
v 1.134446 0.100000 0.341006
v 1.141875 -0.100000 0.348625
v 1.141875 0.100000 0.348625
v 1.150283 -0.100000 0.355348
v 1.150283 0.100000 0.355348
v 1.159556 -0.100000 0.361074
v 1.159556 0.100000 0.361074
v 1.169578 -0.100000 0.365703
v 1.169578 0.100000 0.365703
v 1.180236 -0.100000 0.369134
v 1.180236 0.100000 0.369134
v 1.191415 -0.100000 0.371267
v 1.191415 0.100000 0.371267
v 1.203000 -0.100000 0.372000
v 1.203000 0.100000 0.372000
v 1.240611 -0.100000 -0.022574
v 1.240611 0.100000 -0.022574
v 1.254389 -0.100000 -0.024259
v 1.254389 0.100000 -0.024259
v 1.267250 -0.100000 -0.027000
v 1.267250 0.100000 -0.027000
v 1.279111 -0.100000 -0.030741
v 1.279111 0.100000 -0.030741
v 1.289889 -0.100000 -0.035426
v 1.289889 0.100000 -0.035426
v 1.299500 -0.100000 -0.041000
v 1.299500 0.100000 -0.041000
v 1.307861 -0.100000 -0.047407
v 1.307861 0.100000 -0.047407
v 1.314889 -0.100000 -0.054593
v 1.314889 0.100000 -0.054593
v 1.320500 -0.100000 -0.062500
v 1.320500 0.100000 -0.062500
v 1.324611 -0.100000 -0.071074
v 1.324611 0.100000 -0.071074
v 1.327139 -0.100000 -0.080259
v 1.327139 0.100000 -0.080259
v 1.328000 -0.100000 -0.090000
v 1.328000 0.100000 -0.090000
v 1.327088 -0.100000 -0.100811
v 1.327088 0.100000 -0.100811
v 1.324366 -0.100000 -0.110736
v 1.324366 0.100000 -0.110736
v 1.319860 -0.100000 -0.119766
v 1.319860 0.100000 -0.119766
v 1.313593 -0.100000 -0.127889
v 1.313593 0.100000 -0.127889
v 1.305590 -0.100000 -0.135095
v 1.305590 0.100000 -0.135095
v 1.295875 -0.100000 -0.141375
v 1.295875 0.100000 -0.141375
v 1.284473 -0.100000 -0.146717
v 1.284473 0.100000 -0.146717
v 1.271407 -0.100000 -0.151111
v 1.271407 0.100000 -0.151111
v 1.256703 -0.100000 -0.154547
v 1.256703 0.100000 -0.154547
v 1.240384 -0.100000 -0.157014
v 1.240384 0.100000 -0.157014
v 1.222475 -0.100000 -0.158502
v 1.222475 0.100000 -0.158502
v 1.203000 -0.100000 -0.159000
v 1.203000 0.100000 -0.159000
v 1.184175 -0.100000 -0.158504
v 1.184175 0.100000 -0.158504
v 1.166732 -0.100000 -0.157032
v 1.166732 0.100000 -0.157032
v 1.150719 -0.100000 -0.154609
v 1.150719 0.100000 -0.154609
v 1.136185 -0.100000 -0.151259
v 1.136185 0.100000 -0.151259
v 1.123179 -0.100000 -0.147006
v 1.123179 0.100000 -0.147006
v 1.111750 -0.100000 -0.141875
v 1.111750 0.100000 -0.141875
v 1.101946 -0.100000 -0.135889
v 1.101946 0.100000 -0.135889
v 1.093815 -0.100000 -0.129074
v 1.093815 0.100000 -0.129074
v 1.087406 -0.100000 -0.121453
v 1.087406 0.100000 -0.121453
v 1.082769 -0.100000 -0.113051
v 1.082769 0.100000 -0.113051
v 1.079950 -0.100000 -0.103892
v 1.079950 0.100000 -0.103892
v 1.079000 -0.100000 -0.094000
v 1.079000 0.100000 -0.094000
v 1.080842 -0.100000 -0.080609
v 1.080842 0.100000 -0.080609
v 1.086069 -0.100000 -0.068875
v 1.086069 0.100000 -0.068875
v 1.094234 -0.100000 -0.058703
v 1.094234 0.100000 -0.058703
v 1.104889 -0.100000 -0.050000
v 1.104889 0.100000 -0.050000
v 1.117585 -0.100000 -0.042672
v 1.117585 0.100000 -0.042672
v 1.131875 -0.100000 -0.036625
v 1.131875 0.100000 -0.036625
v 1.147311 -0.100000 -0.031766
v 1.147311 0.100000 -0.031766
v 1.163445 -0.100000 -0.028000
v 1.163445 0.100000 -0.028000
v 1.179828 -0.100000 -0.025234
v 1.179828 0.100000 -0.025234
v 1.196014 -0.100000 -0.023375
v 1.196014 0.100000 -0.023375
v 1.211554 -0.100000 -0.022328
v 1.211554 0.100000 -0.022328
v 1.226000 -0.100000 -0.022000
v 1.226000 0.100000 -0.022000
v 0.471031 -0.100000 0.194487
v 0.471031 0.100000 0.194487
v 0.477000 -0.100000 0.162065
v 0.477000 0.100000 0.162065
v 0.486719 -0.100000 0.131906
v 0.486719 0.100000 0.131906
v 0.500000 -0.100000 0.104185
v 0.500000 0.100000 0.104185
v 0.516656 -0.100000 0.079075
v 0.516656 0.100000 0.079075
v 0.536500 -0.100000 0.056750
v 0.536500 0.100000 0.056750
v 0.559344 -0.100000 0.037383
v 0.559344 0.100000 0.037383
v 0.585000 -0.100000 0.021148
v 0.585000 0.100000 0.021148
v 0.613281 -0.100000 0.008219
v 0.613281 0.100000 0.008219
v 0.644000 -0.100000 -0.001231
v 0.644000 0.100000 -0.001231
v 0.676969 -0.100000 -0.007029
v 0.676969 0.100000 -0.007029
v 0.712000 -0.100000 -0.009000
v 0.712000 0.100000 -0.009000
v 0.745653 -0.100000 -0.006953
v 0.745653 0.100000 -0.006953
v 0.777472 -0.100000 -0.000954
v 0.777472 0.100000 -0.000954
v 0.807250 -0.100000 0.008781
v 0.807250 0.100000 0.008781
v 0.834778 -0.100000 0.022037
v 0.834778 0.100000 0.022037
v 0.859847 -0.100000 0.038598
v 0.859847 0.100000 0.038598
v 0.882250 -0.100000 0.058250
v 0.882250 0.100000 0.058250
v 0.901778 -0.100000 0.080777
v 0.901778 0.100000 0.080777
v 0.918222 -0.100000 0.105963
v 0.918222 0.100000 0.105963
v 0.931375 -0.100000 0.133594
v 0.931375 0.100000 0.133594
v 0.941028 -0.100000 0.163454
v 0.941028 0.100000 0.163454
v 0.946972 -0.100000 0.195328
v 0.946972 0.100000 0.195328
v 0.949000 -0.100000 0.229000
v 0.949000 0.100000 0.229000
v 0.946896 -0.100000 0.260605
v 0.946896 0.100000 0.260605
v 0.940750 -0.100000 0.290755
v 0.940750 0.100000 0.290755
v 0.930812 -0.100000 0.319203
v 0.930812 0.100000 0.319203
v 0.917333 -0.100000 0.345704
v 0.917333 0.100000 0.345704
v 0.900562 -0.100000 0.370010
v 0.900562 0.100000 0.370010
v 0.880750 -0.100000 0.391875
v 0.880750 0.100000 0.391875
v 0.858146 -0.100000 0.411053
v 0.858146 0.100000 0.411053
v 0.833000 -0.100000 0.427296
v 0.833000 0.100000 0.427296
v 0.805562 -0.100000 0.440359
v 0.805562 0.100000 0.440359
v 0.776083 -0.100000 0.449995
v 0.776083 0.100000 0.449995
v 0.744812 -0.100000 0.455958
v 0.744812 0.100000 0.455958
v 0.712000 -0.100000 0.458000
v 0.712000 0.100000 0.458000
v 0.677599 -0.100000 0.456034
v 0.677599 0.100000 0.456034
v 0.645042 -0.100000 0.450273
v 0.645042 0.100000 0.450273
v 0.614547 -0.100000 0.440922
v 0.614547 0.100000 0.440922
v 0.586333 -0.100000 0.428185
v 0.586333 0.100000 0.428185
v 0.560620 -0.100000 0.412268
v 0.560620 0.100000 0.412268
v 0.537625 -0.100000 0.393375
v 0.537625 0.100000 0.393375
v 0.517568 -0.100000 0.371711
v 0.517568 0.100000 0.371711
v 0.500667 -0.100000 0.347482
v 0.500667 0.100000 0.347482
v 0.487141 -0.100000 0.320891
v 0.487141 0.100000 0.320891
v 0.477208 -0.100000 0.292144
v 0.477208 0.100000 0.292144
v 0.471089 -0.100000 0.261445
v 0.471089 0.100000 0.261445
v 0.469000 -0.100000 0.229000
v 0.469000 0.100000 0.229000
v 0.856789 -0.100000 0.205935
v 0.856789 0.100000 0.205935
v 0.853232 -0.100000 0.184310
v 0.853232 0.100000 0.184310
v 0.847438 -0.100000 0.164234
v 0.847438 0.100000 0.164234
v 0.839519 -0.100000 0.145815
v 0.839519 0.100000 0.145815
v 0.829586 -0.100000 0.129159
v 0.829586 0.100000 0.129159
v 0.817750 -0.100000 0.114375
v 0.817750 0.100000 0.114375
v 0.804123 -0.100000 0.101570
v 0.804123 0.100000 0.101570
v 0.788815 -0.100000 0.090852
v 0.788815 0.100000 0.090852
v 0.771938 -0.100000 0.082328
v 0.771938 0.100000 0.082328
v 0.753602 -0.100000 0.076106
v 0.753602 0.100000 0.076106
v 0.733919 -0.100000 0.072295
v 0.733919 0.100000 0.072295
v 0.713000 -0.100000 0.071000
v 0.713000 0.100000 0.071000
v 0.690243 -0.100000 0.072237
v 0.690243 0.100000 0.072237
v 0.669028 -0.100000 0.075894
v 0.669028 0.100000 0.075894
v 0.649437 -0.100000 0.081891
v 0.649437 0.100000 0.081891
v 0.631555 -0.100000 0.090148
v 0.631555 0.100000 0.090148
v 0.615465 -0.100000 0.100586
v 0.615465 0.100000 0.100586
v 0.601250 -0.100000 0.113125
v 0.601250 0.100000 0.113125
v 0.588993 -0.100000 0.127685
v 0.588993 0.100000 0.127685
v 0.578778 -0.100000 0.144185
v 0.578778 0.100000 0.144185
v 0.570687 -0.100000 0.162547
v 0.570687 0.100000 0.162547
v 0.564805 -0.100000 0.182690
v 0.564805 0.100000 0.182690
v 0.561215 -0.100000 0.204534
v 0.561215 0.100000 0.204534
v 0.560000 -0.100000 0.228000
v 0.560000 0.100000 0.228000
v 0.561311 -0.100000 0.249227
v 0.561311 0.100000 0.249227
v 0.565153 -0.100000 0.269320
v 0.565153 0.100000 0.269320
v 0.571391 -0.100000 0.288141
v 0.571391 0.100000 0.288141
v 0.579889 -0.100000 0.305556
v 0.579889 0.100000 0.305556
v 0.590512 -0.100000 0.321429
v 0.590512 0.100000 0.321429
v 0.603125 -0.100000 0.335625
v 0.603125 0.100000 0.335625
v 0.617592 -0.100000 0.348009
v 0.617592 0.100000 0.348009
v 0.633778 -0.100000 0.358444
v 0.633778 0.100000 0.358444
v 0.651547 -0.100000 0.366797
v 0.651547 0.100000 0.366797
v 0.670764 -0.100000 0.372931
v 0.670764 0.100000 0.372931
v 0.691293 -0.100000 0.376710
v 0.691293 0.100000 0.376710
v 0.713000 -0.100000 0.378000
v 0.713000 0.100000 0.378000
v 0.733499 -0.100000 0.376711
v 0.733499 0.100000 0.376711
v 0.752908 -0.100000 0.372935
v 0.752908 0.100000 0.372935
v 0.771094 -0.100000 0.366813
v 0.771094 0.100000 0.366813
v 0.787926 -0.100000 0.358482
v 0.787926 0.100000 0.358482
v 0.803272 -0.100000 0.348081
v 0.803272 0.100000 0.348081
v 0.817000 -0.100000 0.335750
v 0.817000 0.100000 0.335750
v 0.828978 -0.100000 0.321627
v 0.828978 0.100000 0.321627
v 0.839074 -0.100000 0.305852
v 0.839074 0.100000 0.305852
v 0.847156 -0.100000 0.288563
v 0.847156 0.100000 0.288563
v 0.853093 -0.100000 0.269898
v 0.853093 0.100000 0.269898
v 0.856751 -0.100000 0.249998
v 0.856751 0.100000 0.249998
v 0.858000 -0.100000 0.229000
v 0.858000 0.100000 0.229000
v 0.368000 -0.100000 0.000000
v 0.368000 0.100000 0.000000
v 0.368000 -0.100000 0.449000
v 0.368000 0.100000 0.449000
v 0.279000 -0.100000 0.449000
v 0.279000 0.100000 0.449000
v 0.279000 -0.100000 0.000000
v 0.279000 0.100000 0.000000
v 0.330135 -0.100000 0.532489
v 0.330135 0.100000 0.532489
v 0.336995 -0.100000 0.533912
v 0.336995 0.100000 0.533912
v 0.343516 -0.100000 0.536203
v 0.343516 0.100000 0.536203
v 0.349630 -0.100000 0.539296
v 0.349630 0.100000 0.539296
v 0.355271 -0.100000 0.543126
v 0.355271 0.100000 0.543126
v 0.360375 -0.100000 0.547625
v 0.360375 0.100000 0.547625
v 0.364874 -0.100000 0.552729
v 0.364874 0.100000 0.552729
v 0.368704 -0.100000 0.558370
v 0.368704 0.100000 0.558370
v 0.371797 -0.100000 0.564484
v 0.371797 0.100000 0.564484
v 0.374088 -0.100000 0.571005
v 0.374088 0.100000 0.571005
v 0.375511 -0.100000 0.577865
v 0.375511 0.100000 0.577865
v 0.376000 -0.100000 0.585000
v 0.376000 0.100000 0.585000
v 0.375511 -0.100000 0.592135
v 0.375511 0.100000 0.592135
v 0.374088 -0.100000 0.598995
v 0.374088 0.100000 0.598995
v 0.371797 -0.100000 0.605516
v 0.371797 0.100000 0.605516
v 0.368704 -0.100000 0.611630
v 0.368704 0.100000 0.611630
v 0.364874 -0.100000 0.617271
v 0.364874 0.100000 0.617271
v 0.360375 -0.100000 0.622375
v 0.360375 0.100000 0.622375
v 0.355271 -0.100000 0.626874
v 0.355271 0.100000 0.626874
v 0.349630 -0.100000 0.630704
v 0.349630 0.100000 0.630704
v 0.343516 -0.100000 0.633797
v 0.343516 0.100000 0.633797
v 0.336995 -0.100000 0.636088
v 0.336995 0.100000 0.636088
v 0.330135 -0.100000 0.637511
v 0.330135 0.100000 0.637511
v 0.323000 -0.100000 0.638000
v 0.323000 0.100000 0.638000
v 0.315865 -0.100000 0.637511
v 0.315865 0.100000 0.637511
v 0.309005 -0.100000 0.636088
v 0.309005 0.100000 0.636088
v 0.302484 -0.100000 0.633797
v 0.302484 0.100000 0.633797
v 0.296370 -0.100000 0.630704
v 0.296370 0.100000 0.630704
v 0.290729 -0.100000 0.626875
v 0.290729 0.100000 0.626875
v 0.285625 -0.100000 0.622375
v 0.285625 0.100000 0.622375
v 0.281126 -0.100000 0.617271
v 0.281126 0.100000 0.617271
v 0.277296 -0.100000 0.611630
v 0.277296 0.100000 0.611630
v 0.274203 -0.100000 0.605516
v 0.274203 0.100000 0.605516
v 0.271912 -0.100000 0.598995
v 0.271912 0.100000 0.598995
v 0.270489 -0.100000 0.592135
v 0.270489 0.100000 0.592135
v 0.270000 -0.100000 0.585000
v 0.270000 0.100000 0.585000
v 0.270489 -0.100000 0.577865
v 0.270489 0.100000 0.577865
v 0.271912 -0.100000 0.571005
v 0.271912 0.100000 0.571005
v 0.274203 -0.100000 0.564484
v 0.274203 0.100000 0.564484
v 0.277296 -0.100000 0.558370
v 0.277296 0.100000 0.558370
v 0.281126 -0.100000 0.552729
v 0.281126 0.100000 0.552729
v 0.285625 -0.100000 0.547625
v 0.285625 0.100000 0.547625
v 0.290729 -0.100000 0.543126
v 0.290729 0.100000 0.543126
v 0.296370 -0.100000 0.539296
v 0.296370 0.100000 0.539296
v 0.302484 -0.100000 0.536203
v 0.302484 0.100000 0.536203
v 0.309005 -0.100000 0.533912
v 0.309005 0.100000 0.533912
v 0.315865 -0.100000 0.532489
v 0.315865 0.100000 0.532489
v 0.323000 -0.100000 0.532000
v 0.323000 0.100000 0.532000
v 0.193000 -0.100000 -0.230000
v 0.193000 0.100000 -0.230000
v 0.040000 -0.100000 0.096000
v 0.040000 0.100000 0.096000
v 0.214000 -0.100000 0.449000
v 0.214000 0.100000 0.449000
v 0.113000 -0.100000 0.449000
v 0.113000 0.100000 0.449000
v -0.008000 -0.100000 0.196000
v -0.008000 0.100000 0.196000
v -0.124000 -0.100000 0.449000
v -0.124000 0.100000 0.449000
v -0.224000 -0.100000 0.449000
v -0.224000 0.100000 0.449000
v 0.094000 -0.100000 -0.230000
v 0.094000 0.100000 -0.230000
v -0.737969 -0.100000 0.194487
v -0.737969 0.100000 0.194487
v -0.732000 -0.100000 0.162065
v -0.732000 0.100000 0.162065
v -0.722281 -0.100000 0.131906
v -0.722281 0.100000 0.131906
v -0.709000 -0.100000 0.104185
v -0.709000 0.100000 0.104185
v -0.692344 -0.100000 0.079075
v -0.692344 0.100000 0.079075
v -0.672500 -0.100000 0.056750
v -0.672500 0.100000 0.056750
v -0.649656 -0.100000 0.037383
v -0.649656 0.100000 0.037383
v -0.624000 -0.100000 0.021148
v -0.624000 0.100000 0.021148
v -0.595719 -0.100000 0.008219
v -0.595719 0.100000 0.008219
v -0.565000 -0.100000 -0.001231
v -0.565000 0.100000 -0.001231
v -0.532031 -0.100000 -0.007029
v -0.532031 0.100000 -0.007029
v -0.497000 -0.100000 -0.009000
v -0.497000 0.100000 -0.009000
v -0.463347 -0.100000 -0.006953
v -0.463347 0.100000 -0.006953
v -0.431528 -0.100000 -0.000954
v -0.431528 0.100000 -0.000954
v -0.401750 -0.100000 0.008781
v -0.401750 0.100000 0.008781
v -0.374222 -0.100000 0.022037
v -0.374222 0.100000 0.022037
v -0.349153 -0.100000 0.038598
v -0.349153 0.100000 0.038598
v -0.326750 -0.100000 0.058250
v -0.326750 0.100000 0.058250
v -0.307222 -0.100000 0.080777
v -0.307222 0.100000 0.080777
v -0.290778 -0.100000 0.105963
v -0.290778 0.100000 0.105963
v -0.277625 -0.100000 0.133594
v -0.277625 0.100000 0.133594
v -0.267972 -0.100000 0.163454
v -0.267972 0.100000 0.163454
v -0.262028 -0.100000 0.195328
v -0.262028 0.100000 0.195328
v -0.260000 -0.100000 0.229000
v -0.260000 0.100000 0.229000
v -0.262104 -0.100000 0.260605
v -0.262104 0.100000 0.260605
v -0.268250 -0.100000 0.290755
v -0.268250 0.100000 0.290755
v -0.278187 -0.100000 0.319203
v -0.278187 0.100000 0.319203
v -0.291667 -0.100000 0.345704
v -0.291667 0.100000 0.345704
v -0.308437 -0.100000 0.370010
v -0.308437 0.100000 0.370010
v -0.328250 -0.100000 0.391875
v -0.328250 0.100000 0.391875
v -0.350854 -0.100000 0.411053
v -0.350854 0.100000 0.411053
v -0.376000 -0.100000 0.427296
v -0.376000 0.100000 0.427296
v -0.403437 -0.100000 0.440359
v -0.403437 0.100000 0.440359
v -0.432917 -0.100000 0.449995
v -0.432917 0.100000 0.449995
v -0.464187 -0.100000 0.455958
v -0.464187 0.100000 0.455958
v -0.497000 -0.100000 0.458000
v -0.497000 0.100000 0.458000
v -0.531402 -0.100000 0.456034
v -0.531402 0.100000 0.456034
v -0.563959 -0.100000 0.450273
v -0.563959 0.100000 0.450273
v -0.594454 -0.100000 0.440922
v -0.594454 0.100000 0.440922
v -0.622667 -0.100000 0.428185
v -0.622667 0.100000 0.428185
v -0.648381 -0.100000 0.412268
v -0.648381 0.100000 0.412268
v -0.671375 -0.100000 0.393375
v -0.671375 0.100000 0.393375
v -0.691432 -0.100000 0.371711
v -0.691432 0.100000 0.371711
v -0.708333 -0.100000 0.347482
v -0.708333 0.100000 0.347482
v -0.721859 -0.100000 0.320891
v -0.721859 0.100000 0.320891
v -0.731792 -0.100000 0.292144
v -0.731792 0.100000 0.292144
v -0.737911 -0.100000 0.261445
v -0.737911 0.100000 0.261445
v -0.740000 -0.100000 0.229000
v -0.740000 0.100000 0.229000
v -0.352211 -0.100000 0.205935
v -0.352211 0.100000 0.205935
v -0.355768 -0.100000 0.184310
v -0.355768 0.100000 0.184310
v -0.361562 -0.100000 0.164234
v -0.361562 0.100000 0.164234
v -0.369482 -0.100000 0.145815
v -0.369482 0.100000 0.145815
v -0.379414 -0.100000 0.129159
v -0.379414 0.100000 0.129159
v -0.391250 -0.100000 0.114375
v -0.391250 0.100000 0.114375
v -0.404877 -0.100000 0.101570
v -0.404877 0.100000 0.101570
v -0.420185 -0.100000 0.090852
v -0.420185 0.100000 0.090852
v -0.437063 -0.100000 0.082328
v -0.437063 0.100000 0.082328
v -0.455398 -0.100000 0.076106
v -0.455398 0.100000 0.076106
v -0.475081 -0.100000 0.072295
v -0.475081 0.100000 0.072295
v -0.496000 -0.100000 0.071000
v -0.496000 0.100000 0.071000
v -0.518757 -0.100000 0.072237
v -0.518757 0.100000 0.072237
v -0.539972 -0.100000 0.075894
v -0.539972 0.100000 0.075894
v -0.559563 -0.100000 0.081891
v -0.559563 0.100000 0.081891
v -0.577445 -0.100000 0.090148
v -0.577445 0.100000 0.090148
v -0.593535 -0.100000 0.100586
v -0.593535 0.100000 0.100586
v -0.607750 -0.100000 0.113125
v -0.607750 0.100000 0.113125
v -0.620007 -0.100000 0.127685
v -0.620007 0.100000 0.127685
v -0.630222 -0.100000 0.144185
v -0.630222 0.100000 0.144185
v -0.638312 -0.100000 0.162547
v -0.638312 0.100000 0.162547
v -0.644194 -0.100000 0.182690
v -0.644194 0.100000 0.182690
v -0.647785 -0.100000 0.204534
v -0.647785 0.100000 0.204534
v -0.649000 -0.100000 0.228000
v -0.649000 0.100000 0.228000
v -0.647689 -0.100000 0.249227
v -0.647689 0.100000 0.249227
v -0.643847 -0.100000 0.269320
v -0.643847 0.100000 0.269320
v -0.637609 -0.100000 0.288141
v -0.637609 0.100000 0.288141
v -0.629111 -0.100000 0.305556
v -0.629111 0.100000 0.305556
v -0.618488 -0.100000 0.321429
v -0.618488 0.100000 0.321429
v -0.605875 -0.100000 0.335625
v -0.605875 0.100000 0.335625
v -0.591408 -0.100000 0.348009
v -0.591408 0.100000 0.348009
v -0.575222 -0.100000 0.358444
v -0.575222 0.100000 0.358444
v -0.557453 -0.100000 0.366797
v -0.557453 0.100000 0.366797
v -0.538236 -0.100000 0.372931
v -0.538236 0.100000 0.372931
v -0.517707 -0.100000 0.376710
v -0.517707 0.100000 0.376710
v -0.496000 -0.100000 0.378000
v -0.496000 0.100000 0.378000
v -0.475501 -0.100000 0.376711
v -0.475501 0.100000 0.376711
v -0.456092 -0.100000 0.372935
v -0.456092 0.100000 0.372935
v -0.437906 -0.100000 0.366813
v -0.437906 0.100000 0.366813
v -0.421074 -0.100000 0.358482
v -0.421074 0.100000 0.358482
v -0.405728 -0.100000 0.348081
v -0.405728 0.100000 0.348081
v -0.392000 -0.100000 0.335750
v -0.392000 0.100000 0.335750
v -0.380022 -0.100000 0.321627
v -0.380022 0.100000 0.321627
v -0.369926 -0.100000 0.305852
v -0.369926 0.100000 0.305852
v -0.361844 -0.100000 0.288563
v -0.361844 0.100000 0.288563
v -0.355907 -0.100000 0.269898
v -0.355907 0.100000 0.269898
v -0.352249 -0.100000 0.249998
v -0.352249 0.100000 0.249998
v -0.351000 -0.100000 0.229000
v -0.351000 0.100000 0.229000
v -1.387000 -0.100000 0.000000
v -1.387000 0.100000 0.000000
v -1.387000 -0.100000 0.531000
v -1.387000 0.100000 0.531000
v -1.385000 -0.100000 0.531000
v -1.385000 0.100000 0.531000
v -1.175000 -0.100000 0.267000
v -1.175000 0.100000 0.267000
v -1.159000 -0.100000 0.267000
v -1.159000 0.100000 0.267000
v -0.949000 -0.100000 0.531000
v -0.949000 0.100000 0.531000
v -0.947000 -0.100000 0.531000
v -0.947000 0.100000 0.531000
v -0.947000 -0.100000 0.000000
v -0.947000 0.100000 0.000000
v -0.849000 -0.100000 0.000000
v -0.849000 0.100000 0.000000
v -0.849000 -0.100000 0.682000
v -0.849000 0.100000 0.682000
v -0.941000 -0.100000 0.682000
v -0.941000 0.100000 0.682000
v -1.167000 -0.100000 0.402000
v -1.167000 0.100000 0.402000
v -1.394000 -0.100000 0.682000
v -1.394000 0.100000 0.682000
v -1.485000 -0.100000 0.682000
v -1.485000 0.100000 0.682000
v -1.485000 -0.100000 0.000000
v -1.485000 0.100000 0.000000
v -1.958230 -0.100000 0.019639
v -1.958230 0.100000 0.019639
v -1.949338 -0.100000 0.014032
v -1.949338 0.100000 0.014032
v -1.941203 -0.100000 0.009141
v -1.941203 0.100000 0.009141
v -1.933704 -0.100000 0.004926
v -1.933704 0.100000 0.004926
v -1.926718 -0.100000 0.001350
v -1.926718 0.100000 0.001350
v -1.920125 -0.100000 -0.001625
v -1.920125 0.100000 -0.001625
v -1.913803 -0.100000 -0.004038
v -1.913803 0.100000 -0.004038
v -1.907630 -0.100000 -0.005926
v -1.907630 0.100000 -0.005926
v -1.901484 -0.100000 -0.007328
v -1.901484 0.100000 -0.007328
v -1.895245 -0.100000 -0.008282
v -1.895245 0.100000 -0.008282
v -1.888791 -0.100000 -0.008827
v -1.888791 0.100000 -0.008827
v -1.882000 -0.100000 -0.009000
v -1.882000 0.100000 -0.009000
v -1.872622 -0.100000 -0.008706
v -1.872622 0.100000 -0.008706
v -1.863977 -0.100000 -0.007815
v -1.863977 0.100000 -0.007815
v -1.856047 -0.100000 -0.006313
v -1.856047 0.100000 -0.006313
v -1.848815 -0.100000 -0.004185
v -1.848815 0.100000 -0.004185
v -1.842263 -0.100000 -0.001419
v -1.842263 0.100000 -0.001419
v -1.836375 -0.100000 0.002000
v -1.836375 0.100000 0.002000
v -1.831133 -0.100000 0.006086
v -1.831133 0.100000 0.006086
v -1.826519 -0.100000 0.010852
v -1.826519 0.100000 0.010852
v -1.822516 -0.100000 0.016312
v -1.822516 0.100000 0.016312
v -1.819106 -0.100000 0.022481
v -1.819106 0.100000 0.022481
v -1.816273 -0.100000 0.029373
v -1.816273 0.100000 0.029373
v -1.814000 -0.100000 0.037000
v -1.814000 0.100000 0.037000
v -1.804210 -0.100000 0.029583
v -1.804210 0.100000 0.029583
v -1.794343 -0.100000 0.022829
v -1.794343 0.100000 0.022829
v -1.784407 -0.100000 0.016734
v -1.784407 0.100000 0.016734
v -1.774408 -0.100000 0.011296
v -1.774408 0.100000 0.011296
v -1.764354 -0.100000 0.006511
v -1.764354 0.100000 0.006511
v -1.754250 -0.100000 0.002375
v -1.754250 0.100000 0.002375
v -1.744106 -0.100000 -0.001115
v -1.744106 0.100000 -0.001115
v -1.733926 -0.100000 -0.003963
v -1.733926 0.100000 -0.003963
v -1.723719 -0.100000 -0.006172
v -1.723719 0.100000 -0.006172
v -1.713491 -0.100000 -0.007745
v -1.713491 0.100000 -0.007745
v -1.703249 -0.100000 -0.008687
v -1.703249 0.100000 -0.008687
v -1.693000 -0.100000 -0.009000
v -1.693000 0.100000 -0.009000
v -1.676972 -0.100000 -0.007943
v -1.676972 0.100000 -0.007943
v -1.661936 -0.100000 -0.004880
v -1.661936 0.100000 -0.004880
v -1.647969 -0.100000 0.000031
v -1.647969 0.100000 0.000031
v -1.635148 -0.100000 0.006630
v -1.635148 0.100000 0.006630
v -1.623550 -0.100000 0.014756
v -1.623550 0.100000 0.014756
v -1.613250 -0.100000 0.024250
v -1.613250 0.100000 0.024250
v -1.604325 -0.100000 0.034953
v -1.604325 0.100000 0.034953
v -1.596852 -0.100000 0.046704
v -1.596852 0.100000 0.046704
v -1.590906 -0.100000 0.059344
v -1.590906 0.100000 0.059344
v -1.586565 -0.100000 0.072713
v -1.586565 0.100000 0.072713
v -1.583904 -0.100000 0.086652
v -1.583904 0.100000 0.086652
v -1.583000 -0.100000 0.101000
v -1.583000 0.100000 0.101000
v -1.584636 -0.100000 0.121994
v -1.584636 0.100000 0.121994
v -1.589334 -0.100000 0.140616
v -1.589334 0.100000 0.140616
v -1.596781 -0.100000 0.157078
v -1.596781 0.100000 0.157078
v -1.606667 -0.100000 0.171593
v -1.606667 0.100000 0.171593
v -1.618677 -0.100000 0.184371
v -1.618677 0.100000 0.184371
v -1.632500 -0.100000 0.195625
v -1.632500 0.100000 0.195625
v -1.647823 -0.100000 0.205567
v -1.647823 0.100000 0.205567
v -1.664333 -0.100000 0.214407
v -1.664333 0.100000 0.214407
v -1.681719 -0.100000 0.222359
v -1.681719 0.100000 0.222359
v -1.699666 -0.100000 0.229634
v -1.699666 0.100000 0.229634
v -1.717864 -0.100000 0.236444
v -1.717864 0.100000 0.236444
v -1.736000 -0.100000 0.243000
v -1.736000 0.100000 0.243000
v -1.815000 -0.100000 0.271000
v -1.815000 0.100000 0.271000
v -1.815000 -0.100000 0.295000
v -1.815000 0.100000 0.295000
v -1.814438 -0.100000 0.308318
v -1.814438 0.100000 0.308318
v -1.812750 -0.100000 0.320296
v -1.812750 0.100000 0.320296
v -1.809938 -0.100000 0.330969
v -1.809938 0.100000 0.330969
v -1.806000 -0.100000 0.340370
v -1.806000 0.100000 0.340370
v -1.800937 -0.100000 0.348536
v -1.800937 0.100000 0.348536
v -1.794750 -0.100000 0.355500
v -1.794750 0.100000 0.355500
v -1.787438 -0.100000 0.361297
v -1.787438 0.100000 0.361297
v -1.779000 -0.100000 0.365963
v -1.779000 0.100000 0.365963
v -1.769438 -0.100000 0.369531
v -1.769438 0.100000 0.369531
v -1.758750 -0.100000 0.372037
v -1.758750 0.100000 0.372037
v -1.746938 -0.100000 0.373515
v -1.746938 0.100000 0.373515
v -1.734000 -0.100000 0.374000
v -1.734000 0.100000 0.374000
v -1.721733 -0.100000 0.373518
v -1.721733 0.100000 0.373518
v -1.709453 -0.100000 0.372060
v -1.709453 0.100000 0.372060
v -1.697187 -0.100000 0.369609
v -1.697187 0.100000 0.369609
v -1.684963 -0.100000 0.366148
v -1.684963 0.100000 0.366148
v -1.672807 -0.100000 0.361659
v -1.672807 0.100000 0.361659
v -1.660750 -0.100000 0.356125
v -1.660750 0.100000 0.356125
v -1.648817 -0.100000 0.349528
v -1.648817 0.100000 0.349528
v -1.637037 -0.100000 0.341852
v -1.637037 0.100000 0.341852
v -1.625437 -0.100000 0.333078
v -1.625437 0.100000 0.333078
v -1.614046 -0.100000 0.323190
v -1.614046 0.100000 0.323190
v -1.602891 -0.100000 0.312170
v -1.602891 0.100000 0.312170
v -1.592000 -0.100000 0.300000
v -1.592000 0.100000 0.300000
v -1.592000 -0.100000 0.397000
v -1.592000 0.100000 0.397000
v -1.601043 -0.100000 0.406813
v -1.601043 0.100000 0.406813
v -1.610676 -0.100000 0.415755
v -1.610676 0.100000 0.415755
v -1.620906 -0.100000 0.423828
v -1.620906 0.100000 0.423828
v -1.631741 -0.100000 0.431037
v -1.631741 0.100000 0.431037
v -1.643186 -0.100000 0.437385
v -1.643186 0.100000 0.437385
v -1.655250 -0.100000 0.442875
v -1.655250 0.100000 0.442875
v -1.667938 -0.100000 0.447511
v -1.667938 0.100000 0.447511
v -1.681259 -0.100000 0.451296
v -1.681259 0.100000 0.451296
v -1.695218 -0.100000 0.454234
v -1.695218 0.100000 0.454234
v -1.709824 -0.100000 0.456329
v -1.709824 0.100000 0.456329
v -1.725082 -0.100000 0.457583
v -1.725082 0.100000 0.457583
v -1.741000 -0.100000 0.458000
v -1.741000 0.100000 0.458000
v -1.763324 -0.100000 0.457036
v -1.763324 0.100000 0.457036
v -1.784672 -0.100000 0.454120
v -1.784672 0.100000 0.454120
v -1.804859 -0.100000 0.449219
v -1.804859 0.100000 0.449219
v -1.823704 -0.100000 0.442296
v -1.823704 0.100000 0.442296
v -1.841020 -0.100000 0.433318
v -1.841020 0.100000 0.433318
v -1.856625 -0.100000 0.422250
v -1.856625 0.100000 0.422250
v -1.870334 -0.100000 0.409057
v -1.870334 0.100000 0.409057
v -1.881963 -0.100000 0.393704
v -1.881963 0.100000 0.393704
v -1.891328 -0.100000 0.376156
v -1.891328 0.100000 0.376156
v -1.898246 -0.100000 0.356380
v -1.898246 0.100000 0.356380
v -1.902531 -0.100000 0.334339
v -1.902531 0.100000 0.334339
v -1.904000 -0.100000 0.310000
v -1.904000 0.100000 0.310000
v -1.904000 -0.100000 0.079000
v -1.904000 0.100000 0.079000
v -1.904124 -0.100000 0.074976
v -1.904124 0.100000 0.074976
v -1.904495 -0.100000 0.071394
v -1.904495 0.100000 0.071394
v -1.905110 -0.100000 0.068234
v -1.905110 0.100000 0.068234
v -1.905963 -0.100000 0.065481
v -1.905963 0.100000 0.065481
v -1.907053 -0.100000 0.063117
v -1.907053 0.100000 0.063117
v -1.908375 -0.100000 0.061125
v -1.908375 0.100000 0.061125
v -1.909927 -0.100000 0.059487
v -1.909927 0.100000 0.059487
v -1.911704 -0.100000 0.058185
v -1.911704 0.100000 0.058185
v -1.913703 -0.100000 0.057203
v -1.913703 0.100000 0.057203
v -1.915921 -0.100000 0.056523
v -1.915921 0.100000 0.056523
v -1.918355 -0.100000 0.056128
v -1.918355 0.100000 0.056128
v -1.921000 -0.100000 0.056000
v -1.921000 0.100000 0.056000
v -1.923434 -0.100000 0.056186
v -1.923434 0.100000 0.056186
v -1.926218 -0.100000 0.056736
v -1.926218 0.100000 0.056736
v -1.929328 -0.100000 0.057641
v -1.929328 0.100000 0.057641
v -1.932741 -0.100000 0.058889
v -1.932741 0.100000 0.058889
v -1.936431 -0.100000 0.060470
v -1.936431 0.100000 0.060470
v -1.940375 -0.100000 0.062375
v -1.940375 0.100000 0.062375
v -1.944548 -0.100000 0.064592
v -1.944548 0.100000 0.064592
v -1.948926 -0.100000 0.067111
v -1.948926 0.100000 0.067111
v -1.953484 -0.100000 0.069922
v -1.953484 0.100000 0.069922
v -1.958199 -0.100000 0.073014
v -1.958199 0.100000 0.073014
v -1.963046 -0.100000 0.076377
v -1.963046 0.100000 0.076377
v -1.968000 -0.100000 0.080000
v -1.968000 0.100000 0.080000
v -1.968000 -0.100000 0.026000
v -1.968000 0.100000 0.026000
v -1.796241 -0.100000 0.215484
v -1.796241 0.100000 0.215484
v -1.778093 -0.100000 0.208875
v -1.778093 0.100000 0.208875
v -1.760750 -0.100000 0.202078
v -1.760750 0.100000 0.202078
v -1.744407 -0.100000 0.195000
v -1.744407 0.100000 0.195000
v -1.729259 -0.100000 0.187547
v -1.729259 0.100000 0.187547
v -1.715500 -0.100000 0.179625
v -1.715500 0.100000 0.179625
v -1.703324 -0.100000 0.171141
v -1.703324 0.100000 0.171141
v -1.692926 -0.100000 0.162000
v -1.692926 0.100000 0.162000
v -1.684500 -0.100000 0.152109
v -1.684500 0.100000 0.152109
v -1.678241 -0.100000 0.141375
v -1.678241 0.100000 0.141375
v -1.674343 -0.100000 0.129703
v -1.674343 0.100000 0.129703
v -1.673000 -0.100000 0.117000
v -1.673000 0.100000 0.117000
v -1.673553 -0.100000 0.107988
v -1.673553 0.100000 0.107988
v -1.675172 -0.100000 0.099486
v -1.675172 0.100000 0.099486
v -1.677797 -0.100000 0.091547
v -1.677797 0.100000 0.091547
v -1.681370 -0.100000 0.084222
v -1.681370 0.100000 0.084222
v -1.685833 -0.100000 0.077564
v -1.685833 0.100000 0.077564
v -1.691125 -0.100000 0.071625
v -1.691125 0.100000 0.071625
v -1.697188 -0.100000 0.066457
v -1.697188 0.100000 0.066457
v -1.703963 -0.100000 0.062111
v -1.703963 0.100000 0.062111
v -1.711391 -0.100000 0.058641
v -1.711391 0.100000 0.058641
v -1.719412 -0.100000 0.056097
v -1.719412 0.100000 0.056097
v -1.727968 -0.100000 0.054533
v -1.727968 0.100000 0.054533
v -1.737000 -0.100000 0.054000
v -1.737000 0.100000 0.054000
v -1.743958 -0.100000 0.054289
v -1.743958 0.100000 0.054289
v -1.750833 -0.100000 0.055144
v -1.750833 0.100000 0.055144
v -1.757625 -0.100000 0.056547
v -1.757625 0.100000 0.056547
v -1.764333 -0.100000 0.058481
v -1.764333 0.100000 0.058481
v -1.770958 -0.100000 0.060930
v -1.770958 0.100000 0.060930
v -1.777500 -0.100000 0.063875
v -1.777500 0.100000 0.063875
v -1.783958 -0.100000 0.067299
v -1.783958 0.100000 0.067299
v -1.790333 -0.100000 0.071185
v -1.790333 0.100000 0.071185
v -1.796625 -0.100000 0.075516
v -1.796625 0.100000 0.075516
v -1.802833 -0.100000 0.080273
v -1.802833 0.100000 0.080273
v -1.808958 -0.100000 0.085440
v -1.808958 0.100000 0.085440
v -1.815000 -0.100000 0.091000
v -1.815000 0.100000 0.091000
v -1.815000 -0.100000 0.222000
v -1.815000 0.100000 0.222000
v -2.136000 -0.100000 0.390000
v -2.136000 0.100000 0.390000
v -2.144824 -0.100000 0.400371
v -2.144824 0.100000 0.400371
v -2.154259 -0.100000 0.409968
v -2.154259 0.100000 0.409968
v -2.164250 -0.100000 0.418766
v -2.164250 0.100000 0.418766
v -2.174741 -0.100000 0.426741
v -2.174741 0.100000 0.426741
v -2.185676 -0.100000 0.433869
v -2.185676 0.100000 0.433869
v -2.197000 -0.100000 0.440125
v -2.197000 0.100000 0.440125
v -2.208657 -0.100000 0.445486
v -2.208657 0.100000 0.445486
v -2.220592 -0.100000 0.449926
v -2.220592 0.100000 0.449926
v -2.232750 -0.100000 0.453422
v -2.232750 0.100000 0.453422
v -2.245074 -0.100000 0.455949
v -2.245074 0.100000 0.455949
v -2.257509 -0.100000 0.457483
v -2.257509 0.100000 0.457483
v -2.270000 -0.100000 0.458000
v -2.270000 0.100000 0.458000
v -2.290866 -0.100000 0.456788
v -2.290866 0.100000 0.456788
v -2.310847 -0.100000 0.453134
v -2.310847 0.100000 0.453134
v -2.329766 -0.100000 0.447016
v -2.329766 0.100000 0.447016
v -2.347444 -0.100000 0.438407
v -2.347444 0.100000 0.438407
v -2.363706 -0.100000 0.427285
v -2.363706 0.100000 0.427285
v -2.378375 -0.100000 0.413625
v -2.378375 0.100000 0.413625
v -2.391272 -0.100000 0.397402
v -2.391272 0.100000 0.397402
v -2.402222 -0.100000 0.378593
v -2.402222 0.100000 0.378593
v -2.411047 -0.100000 0.357172
v -2.411047 0.100000 0.357172
v -2.417569 -0.100000 0.333116
v -2.417569 0.100000 0.333116
v -2.421613 -0.100000 0.306400
v -2.421613 0.100000 0.306400
v -2.423000 -0.100000 0.277000
v -2.423000 0.100000 0.277000
v -2.423000 -0.100000 0.000000
v -2.423000 0.100000 0.000000
v -2.334000 -0.100000 0.000000
v -2.334000 0.100000 0.000000
v -2.334000 -0.100000 0.278000
v -2.334000 0.100000 0.278000
v -2.333300 -0.100000 0.294009
v -2.333300 0.100000 0.294009
v -2.331232 -0.100000 0.308991
v -2.331232 0.100000 0.308991
v -2.327844 -0.100000 0.322875
v -2.327844 0.100000 0.322875
v -2.323185 -0.100000 0.335593
v -2.323185 0.100000 0.335593
v -2.317304 -0.100000 0.347074
v -2.317304 0.100000 0.347074
v -2.310250 -0.100000 0.357250
v -2.310250 0.100000 0.357250
v -2.302071 -0.100000 0.366051
v -2.302071 0.100000 0.366051
v -2.292815 -0.100000 0.373407
v -2.292815 0.100000 0.373407
v -2.282531 -0.100000 0.379250
v -2.282531 0.100000 0.379250
v -2.271269 -0.100000 0.383509
v -2.271269 0.100000 0.383509
v -2.259075 -0.100000 0.386116
v -2.259075 0.100000 0.386116
v -2.246000 -0.100000 0.387000
v -2.246000 0.100000 0.387000
v -2.236406 -0.100000 0.386619
v -2.236406 0.100000 0.386619
v -2.227079 -0.100000 0.385449
v -2.227079 0.100000 0.385449
v -2.217953 -0.100000 0.383453
v -2.217953 0.100000 0.383453
v -2.208963 -0.100000 0.380593
v -2.208963 0.100000 0.380593
v -2.200042 -0.100000 0.376829
v -2.200042 0.100000 0.376829
v -2.191125 -0.100000 0.372125
v -2.191125 0.100000 0.372125
v -2.182145 -0.100000 0.366442
v -2.182145 0.100000 0.366442
v -2.173037 -0.100000 0.359741
v -2.173037 0.100000 0.359741
v -2.163734 -0.100000 0.351984
v -2.163734 0.100000 0.351984
v -2.154171 -0.100000 0.343134
v -2.154171 0.100000 0.343134
v -2.144282 -0.100000 0.333152
v -2.144282 0.100000 0.333152
v -2.134000 -0.100000 0.322000
v -2.134000 0.100000 0.322000
v -2.134000 -0.100000 0.000000
v -2.134000 0.100000 0.000000
v -2.045000 -0.100000 0.000000
v -2.045000 0.100000 0.000000
v -2.045000 -0.100000 0.449000
v -2.045000 0.100000 0.449000
v -2.134000 -0.100000 0.449000
v -2.134000 0.100000 0.449000
v -2.134000 -0.100000 0.390000
v -2.134000 0.100000 0.390000
vn -0.0000 1.0000 -0.0000
vn -0.0000 -1.0000 -0.0000
vn 0.6452 -0.0000 -0.7641
vn 0.5982 -0.0000 -0.8014
vn 0.5472 -0.0000 -0.8370
vn 0.4924 -0.0000 -0.8703
vn 0.4344 -0.0000 -0.9007
vn 0.3738 -0.0000 -0.9275
vn 0.3113 -0.0000 -0.9503
vn 0.2478 -0.0000 -0.9688
vn 0.1842 -0.0000 -0.9829
vn 0.1212 -0.0000 -0.9926
vn 0.0598 -0.0000 -0.9982
vn -0.0072 -0.0000 -1.0000
vn -0.0900 -0.0000 -0.9959
vn -0.1842 -0.0000 -0.9829
vn -0.2828 -0.0000 -0.9592
vn -0.3856 -0.0000 -0.9227
vn -0.4915 -0.0000 -0.8709
vn -0.5986 -0.0000 -0.8011
vn -0.7033 -0.0000 -0.7109
vn -0.8007 -0.0000 -0.5990
vn -0.8845 -0.0000 -0.4665
vn -0.9482 -0.0000 -0.3175
vn -0.9872 -0.0000 -0.1593
vn -0.9985 -0.0000 0.0556
vn -0.9314 -0.0000 0.3641
vn -0.7737 -0.0000 0.6335
vn -0.6274 -0.0000 0.7787
vn -0.5367 -0.0000 0.8438
vn -0.5005 -0.0000 0.8657
vn -0.5106 -0.0000 0.8598
vn -0.5617 -0.0000 0.8274
vn -0.6501 -0.0000 0.7599
vn -0.7661 -0.0000 0.6427
vn -0.8854 -0.0000 0.4648
vn -0.9712 -0.0000 0.2381
vn -0.9997 -0.0000 0.0262
vn -0.9918 -0.0000 -0.1282
vn -0.9663 -0.0000 -0.2574
vn -0.9231 -0.0000 -0.3845
vn -0.8626 -0.0000 -0.5058
vn -0.7860 -0.0000 -0.6182
vn -0.6952 -0.0000 -0.7188
vn -0.5927 -0.0000 -0.8055
vn -0.4810 -0.0000 -0.8767
vn -0.3632 -0.0000 -0.9317
vn -0.2420 -0.0000 -0.9703
vn -0.1202 -0.0000 -0.9928
vn -0.0182 -0.0000 -0.9998
vn 0.0471 -0.0000 -0.9989
vn 0.0968 -0.0000 -0.9953
vn 0.1491 -0.0000 -0.9888
vn 0.2033 -0.0000 -0.9791
vn 0.2586 -0.0000 -0.9660
vn 0.3140 -0.0000 -0.9494
vn 0.3686 -0.0000 -0.9296
vn 0.4214 -0.0000 -0.9069
vn 0.4717 -0.0000 -0.8817
vn 0.5189 -0.0000 -0.8549
vn 0.5623 -0.0000 -0.8269
vn 0.8896 -0.0000 -0.4567
vn 0.3393 -0.0000 0.9407
vn -0.7500 -0.0000 0.6614
vn -0.7074 -0.0000 0.7068
vn -0.6596 -0.0000 0.7516
vn -0.6063 -0.0000 0.7953
vn -0.5473 -0.0000 0.8370
vn -0.4825 -0.0000 0.8759
vn -0.4122 -0.0000 0.9111
vn -0.3367 -0.0000 0.9416
vn -0.2566 -0.0000 0.9665
vn -0.1730 -0.0000 0.9849
vn -0.0870 -0.0000 0.9962
vn 0.0048 -0.0000 1.0000
vn 0.1096 -0.0000 0.9940
vn 0.2246 -0.0000 0.9744
vn 0.3426 -0.0000 0.9395
vn 0.4598 -0.0000 0.8880
vn 0.5721 -0.0000 0.8202
vn 0.6758 -0.0000 0.7371
vn 0.7680 -0.0000 0.6404
vn 0.8467 -0.0000 0.5321
vn 0.9105 -0.0000 0.4135
vn 0.9584 -0.0000 0.2853
vn 0.9891 -0.0000 0.1473
vn 0.9988 -0.0000 -0.0497
vn 0.9418 -0.0000 -0.3362
vn 0.8047 -0.0000 -0.5937
vn 0.6690 -0.0000 -0.7433
vn 0.5764 -0.0000 -0.8172
vn 0.5308 -0.0000 -0.8475
vn 0.5272 -0.0000 -0.8497
vn 0.5624 -0.0000 -0.8268
vn 0.6354 -0.0000 -0.7722
vn 0.7422 -0.0000 -0.6702
vn 0.8648 -0.0000 -0.5021
vn 0.9638 -0.0000 -0.2666
vn 0.9994 -0.0000 -0.0352
vn 0.9917 -0.0000 0.1285
vn 0.9650 -0.0000 0.2624
vn 0.9175 -0.0000 0.3977
vn 0.8490 -0.0000 0.5283
vn 0.7616 -0.0000 0.6481
vn 0.6592 -0.0000 0.7519
vn 0.5474 -0.0000 0.8369
vn 0.4315 -0.0000 0.9021
vn 0.3162 -0.0000 0.9487
vn 0.2047 -0.0000 0.9788
vn 0.0992 -0.0000 0.9951
vn 0.0112 -0.0000 0.9999
vn -0.0512 -0.0000 0.9987
vn -0.1022 -0.0000 0.9948
vn -0.1527 -0.0000 0.9883
vn -0.2026 -0.0000 0.9793
vn -0.2515 -0.0000 0.9679
vn -0.2993 -0.0000 0.9542
vn -0.3458 -0.0000 0.9383
vn -0.3909 -0.0000 0.9204
vn -0.4344 -0.0000 0.9007
vn -0.4763 -0.0000 0.8793
vn -0.5164 -0.0000 0.8564
vn -0.8763 -0.0000 0.4818
vn -0.4078 -0.0000 -0.9131
vn 0.3790 -0.0000 -0.9254
vn -0.6910 -0.0000 -0.7229
vn -0.6461 -0.0000 -0.7633
vn -0.5995 -0.0000 -0.8004
vn -0.5508 -0.0000 -0.8346
vn -0.4995 -0.0000 -0.8663
vn -0.4450 -0.0000 -0.8955
vn -0.3865 -0.0000 -0.9223
vn -0.3230 -0.0000 -0.9464
vn -0.2537 -0.0000 -0.9673
vn -0.1772 -0.0000 -0.9842
vn -0.0925 -0.0000 -0.9957
vn 0.0063 -0.0000 -1.0000
vn 0.1244 -0.0000 -0.9922
vn 0.2544 -0.0000 -0.9671
vn 0.3871 -0.0000 -0.9221
vn 0.5168 -0.0000 -0.8561
vn 0.6377 -0.0000 -0.7703
vn 0.7439 -0.0000 -0.6683
vn 0.8317 -0.0000 -0.5552
vn 0.8995 -0.0000 -0.4370
vn 0.9477 -0.0000 -0.3190
vn 0.9787 -0.0000 -0.2055
vn 0.9951 -0.0000 -0.0990
vn 0.9997 -0.0000 -0.0239
vn 0.7071 -0.0000 0.7071
vn -0.7071 -0.0000 0.7071
vn -0.9998 -0.0000 0.0212
vn -0.9960 -0.0000 0.0896
vn -0.9818 -0.0000 0.1901
vn -0.9531 -0.0000 0.3027
vn -0.9052 -0.0000 0.4249
vn -0.8342 -0.0000 0.5514
vn -0.7387 -0.0000 0.6740
vn -0.6219 -0.0000 0.7831
vn -0.4912 -0.0000 0.8711
vn -0.3564 -0.0000 0.9343
vn -0.2264 -0.0000 0.9740
vn -0.1073 -0.0000 0.9942
vn -0.0025 -0.0000 1.0000
vn 0.0916 -0.0000 0.9958
vn 0.1820 -0.0000 0.9833
vn 0.2697 -0.0000 0.9629
vn 0.3535 -0.0000 0.9354
vn 0.4323 -0.0000 0.9017
vn 0.5054 -0.0000 0.8629
vn 0.5723 -0.0000 0.8201
vn 0.6329 -0.0000 0.7742
vn 0.6873 -0.0000 0.7263
vn 0.7358 -0.0000 0.6772
vn 0.7786 -0.0000 0.6275
vn 0.9482 -0.0000 0.3176
vn -0.7071 -0.0000 -0.7071
vn 0.7071 -0.0000 -0.7071
vn -0.9207 -0.0000 -0.3903
vn -0.7320 -0.0000 0.6813
vn -0.7606 -0.0000 0.6492
vn -0.7933 -0.0000 0.6088
vn -0.8290 -0.0000 0.5592
vn -0.8660 -0.0000 0.5001
vn -0.9019 -0.0000 0.4319
vn -0.9341 -0.0000 0.3569
vn -0.9605 -0.0000 0.2782
vn -0.9798 -0.0000 0.1998
vn -0.9921 -0.0000 0.1257
vn -0.9983 -0.0000 0.0589
vn -1.0000 -0.0000 -0.0089
vn -0.9962 -0.0000 -0.0868
vn -0.9864 -0.0000 -0.1643
vn -0.9726 -0.0000 -0.2326
vn -0.9559 -0.0000 -0.2936
vn -0.9371 -0.0000 -0.3490
vn -0.9163 -0.0000 -0.4006
vn -0.8932 -0.0000 -0.4496
vn -0.8674 -0.0000 -0.4976
vn -0.8379 -0.0000 -0.5459
vn -0.8029 -0.0000 -0.5961
vn -0.7602 -0.0000 -0.6497
vn -0.6975 -0.0000 -0.7166
vn -0.5856 -0.0000 -0.8106
vn -0.4460 -0.0000 -0.8950
vn -0.3309 -0.0000 -0.9437
vn -0.2470 -0.0000 -0.9690
vn -0.1956 -0.0000 -0.9807
vn -0.1780 -0.0000 -0.9840
vn -0.1992 -0.0000 -0.9800
vn -0.2722 -0.0000 -0.9622
vn -0.4204 -0.0000 -0.9073
vn -0.6589 -0.0000 -0.7522
vn -0.9052 -0.0000 -0.4250
vn -0.9997 -0.0000 -0.0236
vn -0.9500 -0.0000 0.3123
vn -0.8220 -0.0000 0.5695
vn -0.6733 -0.0000 0.7394
vn -0.5444 -0.0000 0.8388
vn -0.4452 -0.0000 0.8954
vn -0.3715 -0.0000 0.9284
vn -0.3171 -0.0000 0.9484
vn -0.2768 -0.0000 0.9609
vn -0.2470 -0.0000 0.9690
vn -0.2248 -0.0000 0.9744
vn -0.2084 -0.0000 0.9780
vn -0.2156 -0.0000 0.9765
vn -0.2687 -0.0000 0.9632
vn -0.3506 -0.0000 0.9365
vn -0.4402 -0.0000 0.8979
vn -0.5356 -0.0000 0.8445
vn -0.6332 -0.0000 0.7739
vn -0.7280 -0.0000 0.6856
vn -0.8139 -0.0000 0.5810
vn -0.8855 -0.0000 0.4646
vn -0.9395 -0.0000 0.3426
vn -0.9752 -0.0000 0.2215
vn -0.9943 -0.0000 0.1067
vn -0.9999 -0.0000 -0.0121
vn -0.9878 -0.0000 -0.1559
vn -0.9484 -0.0000 -0.3172
vn -0.8802 -0.0000 -0.4745
vn -0.7873 -0.0000 -0.6165
vn -0.6781 -0.0000 -0.7350
vn -0.5622 -0.0000 -0.8270
vn -0.4478 -0.0000 -0.8941
vn -0.3401 -0.0000 -0.9404
vn -0.2414 -0.0000 -0.9704
vn -0.1523 -0.0000 -0.9883
vn -0.0724 -0.0000 -0.9974
vn 0.0024 -0.0000 -1.0000
vn 0.0808 -0.0000 -0.9967
vn 0.1654 -0.0000 -0.9862
vn 0.2545 -0.0000 -0.9671
vn 0.3487 -0.0000 -0.9372
vn 0.4479 -0.0000 -0.8941
vn 0.5515 -0.0000 -0.8342
vn 0.6574 -0.0000 -0.7535
vn 0.7615 -0.0000 -0.6482
vn 0.8566 -0.0000 -0.5160
vn 0.9335 -0.0000 -0.3585
vn 0.9832 -0.0000 -0.1827
vn 0.9997 -0.0000 -0.0226
vn 0.9953 -0.0000 0.0971
vn 0.9787 -0.0000 0.2052
vn 0.9463 -0.0000 0.3232
vn 0.8953 -0.0000 0.4454
vn 0.8257 -0.0000 0.5641
vn 0.7409 -0.0000 0.6716
vn 0.6473 -0.0000 0.7622
vn 0.5519 -0.0000 0.8339
vn 0.4605 -0.0000 0.8877
vn 0.3768 -0.0000 0.9263
vn 0.3025 -0.0000 0.9531
vn 0.9889 -0.0000 0.1484
vn 0.5566 -0.0000 -0.8307
vn 0.5944 -0.0000 -0.8042
vn 0.6366 -0.0000 -0.7712
vn 0.6832 -0.0000 -0.7302
vn 0.7337 -0.0000 -0.6795
vn 0.7868 -0.0000 -0.6172
vn 0.8405 -0.0000 -0.5418
vn 0.8918 -0.0000 -0.4525
vn 0.9367 -0.0000 -0.3501
vn 0.9714 -0.0000 -0.2374
vn 0.9929 -0.0000 -0.1190
vn 0.9999 -0.0000 0.0106
vn 0.9873 -0.0000 0.1591
vn 0.9506 -0.0000 0.3104
vn 0.8947 -0.0000 0.4467
vn 0.8256 -0.0000 0.5643
vn 0.7490 -0.0000 0.6625
vn 0.6695 -0.0000 0.7428
vn 0.5900 -0.0000 0.8074
vn 0.5122 -0.0000 0.8589
vn 0.4368 -0.0000 0.8996
vn 0.3642 -0.0000 0.9313
vn 0.2943 -0.0000 0.9557
vn 0.7937 -0.0000 0.6084
vn 0.8388 -0.0000 -0.5444
vn 0.4244 -0.0000 -0.9055
vn 0.4591 -0.0000 -0.8884
vn 0.4947 -0.0000 -0.8690
vn 0.5311 -0.0000 -0.8473
vn 0.5680 -0.0000 -0.8230
vn 0.6052 -0.0000 -0.7960
vn 0.6425 -0.0000 -0.7663
vn 0.6793 -0.0000 -0.7338
vn 0.7155 -0.0000 -0.6986
vn 0.7506 -0.0000 -0.6608
vn 0.7842 -0.0000 -0.6205
vn 0.8189 -0.0000 -0.5740
vn 0.8517 -0.0000 -0.5241
vn 0.8797 -0.0000 -0.4756
vn 0.9048 -0.0000 -0.4259
vn 0.9268 -0.0000 -0.3756
vn 0.9457 -0.0000 -0.3251
vn 0.9615 -0.0000 -0.2749
vn 0.9742 -0.0000 -0.2255
vn 0.9842 -0.0000 -0.1772
vn 0.9915 -0.0000 -0.1303
vn 0.9964 -0.0000 -0.0851
vn 0.9991 -0.0000 -0.0417
vn 0.9997 -0.0000 0.0230
vn 0.9906 -0.0000 0.1371
vn 0.9599 -0.0000 0.2805
vn 0.9053 -0.0000 0.4247
vn 0.8275 -0.0000 0.5615
vn 0.7304 -0.0000 0.6830
vn 0.6207 -0.0000 0.7840
vn 0.5056 -0.0000 0.8628
vn 0.3913 -0.0000 0.9203
vn 0.2819 -0.0000 0.9594
vn 0.1800 -0.0000 0.9837
vn 0.0863 -0.0000 0.9963
vn 0.0208 -0.0000 0.9998
vn -0.1246 -0.0000 -0.9922
vn -0.2465 -0.0000 -0.9691
vn -0.3636 -0.0000 -0.9316
vn -0.4746 -0.0000 -0.8802
vn -0.5787 -0.0000 -0.8155
vn -0.6752 -0.0000 -0.7376
vn -0.7630 -0.0000 -0.6464
vn -0.8407 -0.0000 -0.5414
vn -0.9062 -0.0000 -0.4228
vn -0.9567 -0.0000 -0.2912
vn -0.9889 -0.0000 -0.1488
vn -1.0000 -0.0000 -0.0065
vn -0.9919 -0.0000 0.1268
vn -0.9662 -0.0000 0.2578
vn -0.9210 -0.0000 0.3895
vn -0.8561 -0.0000 0.5169
vn -0.7728 -0.0000 0.6346
vn -0.6745 -0.0000 0.7383
vn -0.5652 -0.0000 0.8249
vn -0.4499 -0.0000 0.8931
vn -0.3327 -0.0000 0.9430
vn -0.2172 -0.0000 0.9761
vn -0.1059 -0.0000 0.9944
vn 0.0036 -0.0000 1.0000
vn 0.1192 -0.0000 0.9929
vn 0.2409 -0.0000 0.9706
vn 0.3627 -0.0000 0.9319
vn 0.4817 -0.0000 0.8763
vn 0.5947 -0.0000 0.8039
vn 0.6983 -0.0000 0.7158
vn 0.7896 -0.0000 0.6136
vn 0.8660 -0.0000 0.5001
vn 0.9256 -0.0000 0.3784
vn 0.9677 -0.0000 0.2522
vn 0.9922 -0.0000 0.1250
vn 1.0000 -0.0000 -0.0076
vn 0.9884 -0.0000 -0.1518
vn 0.9551 -0.0000 -0.2963
vn 0.9034 -0.0000 -0.4288
vn 0.8370 -0.0000 -0.5472
vn 0.7590 -0.0000 -0.6511
vn 0.6715 -0.0000 -0.7410
vn 0.5760 -0.0000 -0.8174
vn 0.4732 -0.0000 -0.8809
vn 0.3635 -0.0000 -0.9316
vn 0.2474 -0.0000 -0.9689
vn 0.1255 -0.0000 -0.9921
vn 0.0004 -0.0000 -1.0000
vn -0.0804 -0.0000 -0.9968
vn -0.1651 -0.0000 -0.9863
vn -0.2549 -0.0000 -0.9670
vn -0.3502 -0.0000 -0.9367
vn -0.4509 -0.0000 -0.8926
vn -0.5561 -0.0000 -0.8311
vn -0.6633 -0.0000 -0.7484
vn -0.7676 -0.0000 -0.6409
vn -0.8617 -0.0000 -0.5074
vn -0.9367 -0.0000 -0.3502
vn -0.9841 -0.0000 -0.1774
vn -1.0000 -0.0000 -0.0020
vn -0.9846 -0.0000 0.1750
vn -0.9340 -0.0000 0.3572
vn -0.8473 -0.0000 0.5312
vn -0.7335 -0.0000 0.6797
vn -0.6079 -0.0000 0.7940
vn -0.4847 -0.0000 0.8747
vn -0.3721 -0.0000 0.9282
vn -0.2735 -0.0000 0.9619
vn -0.1887 -0.0000 0.9820
vn -0.1162 -0.0000 0.9932
vn -0.0542 -0.0000 0.9985
vn 0.0004 -0.0000 1.0000
vn 0.0552 -0.0000 0.9985
vn 0.1169 -0.0000 0.9931
vn 0.1873 -0.0000 0.9823
vn 0.2680 -0.0000 0.9634
vn 0.3607 -0.0000 0.9327
vn 0.4662 -0.0000 0.8847
vn 0.5834 -0.0000 0.8122
vn 0.7065 -0.0000 0.7077
vn 0.8243 -0.0000 0.5661
vn 0.9205 -0.0000 0.3907
vn 0.9806 -0.0000 0.1959
vn 0.9998 -0.0000 -0.0205
vn 0.9616 -0.0000 -0.2743
vn 0.8537 -0.0000 -0.5208
vn 0.7101 -0.0000 -0.7041
vn 0.5681 -0.0000 -0.8230
vn 0.4456 -0.0000 -0.8952
vn 0.3454 -0.0000 -0.9385
vn 0.2640 -0.0000 -0.9645
vn 0.1970 -0.0000 -0.9804
vn 0.1403 -0.0000 -0.9901
vn 0.0907 -0.0000 -0.9959
vn 0.0450 -0.0000 -0.9990
vn -0.0083 -0.0000 -1.0000
vn -0.9928 -0.0000 -0.1201
vn -0.9697 -0.0000 -0.2444
vn -0.9289 -0.0000 -0.3702
vn -0.8697 -0.0000 -0.4936
vn -0.7923 -0.0000 -0.6101
vn -0.6988 -0.0000 -0.7153
vn -0.5921 -0.0000 -0.8058
vn -0.4763 -0.0000 -0.8793
vn -0.3557 -0.0000 -0.9346
vn -0.2341 -0.0000 -0.9722
vn -0.1149 -0.0000 -0.9934
vn 0.0023 -0.0000 -1.0000
vn 0.1232 -0.0000 -0.9924
vn 0.2485 -0.0000 -0.9686
vn 0.3731 -0.0000 -0.9278
vn 0.4937 -0.0000 -0.8697
vn 0.6067 -0.0000 -0.7949
vn 0.7092 -0.0000 -0.7050
vn 0.7983 -0.0000 -0.6022
vn 0.8721 -0.0000 -0.4894
vn 0.9292 -0.0000 -0.3695
vn 0.9693 -0.0000 -0.2460
vn 0.9925 -0.0000 -0.1220
vn 1.0000 -0.0000 0.0032
vn 0.9911 -0.0000 0.1334
vn 0.9641 -0.0000 0.2654
vn 0.9198 -0.0000 0.3925
vn 0.8591 -0.0000 0.5118
vn 0.7838 -0.0000 0.6210
vn 0.6955 -0.0000 0.7185
vn 0.5960 -0.0000 0.8030
vn 0.4873 -0.0000 0.8733
vn 0.3710 -0.0000 0.9286
vn 0.2495 -0.0000 0.9684
vn 0.1250 -0.0000 0.9922
vn 0.0025 -0.0000 1.0000
vn -0.1158 -0.0000 0.9933
vn -0.2341 -0.0000 0.9722
vn -0.3530 -0.0000 0.9356
vn -0.4699 -0.0000 0.8827
vn -0.5819 -0.0000 0.8133
vn -0.6859 -0.0000 0.7277
vn -0.7788 -0.0000 0.6272
vn -0.8578 -0.0000 0.5140
vn -0.9204 -0.0000 0.3909
vn -0.9652 -0.0000 0.2616
vn -0.9915 -0.0000 0.1302
vn -1.0000 -0.0000 0.0027
vn -0.9942 -0.0000 0.1075
vn -0.9755 -0.0000 0.2202
vn -0.9416 -0.0000 0.3368
vn -0.8907 -0.0000 0.4546
vn -0.8217 -0.0000 0.5699
vn -0.7346 -0.0000 0.6786
vn -0.6308 -0.0000 0.7760
vn -0.5135 -0.0000 0.8581
vn -0.3870 -0.0000 0.9221
vn -0.2563 -0.0000 0.9666
vn -0.1262 -0.0000 0.9920
vn -0.0038 -0.0000 1.0000
vn 0.1123 -0.0000 0.9937
vn 0.2318 -0.0000 0.9728
vn 0.3568 -0.0000 0.9342
vn 0.4830 -0.0000 0.8756
vn 0.6045 -0.0000 0.7966
vn 0.7152 -0.0000 0.6989
vn 0.8098 -0.0000 0.5867
vn 0.8848 -0.0000 0.4659
vn 0.9395 -0.0000 0.3425
vn 0.9751 -0.0000 0.2216
vn 0.9942 -0.0000 0.1071
vn 1.0000 -0.0000 -0.0050
vn 0.9922 -0.0000 -0.1250
vn 0.9678 -0.0000 -0.2517
vn 0.9260 -0.0000 -0.3774
vn 0.8669 -0.0000 -0.4985
vn 0.7912 -0.0000 -0.6116
vn 0.7006 -0.0000 -0.7136
vn 0.5975 -0.0000 -0.8019
vn 0.4847 -0.0000 -0.8747
vn 0.3655 -0.0000 -0.9308
vn 0.2431 -0.0000 -0.9700
vn 0.1204 -0.0000 -0.9927
vn -0.0017 -0.0000 -1.0000
vn -0.1271 -0.0000 -0.9919
vn -0.2556 -0.0000 -0.9668
vn -0.3822 -0.0000 -0.9241
vn -0.5035 -0.0000 -0.8640
vn -0.6161 -0.0000 -0.7877
vn -0.7171 -0.0000 -0.6970
vn -0.8043 -0.0000 -0.5943
vn -0.8760 -0.0000 -0.4823
vn -0.9314 -0.0000 -0.3641
vn -0.9702 -0.0000 -0.2424
vn -0.9927 -0.0000 -0.1203
vn -1.0000 -0.0000 -0.0035
vn 0.1361 -0.0000 -0.9907
vn 0.2679 -0.0000 -0.9634
vn 0.3923 -0.0000 -0.9198
vn 0.5076 -0.0000 -0.8616
vn 0.6127 -0.0000 -0.7903
vn 0.7903 -0.0000 -0.6127
vn 0.8616 -0.0000 -0.5076
vn 0.9198 -0.0000 -0.3923
vn 0.9634 -0.0000 -0.2679
vn 0.9907 -0.0000 -0.1360
vn 1.0000 -0.0000 -0.0000
vn 0.9907 -0.0000 0.1361
vn 0.9634 -0.0000 0.2679
vn 0.9198 -0.0000 0.3923
vn 0.8616 -0.0000 0.5075
vn 0.7903 -0.0000 0.6127
vn 0.6127 -0.0000 0.7903
vn 0.5076 -0.0000 0.8616
vn 0.3923 -0.0000 0.9198
vn 0.2679 -0.0000 0.9634
vn 0.1361 -0.0000 0.9907
vn -0.0000 -0.0000 1.0000
vn -0.1360 -0.0000 0.9907
vn -0.2679 -0.0000 0.9634
vn -0.3923 -0.0000 0.9198
vn -0.5076 -0.0000 0.8616
vn -0.6127 -0.0000 0.7903
vn -0.7903 -0.0000 0.6127
vn -0.8616 -0.0000 0.5076
vn -0.9198 -0.0000 0.3923
vn -0.9634 -0.0000 0.2679
vn -0.9907 -0.0000 0.1361
vn -1.0000 -0.0000 -0.0000
vn -0.9907 -0.0000 -0.1361
vn -0.9634 -0.0000 -0.2679
vn -0.9198 -0.0000 -0.3923
vn -0.8616 -0.0000 -0.5076
vn -0.7903 -0.0000 -0.6127
vn -0.6127 -0.0000 -0.7903
vn -0.5076 -0.0000 -0.8616
vn -0.3923 -0.0000 -0.9198
vn -0.2679 -0.0000 -0.9634
vn -0.1361 -0.0000 -0.9907
vn -0.0000 -0.0000 -1.0000
vn 0.8441 -0.0000 -0.5363
vn 1.0000 -0.0000 -0.0096
vn 0.8492 -0.0000 0.5281
vn -0.5332 -0.0000 0.8460
vn 0.0081 -0.0000 1.0000
vn 0.5400 -0.0000 0.8417
vn -0.8438 -0.0000 0.5366
vn -0.5366 -0.0000 -0.8438
vn 0.7838 -0.0000 0.6211
vn -1.0000 -0.0000 0.0028
vn 0.9751 -0.0000 0.2217
vn -0.4344 -0.0000 -0.9007
vn -0.4312 -0.0000 0.9022
vn -0.0011 -0.0000 1.0000
vn 0.4303 -0.0000 0.9027
vn -0.5395 -0.0000 -0.8420
vn -0.5244 -0.0000 -0.8515
vn -0.5027 -0.0000 -0.8645
vn -0.4729 -0.0000 -0.8811
vn -0.4336 -0.0000 -0.9011
vn -0.3841 -0.0000 -0.9233
vn -0.3247 -0.0000 -0.9458
vn -0.2576 -0.0000 -0.9662
vn -0.1869 -0.0000 -0.9824
vn -0.1177 -0.0000 -0.9930
vn -0.0548 -0.0000 -0.9985
vn 0.0029 -0.0000 -1.0000
vn 0.0670 -0.0000 -0.9978
vn 0.1445 -0.0000 -0.9895
vn 0.2345 -0.0000 -0.9721
vn 0.3361 -0.0000 -0.9418
vn 0.4464 -0.0000 -0.8948
vn 0.5597 -0.0000 -0.8287
vn 0.6682 -0.0000 -0.7440
vn 0.7643 -0.0000 -0.6449
vn 0.8426 -0.0000 -0.5386
vn 0.9015 -0.0000 -0.4327
vn 0.9428 -0.0000 -0.3334
vn 0.3111 -0.0000 -0.9504
vn -0.5845 -0.0000 -0.8114
vn -0.5440 -0.0000 -0.8391
vn -0.5005 -0.0000 -0.8658
vn -0.4539 -0.0000 -0.8910
vn -0.4045 -0.0000 -0.9146
vn -0.3522 -0.0000 -0.9359
vn -0.2975 -0.0000 -0.9547
vn -0.2406 -0.0000 -0.9706
vn -0.1819 -0.0000 -0.9833
vn -0.1219 -0.0000 -0.9925
vn -0.0611 -0.0000 -0.9981
vn 0.0176 -0.0000 -0.9998
vn 0.1330 -0.0000 -0.9911
vn 0.2663 -0.0000 -0.9639
vn 0.3956 -0.0000 -0.9184
vn 0.5169 -0.0000 -0.8560
vn 0.6272 -0.0000 -0.7789
vn 0.7244 -0.0000 -0.6893
vn 0.8076 -0.0000 -0.5898
vn 0.8761 -0.0000 -0.4821
vn 0.9298 -0.0000 -0.3680
vn 0.9686 -0.0000 -0.2487
vn 0.9921 -0.0000 -0.1254
vn 1.0000 -0.0000 0.0074
vn 0.9868 -0.0000 0.1617
vn 0.9441 -0.0000 0.3297
vn 0.8721 -0.0000 0.4894
vn 0.7800 -0.0000 0.6258
vn 0.6815 -0.0000 0.7318
vn 0.5887 -0.0000 0.8084
vn 0.5086 -0.0000 0.8610
vn 0.4442 -0.0000 0.8959
vn 0.3959 -0.0000 0.9183
vn 0.3631 -0.0000 0.9318
vn 0.3452 -0.0000 0.9385
vn 0.3370 -0.0000 0.9415
vn 0.8167 -0.0000 0.5770
vn 0.9998 -0.0000 -0.0211
vn 0.9959 -0.0000 -0.0910
vn 0.9803 -0.0000 -0.1975
vn 0.9470 -0.0000 -0.3213
vn 0.8889 -0.0000 -0.4581
vn 0.8017 -0.0000 -0.5978
vn 0.6870 -0.0000 -0.7266
vn 0.5545 -0.0000 -0.8322
vn 0.4179 -0.0000 -0.9085
vn 0.2895 -0.0000 -0.9572
vn 0.1765 -0.0000 -0.9843
vn 0.0809 -0.0000 -0.9967
vn -0.0009 -0.0000 -1.0000
vn -0.0786 -0.0000 -0.9969
vn -0.1570 -0.0000 -0.9876
vn -0.2344 -0.0000 -0.9722
vn -0.3097 -0.0000 -0.9508
vn -0.3821 -0.0000 -0.9241
vn -0.4508 -0.0000 -0.8926
vn -0.5152 -0.0000 -0.8571
vn -0.5750 -0.0000 -0.8182
vn -0.6298 -0.0000 -0.7768
vn -0.6795 -0.0000 -0.7337
vn -0.7243 -0.0000 -0.6895
vn 0.3570 -0.0000 -0.9341
vn 0.9315 -0.0000 0.3637
vn 0.7084 -0.0000 0.7058
vn 0.6504 -0.0000 0.7596
vn 0.5872 -0.0000 0.8094
vn 0.5199 -0.0000 0.8542
vn 0.4500 -0.0000 0.8930
vn 0.3790 -0.0000 0.9254
vn 0.3085 -0.0000 0.9512
vn 0.2398 -0.0000 0.9708
vn 0.1740 -0.0000 0.9847
vn 0.1120 -0.0000 0.9937
vn 0.0541 -0.0000 0.9985
vn -0.0085 -0.0000 1.0000
vn -0.0893 -0.0000 0.9960
vn -0.1859 -0.0000 0.9826
vn -0.2909 -0.0000 0.9568
vn -0.4034 -0.0000 0.9150
vn -0.5207 -0.0000 0.8538
vn -0.6378 -0.0000 0.7702
vn -0.7476 -0.0000 0.6642
vn -0.8423 -0.0000 0.5390
vn -0.9158 -0.0000 0.4017
vn -0.9653 -0.0000 0.2612
vn -0.9921 -0.0000 0.1258
vn -0.9995 -0.0000 0.0301
vn -0.9999 -0.0000 0.0155
vn -0.9978 -0.0000 0.0670
vn -0.9891 -0.0000 0.1470
vn -0.9698 -0.0000 0.2439
vn -0.9337 -0.0000 0.3581
vn -0.8733 -0.0000 0.4872
vn -0.7825 -0.0000 0.6226
vn -0.6611 -0.0000 0.7503
vn -0.5178 -0.0000 0.8555
vn -0.3681 -0.0000 0.9298
vn -0.2272 -0.0000 0.9738
vn -0.1045 -0.0000 0.9945
vn 0.0139 -0.0000 0.9999
vn 0.1353 -0.0000 0.9908
vn 0.2368 -0.0000 0.9716
vn 0.3116 -0.0000 0.9502
vn 0.3689 -0.0000 0.9295
vn 0.4145 -0.0000 0.9101
vn 0.4521 -0.0000 0.8920
vn 0.4840 -0.0000 0.8751
vn 0.5118 -0.0000 0.8591
vn 0.5367 -0.0000 0.8438
vn 0.5593 -0.0000 0.8290
vn 0.5802 -0.0000 0.8145
vn -0.4526 -0.0000 0.8917
vn -0.8791 -0.0000 -0.4767
vn -0.3352 -0.0000 -0.9422
vn -0.3536 -0.0000 -0.9354
vn -0.3812 -0.0000 -0.9245
vn -0.4196 -0.0000 -0.9077
vn -0.4705 -0.0000 -0.8824
vn -0.5358 -0.0000 -0.8443
vn -0.6170 -0.0000 -0.7870
vn -0.7126 -0.0000 -0.7016
vn -0.8158 -0.0000 -0.5784
vn -0.9110 -0.0000 -0.4124
vn -0.9772 -0.0000 -0.2122
vn -0.9998 -0.0000 -0.0220
vn -0.9922 -0.0000 0.1244
vn -0.9680 -0.0000 0.2511
vn -0.9262 -0.0000 0.3771
vn -0.8667 -0.0000 0.4988
vn -0.7905 -0.0000 0.6125
vn -0.6993 -0.0000 0.7148
vn -0.5957 -0.0000 0.8032
vn -0.4827 -0.0000 0.8758
vn -0.3635 -0.0000 0.9316
vn -0.2415 -0.0000 0.9704
vn -0.1196 -0.0000 0.9928
vn -0.0087 -0.0000 1.0000
vn 0.0825 -0.0000 0.9966
vn 0.1630 -0.0000 0.9866
vn 0.2399 -0.0000 0.9708
vn 0.3121 -0.0000 0.9501
vn 0.3788 -0.0000 0.9255
vn 0.4397 -0.0000 0.8981
vn 0.4947 -0.0000 0.8691
vn 0.5439 -0.0000 0.8391
vn 0.5878 -0.0000 0.8090
vn 0.6267 -0.0000 0.7793
vn 0.6611 -0.0000 0.7503
vn 0.9157 -0.0000 0.4018
vn 0.5796 -0.0000 -0.8149
vn 0.4195 -0.0000 0.9077
vn 0.7378 -0.0000 0.6750
vn 0.6874 -0.0000 0.7263
vn 0.6335 -0.0000 0.7738
vn 0.5760 -0.0000 0.8174
vn 0.5152 -0.0000 0.8571
vn 0.4510 -0.0000 0.8925
vn 0.3835 -0.0000 0.9235
vn 0.3128 -0.0000 0.9498
vn 0.2388 -0.0000 0.9711
vn 0.1618 -0.0000 0.9868
vn 0.0820 -0.0000 0.9966
vn -0.0083 -0.0000 1.0000
vn -0.1192 -0.0000 0.9929
vn -0.2443 -0.0000 0.9697
vn -0.3737 -0.0000 0.9276
vn -0.5025 -0.0000 0.8646
vn -0.6248 -0.0000 0.7808
vn -0.7342 -0.0000 0.6790
vn -0.8257 -0.0000 0.5642
vn -0.8965 -0.0000 0.4430
vn -0.9468 -0.0000 0.3219
vn -0.9785 -0.0000 0.2060
vn -0.9951 -0.0000 0.0985
vn -0.9997 -0.0000 0.0236
vn 0.9998 -0.0000 -0.0218
vn 0.9959 -0.0000 -0.0903
vn 0.9823 -0.0000 -0.1872
vn 0.9567 -0.0000 -0.2910
vn 0.9162 -0.0000 -0.4007
vn 0.8578 -0.0000 -0.5139
vn 0.7792 -0.0000 -0.6268
vn 0.6793 -0.0000 -0.7339
vn 0.5598 -0.0000 -0.8286
vn 0.4251 -0.0000 -0.9051
vn 0.2822 -0.0000 -0.9594
vn 0.1386 -0.0000 -0.9903
vn 0.0139 -0.0000 -0.9999
vn -0.0821 -0.0000 -0.9966
vn -0.1692 -0.0000 -0.9856
vn -0.2587 -0.0000 -0.9660
vn -0.3463 -0.0000 -0.9381
vn -0.4280 -0.0000 -0.9038
vn -0.5011 -0.0000 -0.8654
vn -0.5641 -0.0000 -0.8257
vn -0.6168 -0.0000 -0.7871
vn -0.6600 -0.0000 -0.7512
vn -0.6950 -0.0000 -0.7190
vn -0.7229 -0.0000 -0.6909
vn -0.9315 -0.0000 -0.3639
vt 0.196429 0.000000
vt 0.232143 0.000000
vt 0.214286 0.000000
vt 0.178571 0.000000
vt 0.250000 0.000000
vt 0.160714 0.000000
vt 0.142857 0.000000
vt 0.267857 0.000000
vt 0.125000 0.000000
vt 0.946429 0.000000
vt 0.982143 0.000000
vt 0.964286 0.000000
vt 1.000000 0.000000
vt 0.285714 0.000000
vt 0.107143 0.000000
vt 0.089286 0.000000
vt 0.303571 0.000000
vt 0.071429 0.000000
vt 0.321429 0.000000
vt 0.053571 0.000000
vt 0.035714 0.000000
vt 0.339286 0.000000
vt 0.017857 0.000000
vt 0.000000 0.000000
vt 0.696429 0.000000
vt 0.357143 0.000000
vt 0.910714 0.000000
vt 0.892857 0.000000
vt 0.875000 0.000000
vt 0.857143 0.000000
vt 0.839286 0.000000
vt 0.821429 0.000000
vt 0.803571 0.000000
vt 0.785714 0.000000
vt 0.767857 0.000000
vt 0.750000 0.000000
vt 0.732143 0.000000
vt 0.714286 0.000000
vt 0.678571 0.000000
vt 0.660714 0.000000
vt 0.642857 0.000000
vt 0.625000 0.000000
vt 0.375000 0.000000
vt 0.607143 0.000000
vt 0.589286 0.000000
vt 0.571429 0.000000
vt 0.392857 0.000000
vt 0.553571 0.000000
vt 0.535714 0.000000
vt 0.410714 0.000000
vt 0.517857 0.000000
vt 0.928571 0.000000
vt 0.500000 0.000000
vt 0.428571 0.000000
vt 0.482143 0.000000
vt 0.464286 0.000000
vt 0.446429 0.000000
vt 0.560694 0.000000
vt 0.572254 0.000000
vt 0.566474 0.000000
vt 0.554913 0.000000
vt 0.578035 0.000000
vt 0.549133 0.000000
vt 0.543353 0.000000
vt 0.583815 0.000000
vt 0.537572 0.000000
vt 0.589595 0.000000
vt 0.531792 0.000000
vt 0.526012 0.000000
vt 0.595376 0.000000
vt 0.520231 0.000000
vt 0.601156 0.000000
vt 0.514451 0.000000
vt 0.508671 0.000000
vt 0.606936 0.000000
vt 0.502890 0.000000
vt 0.612717 0.000000
vt 0.497110 0.000000
vt 0.491329 0.000000
vt 0.485549 0.000000
vt 0.479769 0.000000
vt 0.473988 0.000000
vt 0.468208 0.000000
vt 0.462428 0.000000
vt 0.456647 0.000000
vt 0.450867 0.000000
vt 0.445087 0.000000
vt 0.439306 0.000000
vt 0.433526 0.000000
vt 0.427746 0.000000
vt 0.421965 0.000000
vt 0.618497 0.000000
vt 0.416185 0.000000
vt 0.624277 0.000000
vt 0.410405 0.000000
vt 0.404624 0.000000
vt 0.398844 0.000000
vt 0.393064 0.000000
vt 0.387283 0.000000
vt 0.630058 0.000000
vt 0.381503 0.000000
vt 0.375723 0.000000
vt 0.369942 0.000000
vt 0.635838 0.000000
vt 0.364162 0.000000
vt 0.358382 0.000000
vt 0.641618 0.000000
vt 0.352601 0.000000
vt 0.346821 0.000000
vt 0.341040 0.000000
vt 0.335260 0.000000
vt 0.329480 0.000000
vt 0.323699 0.000000
vt 0.317919 0.000000
vt 0.791907 0.000000
vt 0.994220 0.000000
vt 0.797688 0.000000
vt 0.312139 0.000000
vt 0.803468 0.000000
vt 0.306358 0.000000
vt 0.809249 0.000000
vt 0.300578 0.000000
vt 0.815029 0.000000
vt 0.820809 0.000000
vt 0.294798 0.000000
vt 0.826590 0.000000
vt 0.289017 0.000000
vt 0.832370 0.000000
vt 0.838150 0.000000
vt 0.283237 0.000000
vt 0.843931 0.000000
vt 0.849711 0.000000
vt 0.277457 0.000000
vt 0.855491 0.000000
vt 0.271676 0.000000
vt 0.861272 0.000000
vt 0.867052 0.000000
vt 0.265896 0.000000
vt 0.872832 0.000000
vt 0.878613 0.000000
vt 0.988439 0.000000
vt 0.260116 0.000000
vt 0.982659 0.000000
vt 0.884393 0.000000
vt 0.976879 0.000000
vt 0.774566 0.000000
vt 0.786127 0.000000
vt 0.780347 0.000000
vt 0.647399 0.000000
vt 0.890173 0.000000
vt 0.768786 0.000000
vt 0.971098 0.000000
vt 0.653179 0.000000
vt 0.763006 0.000000
vt 0.254335 0.000000
vt 0.895954 0.000000
vt 0.658960 0.000000
vt 0.965318 0.000000
vt 0.757225 0.000000
vt 0.664740 0.000000
vt 0.959538 0.000000
vt 0.751445 0.000000
vt 0.901734 0.000000
vt 0.670520 0.000000
vt 0.745665 0.000000
vt 0.953757 0.000000
vt 0.676301 0.000000
vt 0.739884 0.000000
vt 0.907514 0.000000
vt 0.682081 0.000000
vt 0.947977 0.000000
vt 0.734104 0.000000
vt 0.687861 0.000000
vt 0.248555 0.000000
vt 0.728324 0.000000
vt 0.913295 0.000000
vt 0.942197 0.000000
vt 0.693642 0.000000
vt 0.722543 0.000000
vt 0.699422 0.000000
vt 0.716763 0.000000
vt 0.936416 0.000000
vt 0.705202 0.000000
vt 0.710983 0.000000
vt 0.919075 0.000000
vt 0.930636 0.000000
vt 0.924855 0.000000
vt 0.132948 0.000000
vt 0.242775 0.000000
vt 0.138728 0.000000
vt 0.127168 0.000000
vt 0.236994 0.000000
vt 0.144509 0.000000
vt 0.121387 0.000000
vt 0.231214 0.000000
vt 0.150289 0.000000
vt 0.115607 0.000000
vt 0.005780 0.000000
vt 0.156069 0.000000
vt 0.109827 0.000000
vt 0.225434 0.000000
vt 0.011561 0.000000
vt 0.161850 0.000000
vt 0.104046 0.000000
vt 0.017341 0.000000
vt 0.219653 0.000000
vt 0.167630 0.000000
vt 0.098266 0.000000
vt 0.023121 0.000000
vt 0.173410 0.000000
vt 0.092486 0.000000
vt 0.028902 0.000000
vt 0.213873 0.000000
vt 0.179191 0.000000
vt 0.086705 0.000000
vt 0.034682 0.000000
vt 0.184971 0.000000
vt 0.040462 0.000000
vt 0.080925 0.000000
vt 0.208092 0.000000
vt 0.046243 0.000000
vt 0.190751 0.000000
vt 0.075145 0.000000
vt 0.052023 0.000000
vt 0.196532 0.000000
vt 0.069364 0.000000
vt 0.202312 0.000000
vt 0.057803 0.000000
vt 0.063584 0.000000
vt 0.357895 0.000000
vt 0.378947 0.000000
vt 0.368421 0.000000
vt 0.389474 0.000000
vt 0.347368 0.000000
vt 0.400000 0.000000
vt 0.336842 0.000000
vt 0.410526 0.000000
vt 0.326316 0.000000
vt 0.421053 0.000000
vt 0.315789 0.000000
vt 0.431579 0.000000
vt 0.305263 0.000000
vt 0.442105 0.000000
vt 0.294737 0.000000
vt 0.873684 0.000000
vt 0.884211 0.000000
vt 0.863158 0.000000
vt 0.894737 0.000000
vt 0.852632 0.000000
vt 0.905263 0.000000
vt 0.842105 0.000000
vt 0.452632 0.000000
vt 0.284211 0.000000
vt 0.915789 0.000000
vt 0.831579 0.000000
vt 0.926316 0.000000
vt 0.821053 0.000000
vt 0.936842 0.000000
vt 0.810526 0.000000
vt 0.463158 0.000000
vt 0.273684 0.000000
vt 0.947368 0.000000
vt 0.800000 0.000000
vt 0.957895 0.000000
vt 0.789474 0.000000
vt 0.473684 0.000000
vt 0.263158 0.000000
vt 0.968421 0.000000
vt 0.778947 0.000000
vt 0.484211 0.000000
vt 0.252632 0.000000
vt 0.978947 0.000000
vt 0.768421 0.000000
vt 0.989474 0.000000
vt 0.757895 0.000000
vt 0.494737 0.000000
vt 0.242105 0.000000
vt 0.747368 0.000000
vt 0.231579 0.000000
vt 0.505263 0.000000
vt 0.736842 0.000000
vt 0.515789 0.000000
vt 0.726316 0.000000
vt 0.221053 0.000000
vt 0.010526 0.000000
vt 0.526316 0.000000
vt 0.715789 0.000000
vt 0.536842 0.000000
vt 0.210526 0.000000
vt 0.705263 0.000000
vt 0.021053 0.000000
vt 0.547368 0.000000
vt 0.694737 0.000000
vt 0.200000 0.000000
vt 0.031579 0.000000
vt 0.557895 0.000000
vt 0.684211 0.000000
vt 0.568421 0.000000
vt 0.673684 0.000000
vt 0.189474 0.000000
vt 0.042105 0.000000
vt 0.578947 0.000000
vt 0.663158 0.000000
vt 0.589474 0.000000
vt 0.652632 0.000000
vt 0.600000 0.000000
vt 0.642105 0.000000
vt 0.178947 0.000000
vt 0.052632 0.000000
vt 0.610526 0.000000
vt 0.631579 0.000000
vt 0.621053 0.000000
vt 0.168421 0.000000
vt 0.063158 0.000000
vt 0.157895 0.000000
vt 0.073684 0.000000
vt 0.147368 0.000000
vt 0.084211 0.000000
vt 0.136842 0.000000
vt 0.094737 0.000000
vt 0.126316 0.000000
vt 0.105263 0.000000
vt 0.115789 0.000000
vt 0.941176 0.000000
vt 0.980392 0.000000
vt 0.960784 0.000000
vt 0.431373 0.000000
vt 0.470588 0.000000
vt 0.450980 0.000000
vt 0.490196 0.000000
vt 0.411765 0.000000
vt 0.509804 0.000000
vt 0.392157 0.000000
vt 0.529412 0.000000
vt 0.372549 0.000000
vt 0.549020 0.000000
vt 0.352941 0.000000
vt 0.568627 0.000000
vt 0.333333 0.000000
vt 0.588235 0.000000
vt 0.313726 0.000000
vt 0.607843 0.000000
vt 0.294118 0.000000
vt 0.627451 0.000000
vt 0.274510 0.000000
vt 0.647059 0.000000
vt 0.254902 0.000000
vt 0.666667 0.000000
vt 0.235294 0.000000
vt 0.686275 0.000000
vt 0.215686 0.000000
vt 0.196078 0.000000
vt 0.705882 0.000000
vt 0.725490 0.000000
vt 0.176471 0.000000
vt 0.745098 0.000000
vt 0.156863 0.000000
vt 0.764706 0.000000
vt 0.137255 0.000000
vt 0.784314 0.000000
vt 0.117647 0.000000
vt 0.803922 0.000000
vt 0.098039 0.000000
vt 0.823529 0.000000
vt 0.078431 0.000000
vt 0.843137 0.000000
vt 0.058824 0.000000
vt 0.862745 0.000000
vt 0.039216 0.000000
vt 0.882353 0.000000
vt 0.019608 0.000000
vt 0.901961 0.000000
vt 0.921569 0.000000
vt 0.611765 0.000000
vt 0.619608 0.000000
vt 0.615686 0.000000
vt 0.623529 0.000000
vt 0.603922 0.000000
vt 0.596078 0.000000
vt 0.592157 0.000000
vt 0.584314 0.000000
vt 0.003922 0.000000
vt 0.580392 0.000000
vt 0.811765 0.000000
vt 0.807843 0.000000
vt 0.007843 0.000000
vt 0.631373 0.000000
vt 0.635294 0.000000
vt 0.796078 0.000000
vt 0.639216 0.000000
vt 0.011765 0.000000
vt 0.792157 0.000000
vt 0.643137 0.000000
vt 0.576471 0.000000
vt 0.788235 0.000000
vt 0.015686 0.000000
vt 0.650980 0.000000
vt 0.780392 0.000000
vt 0.654902 0.000000
vt 0.023529 0.000000
vt 0.572549 0.000000
vt 0.776471 0.000000
vt 0.027451 0.000000
vt 0.658824 0.000000
vt 0.031373 0.000000
vt 0.772549 0.000000
vt 0.662745 0.000000
vt 0.035294 0.000000
vt 0.768627 0.000000
vt 0.670588 0.000000
vt 0.043137 0.000000
vt 0.564706 0.000000
vt 0.760784 0.000000
vt 0.047059 0.000000
vt 0.674510 0.000000
vt 0.560784 0.000000
vt 0.050980 0.000000
vt 0.756863 0.000000
vt 0.678431 0.000000
vt 0.556863 0.000000
vt 0.054902 0.000000
vt 0.552941 0.000000
vt 0.752941 0.000000
vt 0.682353 0.000000
vt 0.749020 0.000000
vt 0.545098 0.000000
vt 0.062745 0.000000
vt 0.541176 0.000000
vt 0.690196 0.000000
vt 0.066667 0.000000
vt 0.537255 0.000000
vt 0.741176 0.000000
vt 0.694118 0.000000
vt 0.533333 0.000000
vt 0.070588 0.000000
vt 0.737255 0.000000
vt 0.698039 0.000000
vt 0.733333 0.000000
vt 0.074510 0.000000
vt 0.701961 0.000000
vt 0.525490 0.000000
vt 0.729412 0.000000
vt 0.521569 0.000000
vt 0.709804 0.000000
vt 0.721569 0.000000
vt 0.713726 0.000000
vt 0.517647 0.000000
vt 0.717647 0.000000
vt 0.082353 0.000000
vt 0.513726 0.000000
vt 0.086275 0.000000
vt 0.090196 0.000000
vt 0.505882 0.000000
vt 0.501961 0.000000
vt 0.094118 0.000000
vt 0.498039 0.000000
vt 0.494118 0.000000
vt 0.486275 0.000000
vt 0.101961 0.000000
vt 0.482353 0.000000
vt 0.478431 0.000000
vt 0.474510 0.000000
vt 0.105882 0.000000
vt 0.466667 0.000000
vt 0.462745 0.000000
vt 0.109804 0.000000
vt 0.458824 0.000000
vt 0.113725 0.000000
vt 0.454902 0.000000
vt 0.121569 0.000000
vt 0.447059 0.000000
vt 0.125490 0.000000
vt 0.129412 0.000000
vt 0.443137 0.000000
vt 0.133333 0.000000
vt 0.439216 0.000000
vt 0.435294 0.000000
vt 0.141176 0.000000
vt 0.427451 0.000000
vt 0.145098 0.000000
vt 0.423529 0.000000
vt 0.149020 0.000000
vt 0.419608 0.000000
vt 0.152941 0.000000
vt 0.415686 0.000000
vt 0.160784 0.000000
vt 0.407843 0.000000
vt 0.164706 0.000000
vt 0.403922 0.000000
vt 0.168627 0.000000
vt 0.172549 0.000000
vt 0.396078 0.000000
vt 0.180392 0.000000
vt 0.388235 0.000000
vt 0.184314 0.000000
vt 0.384314 0.000000
vt 0.188235 0.000000
vt 0.380392 0.000000
vt 0.192157 0.000000
vt 0.376471 0.000000
vt 0.368627 0.000000
vt 0.364706 0.000000
vt 0.203922 0.000000
vt 0.360784 0.000000
vt 0.207843 0.000000
vt 0.356863 0.000000
vt 0.211765 0.000000
vt 0.349020 0.000000
vt 0.996078 0.000000
vt 0.219608 0.000000
vt 0.815686 0.000000
vt 0.992157 0.000000
vt 0.819608 0.000000
vt 0.988235 0.000000
vt 0.345098 0.000000
vt 0.984314 0.000000
vt 0.827451 0.000000
vt 0.831373 0.000000
vt 0.976471 0.000000
vt 0.223529 0.000000
vt 0.835294 0.000000
vt 0.972549 0.000000
vt 0.341176 0.000000
vt 0.839216 0.000000
vt 0.968627 0.000000
vt 0.227451 0.000000
vt 0.337255 0.000000
vt 0.964706 0.000000
vt 0.847059 0.000000
vt 0.231373 0.000000
vt 0.850980 0.000000
vt 0.956863 0.000000
vt 0.854902 0.000000
vt 0.329412 0.000000
vt 0.858824 0.000000
vt 0.952941 0.000000
vt 0.239216 0.000000
vt 0.325490 0.000000
vt 0.949020 0.000000
vt 0.866667 0.000000
vt 0.945098 0.000000
vt 0.243137 0.000000
vt 0.870588 0.000000
vt 0.321569 0.000000
vt 0.874510 0.000000
vt 0.937255 0.000000
vt 0.878431 0.000000
vt 0.247059 0.000000
vt 0.933333 0.000000
vt 0.317647 0.000000
vt 0.929412 0.000000
vt 0.886275 0.000000
vt 0.925490 0.000000
vt 0.890196 0.000000
vt 0.250980 0.000000
vt 0.894118 0.000000
vt 0.917647 0.000000
vt 0.898039 0.000000
vt 0.913725 0.000000
vt 0.909804 0.000000
vt 0.905882 0.000000
vt 0.309804 0.000000
vt 0.258824 0.000000
vt 0.305882 0.000000
vt 0.301961 0.000000
vt 0.262745 0.000000
vt 0.298039 0.000000
vt 0.266667 0.000000
vt 0.270588 0.000000
vt 0.290196 0.000000
vt 0.286275 0.000000
vt 0.278431 0.000000
vt 0.282353 0.000000
vt 0.436364 0.000000
vt 0.472727 0.000000
vt 0.454545 0.000000
vt 0.490909 0.000000
vt 0.927273 0.000000
vt 0.963636 0.000000
vt 0.945455 0.000000
vt 0.981818 0.000000
vt 0.418182 0.000000
vt 0.509091 0.000000
vt 0.527273 0.000000
vt 0.545455 0.000000
vt 0.909091 0.000000
vt 0.563636 0.000000
vt 0.890909 0.000000
vt 0.381818 0.000000
vt 0.581818 0.000000
vt 0.872727 0.000000
vt 0.854545 0.000000
vt 0.363636 0.000000
vt 0.836364 0.000000
vt 0.618182 0.000000
vt 0.818182 0.000000
vt 0.636364 0.000000
vt 0.654545 0.000000
vt 0.781818 0.000000
vt 0.345455 0.000000
vt 0.763636 0.000000
vt 0.672727 0.000000
vt 0.745455 0.000000
vt 0.690909 0.000000
vt 0.727273 0.000000
vt 0.709091 0.000000
vt 0.018182 0.000000
vt 0.327273 0.000000
vt 0.036364 0.000000
vt 0.054545 0.000000
vt 0.309091 0.000000
vt 0.072727 0.000000
vt 0.290909 0.000000
vt 0.090909 0.000000
vt 0.109091 0.000000
vt 0.272727 0.000000
vt 0.127273 0.000000
vt 0.145455 0.000000
vt 0.254545 0.000000
vt 0.163636 0.000000
vt 0.236364 0.000000
vt 0.181818 0.000000
vt 0.218182 0.000000
vt 0.884298 0.000000
vt 0.900826 0.000000
vt 0.892562 0.000000
vt 0.917355 0.000000
vt 0.876033 0.000000
vt 0.925620 0.000000
vt 0.933884 0.000000
vt 0.867769 0.000000
vt 0.942149 0.000000
vt 0.950413 0.000000
vt 0.859504 0.000000
vt 0.958678 0.000000
vt 0.966942 0.000000
vt 0.851240 0.000000
vt 0.975207 0.000000
vt 0.983471 0.000000
vt 0.842975 0.000000
vt 0.991736 0.000000
vt 0.057851 0.000000
vt 0.049587 0.000000
vt 0.041322 0.000000
vt 0.033058 0.000000
vt 0.024793 0.000000
vt 0.016529 0.000000
vt 0.008264 0.000000
vt 0.834711 0.000000
vt 0.074380 0.000000
vt 0.066116 0.000000
vt 0.826446 0.000000
vt 0.082645 0.000000
vt 0.099174 0.000000
vt 0.107438 0.000000
vt 0.115702 0.000000
vt 0.123967 0.000000
vt 0.132231 0.000000
vt 0.140496 0.000000
vt 0.809917 0.000000
vt 0.148760 0.000000
vt 0.157025 0.000000
vt 0.165289 0.000000
vt 0.801653 0.000000
vt 0.173554 0.000000
vt 0.793388 0.000000
vt 0.190083 0.000000
vt 0.198347 0.000000
vt 0.785124 0.000000
vt 0.206612 0.000000
vt 0.214876 0.000000
vt 0.776860 0.000000
vt 0.223140 0.000000
vt 0.768595 0.000000
vt 0.231405 0.000000
vt 0.239669 0.000000
vt 0.760331 0.000000
vt 0.247934 0.000000
vt 0.752066 0.000000
vt 0.256198 0.000000
vt 0.743802 0.000000
vt 0.264463 0.000000
vt 0.735537 0.000000
vt 0.719008 0.000000
vt 0.280992 0.000000
vt 0.710744 0.000000
vt 0.702479 0.000000
vt 0.289256 0.000000
vt 0.694215 0.000000
vt 0.487603 0.000000
vt 0.504132 0.000000
vt 0.495868 0.000000
vt 0.297521 0.000000
vt 0.685950 0.000000
vt 0.512397 0.000000
vt 0.677686 0.000000
vt 0.305785 0.000000
vt 0.520661 0.000000
vt 0.669421 0.000000
vt 0.528926 0.000000
vt 0.661157 0.000000
vt 0.652893 0.000000
vt 0.314050 0.000000
vt 0.537190 0.000000
vt 0.644628 0.000000
vt 0.553719 0.000000
vt 0.322314 0.000000
vt 0.628099 0.000000
vt 0.561983 0.000000
vt 0.619835 0.000000
vt 0.570248 0.000000
vt 0.611570 0.000000
vt 0.578512 0.000000
vt 0.603306 0.000000
vt 0.586777 0.000000
vt 0.330579 0.000000
vt 0.595041 0.000000
vt 0.338843 0.000000
vt 0.479339 0.000000
vt 0.471074 0.000000
vt 0.347107 0.000000
vt 0.462810 0.000000
vt 0.355372 0.000000
vt 0.446281 0.000000
vt 0.438017 0.000000
vt 0.429752 0.000000
vt 0.371901 0.000000
vt 0.421488 0.000000
vt 0.413223 0.000000
vt 0.380165 0.000000
vt 0.404959 0.000000
vt 0.396694 0.000000
vt 0.388430 0.000000
vt 0.000000 1.000000
vt 0.008197 1.000000
vt 0.008197 0.000000
vt 0.016393 1.000000
vt 0.016393 0.000000
vt 0.024590 1.000000
vt 0.024590 0.000000
vt 0.032787 1.000000
vt 0.032787 0.000000
vt 0.040984 1.000000
vt 0.040984 0.000000
vt 0.049180 1.000000
vt 0.049180 0.000000
vt 0.057377 1.000000
vt 0.057377 0.000000
vt 0.065574 1.000000
vt 0.065574 0.000000
vt 0.073770 1.000000
vt 0.073770 0.000000
vt 0.081967 1.000000
vt 0.081967 0.000000
vt 0.090164 1.000000
vt 0.090164 0.000000
vt 0.098361 1.000000
vt 0.098361 0.000000
vt 0.106557 1.000000
vt 0.106557 0.000000
vt 0.114754 1.000000
vt 0.114754 0.000000
vt 0.122951 1.000000
vt 0.122951 0.000000
vt 0.131148 1.000000
vt 0.131148 0.000000
vt 0.139344 1.000000
vt 0.139344 0.000000
vt 0.147541 1.000000
vt 0.147541 0.000000
vt 0.155738 1.000000
vt 0.155738 0.000000
vt 0.163934 1.000000
vt 0.163934 0.000000
vt 0.172131 1.000000
vt 0.172131 0.000000
vt 0.180328 1.000000
vt 0.180328 0.000000
vt 0.188525 1.000000
vt 0.188525 0.000000
vt 0.196721 1.000000
vt 0.196721 0.000000
vt 0.204918 1.000000
vt 0.204918 0.000000
vt 0.213115 1.000000
vt 0.213115 0.000000
vt 0.221311 1.000000
vt 0.221311 0.000000
vt 0.229508 1.000000
vt 0.229508 0.000000
vt 0.237705 1.000000
vt 0.237705 0.000000
vt 0.245902 1.000000
vt 0.245902 0.000000
vt 0.254098 1.000000
vt 0.254098 0.000000
vt 0.262295 1.000000
vt 0.262295 0.000000
vt 0.270492 1.000000
vt 0.270492 0.000000
vt 0.278689 1.000000
vt 0.278689 0.000000
vt 0.286885 1.000000
vt 0.286885 0.000000
vt 0.295082 1.000000
vt 0.295082 0.000000
vt 0.303279 1.000000
vt 0.303279 0.000000
vt 0.311475 1.000000
vt 0.311475 0.000000
vt 0.319672 1.000000
vt 0.319672 0.000000
vt 0.327869 1.000000
vt 0.327869 0.000000
vt 0.336066 1.000000
vt 0.336066 0.000000
vt 0.344262 1.000000
vt 0.344262 0.000000
vt 0.352459 1.000000
vt 0.352459 0.000000
vt 0.360656 1.000000
vt 0.360656 0.000000
vt 0.368852 1.000000
vt 0.368852 0.000000
vt 0.377049 1.000000
vt 0.377049 0.000000
vt 0.385246 1.000000
vt 0.385246 0.000000
vt 0.393443 1.000000
vt 0.393443 0.000000
vt 0.401639 1.000000
vt 0.401639 0.000000
vt 0.409836 1.000000
vt 0.409836 0.000000
vt 0.418033 1.000000
vt 0.418033 0.000000
vt 0.426230 1.000000
vt 0.426230 0.000000
vt 0.434426 1.000000
vt 0.434426 0.000000
vt 0.442623 1.000000
vt 0.442623 0.000000
vt 0.450820 1.000000
vt 0.450820 0.000000
vt 0.459016 1.000000
vt 0.459016 0.000000
vt 0.467213 1.000000
vt 0.467213 0.000000
vt 0.475410 1.000000
vt 0.475410 0.000000
vt 0.483607 1.000000
vt 0.483607 0.000000
vt 0.491803 1.000000
vt 0.491803 0.000000
vt 0.500000 1.000000
vt 0.508197 1.000000
vt 0.508197 0.000000
vt 0.516393 1.000000
vt 0.516393 0.000000
vt 0.524590 1.000000
vt 0.524590 0.000000
vt 0.532787 1.000000
vt 0.532787 0.000000
vt 0.540984 1.000000
vt 0.540984 0.000000
vt 0.549180 1.000000
vt 0.549180 0.000000
vt 0.557377 1.000000
vt 0.557377 0.000000
vt 0.565574 1.000000
vt 0.565574 0.000000
vt 0.573770 1.000000
vt 0.573770 0.000000
vt 0.581967 1.000000
vt 0.581967 0.000000
vt 0.590164 1.000000
vt 0.590164 0.000000
vt 0.598361 1.000000
vt 0.598361 0.000000
vt 0.606557 1.000000
vt 0.606557 0.000000
vt 0.614754 1.000000
vt 0.614754 0.000000
vt 0.622951 1.000000
vt 0.622951 0.000000
vt 0.631148 1.000000
vt 0.631148 0.000000
vt 0.639344 1.000000
vt 0.639344 0.000000
vt 0.647541 1.000000
vt 0.647541 0.000000
vt 0.655738 1.000000
vt 0.655738 0.000000
vt 0.663934 1.000000
vt 0.663934 0.000000
vt 0.672131 1.000000
vt 0.672131 0.000000
vt 0.680328 1.000000
vt 0.680328 0.000000
vt 0.688525 1.000000
vt 0.688525 0.000000
vt 0.696721 1.000000
vt 0.696721 0.000000
vt 0.704918 1.000000
vt 0.704918 0.000000
vt 0.713115 1.000000
vt 0.713115 0.000000
vt 0.721311 1.000000
vt 0.721311 0.000000
vt 0.729508 1.000000
vt 0.729508 0.000000
vt 0.737705 1.000000
vt 0.737705 0.000000
vt 0.745902 1.000000
vt 0.745902 0.000000
vt 0.754098 1.000000
vt 0.754098 0.000000
vt 0.762295 1.000000
vt 0.762295 0.000000
vt 0.770492 1.000000
vt 0.770492 0.000000
vt 0.778689 1.000000
vt 0.778689 0.000000
vt 0.786885 1.000000
vt 0.786885 0.000000
vt 0.795082 1.000000
vt 0.795082 0.000000
vt 0.803279 1.000000
vt 0.803279 0.000000
vt 0.811475 1.000000
vt 0.811475 0.000000
vt 0.819672 1.000000
vt 0.819672 0.000000
vt 0.827869 1.000000
vt 0.827869 0.000000
vt 0.836066 1.000000
vt 0.836066 0.000000
vt 0.844262 1.000000
vt 0.844262 0.000000
vt 0.852459 1.000000
vt 0.852459 0.000000
vt 0.860656 1.000000
vt 0.860656 0.000000
vt 0.868852 1.000000
vt 0.868852 0.000000
vt 0.877049 1.000000
vt 0.877049 0.000000
vt 0.885246 1.000000
vt 0.885246 0.000000
vt 0.893443 1.000000
vt 0.893443 0.000000
vt 0.901639 1.000000
vt 0.901639 0.000000
vt 0.909836 1.000000
vt 0.909836 0.000000
vt 0.918033 1.000000
vt 0.918033 0.000000
vt 0.926230 1.000000
vt 0.926230 0.000000
vt 0.934426 1.000000
vt 0.934426 0.000000
vt 0.942623 1.000000
vt 0.942623 0.000000
vt 0.950820 1.000000
vt 0.950820 0.000000
vt 0.959016 1.000000
vt 0.959016 0.000000
vt 0.967213 1.000000
vt 0.967213 0.000000
vt 0.975410 1.000000
vt 0.975410 0.000000
vt 0.983607 1.000000
vt 0.983607 0.000000
vt 0.991803 1.000000
vt 0.991803 0.000000
vt 1.000000 1.000000
vt 0.017857 1.000000
vt 0.035714 1.000000
vt 0.053571 1.000000
vt 0.071429 1.000000
vt 0.089286 1.000000
vt 0.107143 1.000000
vt 0.125000 1.000000
vt 0.142857 1.000000
vt 0.160714 1.000000
vt 0.178571 1.000000
vt 0.196429 1.000000
vt 0.214286 1.000000
vt 0.232143 1.000000
vt 0.250000 1.000000
vt 0.267857 1.000000
vt 0.285714 1.000000
vt 0.303571 1.000000
vt 0.321429 1.000000
vt 0.339286 1.000000
vt 0.357143 1.000000
vt 0.375000 1.000000
vt 0.392857 1.000000
vt 0.410714 1.000000
vt 0.428571 1.000000
vt 0.446429 1.000000
vt 0.464286 1.000000
vt 0.482143 1.000000
vt 0.517857 1.000000
vt 0.535714 1.000000
vt 0.553571 1.000000
vt 0.571429 1.000000
vt 0.589286 1.000000
vt 0.607143 1.000000
vt 0.625000 1.000000
vt 0.642857 1.000000
vt 0.660714 1.000000
vt 0.678571 1.000000
vt 0.696429 1.000000
vt 0.714286 1.000000
vt 0.732143 1.000000
vt 0.750000 1.000000
vt 0.767857 1.000000
vt 0.785714 1.000000
vt 0.803571 1.000000
vt 0.821429 1.000000
vt 0.839286 1.000000
vt 0.857143 1.000000
vt 0.875000 1.000000
vt 0.892857 1.000000
vt 0.910714 1.000000
vt 0.928571 1.000000
vt 0.946429 1.000000
vt 0.964286 1.000000
vt 0.982143 1.000000
vt 0.006250 1.000000
vt 0.006250 0.000000
vt 0.012500 1.000000
vt 0.012500 0.000000
vt 0.018750 1.000000
vt 0.018750 0.000000
vt 0.025000 1.000000
vt 0.025000 0.000000
vt 0.031250 1.000000
vt 0.031250 0.000000
vt 0.037500 1.000000
vt 0.037500 0.000000
vt 0.043750 1.000000
vt 0.043750 0.000000
vt 0.050000 1.000000
vt 0.050000 0.000000
vt 0.056250 1.000000
vt 0.056250 0.000000
vt 0.062500 1.000000
vt 0.062500 0.000000
vt 0.068750 1.000000
vt 0.068750 0.000000
vt 0.075000 1.000000
vt 0.075000 0.000000
vt 0.081250 1.000000
vt 0.081250 0.000000
vt 0.087500 1.000000
vt 0.087500 0.000000
vt 0.093750 1.000000
vt 0.093750 0.000000
vt 0.100000 1.000000
vt 0.100000 0.000000
vt 0.106250 1.000000
vt 0.106250 0.000000
vt 0.112500 1.000000
vt 0.112500 0.000000
vt 0.118750 1.000000
vt 0.118750 0.000000
vt 0.131250 1.000000
vt 0.131250 0.000000
vt 0.137500 1.000000
vt 0.137500 0.000000
vt 0.143750 1.000000
vt 0.143750 0.000000
vt 0.150000 1.000000
vt 0.150000 0.000000
vt 0.156250 1.000000
vt 0.156250 0.000000
vt 0.162500 1.000000
vt 0.162500 0.000000
vt 0.168750 1.000000
vt 0.168750 0.000000
vt 0.175000 1.000000
vt 0.175000 0.000000
vt 0.181250 1.000000
vt 0.181250 0.000000
vt 0.187500 1.000000
vt 0.187500 0.000000
vt 0.193750 1.000000
vt 0.193750 0.000000
vt 0.200000 1.000000
vt 0.206250 1.000000
vt 0.206250 0.000000
vt 0.212500 1.000000
vt 0.212500 0.000000
vt 0.218750 1.000000
vt 0.218750 0.000000
vt 0.225000 1.000000
vt 0.225000 0.000000
vt 0.231250 1.000000
vt 0.231250 0.000000
vt 0.237500 1.000000
vt 0.237500 0.000000
vt 0.243750 1.000000
vt 0.243750 0.000000
vt 0.256250 1.000000
vt 0.256250 0.000000
vt 0.262500 1.000000
vt 0.262500 0.000000
vt 0.268750 1.000000
vt 0.268750 0.000000
vt 0.275000 1.000000
vt 0.275000 0.000000
vt 0.281250 1.000000
vt 0.281250 0.000000
vt 0.287500 1.000000
vt 0.287500 0.000000
vt 0.293750 1.000000
vt 0.293750 0.000000
vt 0.300000 1.000000
vt 0.300000 0.000000
vt 0.306250 1.000000
vt 0.306250 0.000000
vt 0.312500 1.000000
vt 0.312500 0.000000
vt 0.318750 1.000000
vt 0.318750 0.000000
vt 0.325000 1.000000
vt 0.325000 0.000000
vt 0.331250 1.000000
vt 0.331250 0.000000
vt 0.337500 1.000000
vt 0.337500 0.000000
vt 0.343750 1.000000
vt 0.343750 0.000000
vt 0.350000 1.000000
vt 0.350000 0.000000
vt 0.356250 1.000000
vt 0.356250 0.000000
vt 0.362500 1.000000
vt 0.362500 0.000000
vt 0.368750 1.000000
vt 0.368750 0.000000
vt 0.381250 1.000000
vt 0.381250 0.000000
vt 0.387500 1.000000
vt 0.387500 0.000000
vt 0.393750 1.000000
vt 0.393750 0.000000
vt 0.400000 1.000000
vt 0.406250 1.000000
vt 0.406250 0.000000
vt 0.412500 1.000000
vt 0.412500 0.000000
vt 0.418750 1.000000
vt 0.418750 0.000000
vt 0.425000 1.000000
vt 0.425000 0.000000
vt 0.431250 1.000000
vt 0.431250 0.000000
vt 0.437500 1.000000
vt 0.437500 0.000000
vt 0.443750 1.000000
vt 0.443750 0.000000
vt 0.450000 1.000000
vt 0.450000 0.000000
vt 0.456250 1.000000
vt 0.456250 0.000000
vt 0.462500 1.000000
vt 0.462500 0.000000
vt 0.468750 1.000000
vt 0.468750 0.000000
vt 0.475000 1.000000
vt 0.475000 0.000000
vt 0.481250 1.000000
vt 0.481250 0.000000
vt 0.487500 1.000000
vt 0.487500 0.000000
vt 0.493750 1.000000
vt 0.493750 0.000000
vt 0.506250 1.000000
vt 0.506250 0.000000
vt 0.512500 1.000000
vt 0.512500 0.000000
vt 0.518750 1.000000
vt 0.518750 0.000000
vt 0.525000 1.000000
vt 0.525000 0.000000
vt 0.531250 1.000000
vt 0.531250 0.000000
vt 0.537500 1.000000
vt 0.537500 0.000000
vt 0.543750 1.000000
vt 0.543750 0.000000
vt 0.550000 1.000000
vt 0.550000 0.000000
vt 0.556250 1.000000
vt 0.556250 0.000000
vt 0.562500 1.000000
vt 0.562500 0.000000
vt 0.568750 1.000000
vt 0.568750 0.000000
vt 0.575000 1.000000
vt 0.575000 0.000000
vt 0.581250 1.000000
vt 0.581250 0.000000
vt 0.587500 1.000000
vt 0.587500 0.000000
vt 0.593750 1.000000
vt 0.593750 0.000000
vt 0.600000 1.000000
vt 0.606250 1.000000
vt 0.606250 0.000000
vt 0.612500 1.000000
vt 0.612500 0.000000
vt 0.618750 1.000000
vt 0.618750 0.000000
vt 0.631250 1.000000
vt 0.631250 0.000000
vt 0.637500 1.000000
vt 0.637500 0.000000
vt 0.643750 1.000000
vt 0.643750 0.000000
vt 0.650000 1.000000
vt 0.650000 0.000000
vt 0.656250 1.000000
vt 0.656250 0.000000
vt 0.662500 1.000000
vt 0.662500 0.000000
vt 0.668750 1.000000
vt 0.668750 0.000000
vt 0.675000 1.000000
vt 0.675000 0.000000
vt 0.681250 1.000000
vt 0.681250 0.000000
vt 0.687500 1.000000
vt 0.687500 0.000000
vt 0.693750 1.000000
vt 0.693750 0.000000
vt 0.700000 1.000000
vt 0.700000 0.000000
vt 0.706250 1.000000
vt 0.706250 0.000000
vt 0.712500 1.000000
vt 0.712500 0.000000
vt 0.718750 1.000000
vt 0.718750 0.000000
vt 0.725000 1.000000
vt 0.725000 0.000000
vt 0.731250 1.000000
vt 0.731250 0.000000
vt 0.737500 1.000000
vt 0.737500 0.000000
vt 0.743750 1.000000
vt 0.743750 0.000000
vt 0.756250 1.000000
vt 0.756250 0.000000
vt 0.762500 1.000000
vt 0.762500 0.000000
vt 0.768750 1.000000
vt 0.768750 0.000000
vt 0.775000 1.000000
vt 0.775000 0.000000
vt 0.781250 1.000000
vt 0.781250 0.000000
vt 0.787500 1.000000
vt 0.787500 0.000000
vt 0.793750 1.000000
vt 0.793750 0.000000
vt 0.800000 1.000000
vt 0.806250 1.000000
vt 0.806250 0.000000
vt 0.812500 1.000000
vt 0.812500 0.000000
vt 0.818750 1.000000
vt 0.818750 0.000000
vt 0.825000 1.000000
vt 0.825000 0.000000
vt 0.831250 1.000000
vt 0.831250 0.000000
vt 0.837500 1.000000
vt 0.837500 0.000000
vt 0.843750 1.000000
vt 0.843750 0.000000
vt 0.850000 1.000000
vt 0.850000 0.000000
vt 0.856250 1.000000
vt 0.856250 0.000000
vt 0.862500 1.000000
vt 0.862500 0.000000
vt 0.868750 1.000000
vt 0.868750 0.000000
vt 0.881250 1.000000
vt 0.881250 0.000000
vt 0.887500 1.000000
vt 0.887500 0.000000
vt 0.893750 1.000000
vt 0.893750 0.000000
vt 0.900000 1.000000
vt 0.900000 0.000000
vt 0.906250 1.000000
vt 0.906250 0.000000
vt 0.912500 1.000000
vt 0.912500 0.000000
vt 0.918750 1.000000
vt 0.918750 0.000000
vt 0.925000 1.000000
vt 0.925000 0.000000
vt 0.931250 1.000000
vt 0.931250 0.000000
vt 0.937500 1.000000
vt 0.937500 0.000000
vt 0.943750 1.000000
vt 0.943750 0.000000
vt 0.950000 1.000000
vt 0.950000 0.000000
vt 0.956250 1.000000
vt 0.956250 0.000000
vt 0.962500 1.000000
vt 0.962500 0.000000
vt 0.968750 1.000000
vt 0.968750 0.000000
vt 0.975000 1.000000
vt 0.975000 0.000000
vt 0.981250 1.000000
vt 0.981250 0.000000
vt 0.987500 1.000000
vt 0.987500 0.000000
vt 0.993750 1.000000
vt 0.993750 0.000000
vt 0.020833 1.000000
vt 0.020833 0.000000
vt 0.041667 1.000000
vt 0.041667 0.000000
vt 0.083333 1.000000
vt 0.083333 0.000000
vt 0.104167 1.000000
vt 0.104167 0.000000
vt 0.145833 1.000000
vt 0.145833 0.000000
vt 0.166667 1.000000
vt 0.166667 0.000000
vt 0.208333 1.000000
vt 0.208333 0.000000
vt 0.229167 1.000000
vt 0.229167 0.000000
vt 0.270833 1.000000
vt 0.270833 0.000000
vt 0.291667 1.000000
vt 0.291667 0.000000
vt 0.333333 1.000000
vt 0.354167 1.000000
vt 0.354167 0.000000
vt 0.395833 1.000000
vt 0.395833 0.000000
vt 0.416667 1.000000
vt 0.416667 0.000000
vt 0.458333 1.000000
vt 0.458333 0.000000
vt 0.479167 1.000000
vt 0.479167 0.000000
vt 0.520833 1.000000
vt 0.520833 0.000000
vt 0.541667 1.000000
vt 0.541667 0.000000
vt 0.583333 1.000000
vt 0.583333 0.000000
vt 0.604167 1.000000
vt 0.604167 0.000000
vt 0.645833 1.000000
vt 0.645833 0.000000
vt 0.666667 1.000000
vt 0.708333 1.000000
vt 0.708333 0.000000
vt 0.729167 1.000000
vt 0.729167 0.000000
vt 0.770833 1.000000
vt 0.770833 0.000000
vt 0.791667 1.000000
vt 0.791667 0.000000
vt 0.833333 1.000000
vt 0.833333 0.000000
vt 0.854167 1.000000
vt 0.854167 0.000000
vt 0.895833 1.000000
vt 0.895833 0.000000
vt 0.916667 1.000000
vt 0.916667 0.000000
vt 0.958333 1.000000
vt 0.958333 0.000000
vt 0.979167 1.000000
vt 0.979167 0.000000
vt 0.066667 1.000000
vt 0.133333 1.000000
vt 0.266667 1.000000
vt 0.466667 1.000000
vt 0.533333 1.000000
vt 0.733333 1.000000
vt 0.866667 1.000000
vt 0.933333 1.000000
vt 0.007299 1.000000
vt 0.007299 0.000000
vt 0.014599 1.000000
vt 0.014599 0.000000
vt 0.021898 1.000000
vt 0.021898 0.000000
vt 0.029197 1.000000
vt 0.029197 0.000000
vt 0.036496 1.000000
vt 0.036496 0.000000
vt 0.043796 1.000000
vt 0.043796 0.000000
vt 0.051095 1.000000
vt 0.051095 0.000000
vt 0.058394 1.000000
vt 0.058394 0.000000
vt 0.065693 1.000000
vt 0.065693 0.000000
vt 0.072993 1.000000
vt 0.072993 0.000000
vt 0.080292 1.000000
vt 0.080292 0.000000
vt 0.087591 1.000000
vt 0.087591 0.000000
vt 0.094891 1.000000
vt 0.094891 0.000000
vt 0.102190 1.000000
vt 0.102190 0.000000
vt 0.109489 1.000000
vt 0.109489 0.000000
vt 0.116788 1.000000
vt 0.116788 0.000000
vt 0.124088 1.000000
vt 0.124088 0.000000
vt 0.131387 1.000000
vt 0.131387 0.000000
vt 0.138686 1.000000
vt 0.138686 0.000000
vt 0.145985 1.000000
vt 0.145985 0.000000
vt 0.153285 1.000000
vt 0.153285 0.000000
vt 0.160584 1.000000
vt 0.160584 0.000000
vt 0.167883 1.000000
vt 0.167883 0.000000
vt 0.175182 1.000000
vt 0.175182 0.000000
vt 0.182482 1.000000
vt 0.182482 0.000000
vt 0.189781 1.000000
vt 0.189781 0.000000
vt 0.197080 1.000000
vt 0.197080 0.000000
vt 0.204380 1.000000
vt 0.204380 0.000000
vt 0.211679 1.000000
vt 0.211679 0.000000
vt 0.218978 1.000000
vt 0.218978 0.000000
vt 0.226277 1.000000
vt 0.226277 0.000000
vt 0.233577 1.000000
vt 0.233577 0.000000
vt 0.240876 1.000000
vt 0.240876 0.000000
vt 0.248175 1.000000
vt 0.248175 0.000000
vt 0.255474 1.000000
vt 0.255474 0.000000
vt 0.262774 1.000000
vt 0.262774 0.000000
vt 0.270073 1.000000
vt 0.270073 0.000000
vt 0.277372 1.000000
vt 0.277372 0.000000
vt 0.284672 1.000000
vt 0.284672 0.000000
vt 0.291971 1.000000
vt 0.291971 0.000000
vt 0.299270 1.000000
vt 0.299270 0.000000
vt 0.306569 1.000000
vt 0.306569 0.000000
vt 0.313869 1.000000
vt 0.313869 0.000000
vt 0.321168 1.000000
vt 0.321168 0.000000
vt 0.328467 1.000000
vt 0.328467 0.000000
vt 0.335766 1.000000
vt 0.335766 0.000000
vt 0.343066 1.000000
vt 0.343066 0.000000
vt 0.350365 1.000000
vt 0.350365 0.000000
vt 0.357664 1.000000
vt 0.357664 0.000000
vt 0.364964 1.000000
vt 0.364964 0.000000
vt 0.372263 1.000000
vt 0.372263 0.000000
vt 0.379562 1.000000
vt 0.379562 0.000000
vt 0.386861 1.000000
vt 0.386861 0.000000
vt 0.394161 1.000000
vt 0.394161 0.000000
vt 0.401460 1.000000
vt 0.401460 0.000000
vt 0.408759 1.000000
vt 0.408759 0.000000
vt 0.416058 1.000000
vt 0.416058 0.000000
vt 0.423358 1.000000
vt 0.423358 0.000000
vt 0.430657 1.000000
vt 0.430657 0.000000
vt 0.437956 1.000000
vt 0.437956 0.000000
vt 0.445255 1.000000
vt 0.445255 0.000000
vt 0.452555 1.000000
vt 0.452555 0.000000
vt 0.459854 1.000000
vt 0.459854 0.000000
vt 0.467153 1.000000
vt 0.467153 0.000000
vt 0.474453 1.000000
vt 0.474453 0.000000
vt 0.481752 1.000000
vt 0.481752 0.000000
vt 0.489051 1.000000
vt 0.489051 0.000000
vt 0.496350 1.000000
vt 0.496350 0.000000
vt 0.503650 1.000000
vt 0.503650 0.000000
vt 0.510949 1.000000
vt 0.510949 0.000000
vt 0.518248 1.000000
vt 0.518248 0.000000
vt 0.525547 1.000000
vt 0.525547 0.000000
vt 0.532847 1.000000
vt 0.532847 0.000000
vt 0.540146 1.000000
vt 0.540146 0.000000
vt 0.547445 1.000000
vt 0.547445 0.000000
vt 0.554745 1.000000
vt 0.554745 0.000000
vt 0.562044 1.000000
vt 0.562044 0.000000
vt 0.569343 1.000000
vt 0.569343 0.000000
vt 0.576642 1.000000
vt 0.576642 0.000000
vt 0.583942 1.000000
vt 0.583942 0.000000
vt 0.591241 1.000000
vt 0.591241 0.000000
vt 0.598540 1.000000
vt 0.598540 0.000000
vt 0.605839 1.000000
vt 0.605839 0.000000
vt 0.613139 1.000000
vt 0.613139 0.000000
vt 0.620438 1.000000
vt 0.620438 0.000000
vt 0.627737 1.000000
vt 0.627737 0.000000
vt 0.635036 1.000000
vt 0.635036 0.000000
vt 0.642336 1.000000
vt 0.642336 0.000000
vt 0.649635 1.000000
vt 0.649635 0.000000
vt 0.656934 1.000000
vt 0.656934 0.000000
vt 0.664234 1.000000
vt 0.664234 0.000000
vt 0.671533 1.000000
vt 0.671533 0.000000
vt 0.678832 1.000000
vt 0.678832 0.000000
vt 0.686131 1.000000
vt 0.686131 0.000000
vt 0.693431 1.000000
vt 0.693431 0.000000
vt 0.700730 1.000000
vt 0.700730 0.000000
vt 0.708029 1.000000
vt 0.708029 0.000000
vt 0.715328 1.000000
vt 0.715328 0.000000
vt 0.722628 1.000000
vt 0.722628 0.000000
vt 0.729927 1.000000
vt 0.729927 0.000000
vt 0.737226 1.000000
vt 0.737226 0.000000
vt 0.744526 1.000000
vt 0.744526 0.000000
vt 0.751825 1.000000
vt 0.751825 0.000000
vt 0.759124 1.000000
vt 0.759124 0.000000
vt 0.766423 1.000000
vt 0.766423 0.000000
vt 0.773723 1.000000
vt 0.773723 0.000000
vt 0.781022 1.000000
vt 0.781022 0.000000
vt 0.788321 1.000000
vt 0.788321 0.000000
vt 0.795620 1.000000
vt 0.795620 0.000000
vt 0.802920 1.000000
vt 0.802920 0.000000
vt 0.810219 1.000000
vt 0.810219 0.000000
vt 0.817518 1.000000
vt 0.817518 0.000000
vt 0.824818 1.000000
vt 0.824818 0.000000
vt 0.832117 1.000000
vt 0.832117 0.000000
vt 0.839416 1.000000
vt 0.839416 0.000000
vt 0.846715 1.000000
vt 0.846715 0.000000
vt 0.854015 1.000000
vt 0.854015 0.000000
vt 0.861314 1.000000
vt 0.861314 0.000000
vt 0.868613 1.000000
vt 0.868613 0.000000
vt 0.875912 1.000000
vt 0.875912 0.000000
vt 0.883212 1.000000
vt 0.883212 0.000000
vt 0.890511 1.000000
vt 0.890511 0.000000
vt 0.897810 1.000000
vt 0.897810 0.000000
vt 0.905109 1.000000
vt 0.905109 0.000000
vt 0.912409 1.000000
vt 0.912409 0.000000
vt 0.919708 1.000000
vt 0.919708 0.000000
vt 0.927007 1.000000
vt 0.927007 0.000000
vt 0.934307 1.000000
vt 0.934307 0.000000
vt 0.941606 1.000000
vt 0.941606 0.000000
vt 0.948905 1.000000
vt 0.948905 0.000000
vt 0.956204 1.000000
vt 0.956204 0.000000
vt 0.963504 1.000000
vt 0.963504 0.000000
vt 0.970803 1.000000
vt 0.970803 0.000000
vt 0.978102 1.000000
vt 0.978102 0.000000
vt 0.985401 1.000000
vt 0.985401 0.000000
vt 0.992701 1.000000
vt 0.992701 0.000000
vt 0.027027 1.000000
vt 0.027027 0.000000
vt 0.054054 1.000000
vt 0.054054 0.000000
vt 0.081081 1.000000
vt 0.081081 0.000000
vt 0.108108 1.000000
vt 0.108108 0.000000
vt 0.135135 1.000000
vt 0.135135 0.000000
vt 0.162162 1.000000
vt 0.162162 0.000000
vt 0.189189 1.000000
vt 0.189189 0.000000
vt 0.216216 1.000000
vt 0.216216 0.000000
vt 0.243243 1.000000
vt 0.243243 0.000000
vt 0.270270 1.000000
vt 0.270270 0.000000
vt 0.297297 1.000000
vt 0.297297 0.000000
vt 0.324324 1.000000
vt 0.324324 0.000000
vt 0.351351 1.000000
vt 0.351351 0.000000
vt 0.378378 1.000000
vt 0.378378 0.000000
vt 0.405405 1.000000
vt 0.405405 0.000000
vt 0.432432 1.000000
vt 0.432432 0.000000
vt 0.459459 1.000000
vt 0.459459 0.000000
vt 0.486486 1.000000
vt 0.486486 0.000000
vt 0.513514 1.000000
vt 0.513514 0.000000
vt 0.540541 1.000000
vt 0.540541 0.000000
vt 0.567568 1.000000
vt 0.567568 0.000000
vt 0.594595 1.000000
vt 0.594595 0.000000
vt 0.621622 1.000000
vt 0.621622 0.000000
vt 0.648649 1.000000
vt 0.648649 0.000000
vt 0.675676 1.000000
vt 0.675676 0.000000
vt 0.702703 1.000000
vt 0.702703 0.000000
vt 0.729730 1.000000
vt 0.729730 0.000000
vt 0.756757 1.000000
vt 0.756757 0.000000
vt 0.783784 1.000000
vt 0.783784 0.000000
vt 0.810811 1.000000
vt 0.810811 0.000000
vt 0.837838 1.000000
vt 0.837838 0.000000
vt 0.864865 1.000000
vt 0.864865 0.000000
vt 0.891892 1.000000
vt 0.891892 0.000000
vt 0.918919 1.000000
vt 0.918919 0.000000
vt 0.945946 1.000000
vt 0.945946 0.000000
vt 0.972973 1.000000
vt 0.972973 0.000000
vt 0.017544 1.000000
vt 0.017544 0.000000
vt 0.035088 1.000000
vt 0.035088 0.000000
vt 0.052632 1.000000
vt 0.070175 1.000000
vt 0.070175 0.000000
vt 0.087719 1.000000
vt 0.087719 0.000000
vt 0.105263 1.000000
vt 0.122807 1.000000
vt 0.122807 0.000000
vt 0.140351 1.000000
vt 0.140351 0.000000
vt 0.157895 1.000000
vt 0.175439 1.000000
vt 0.175439 0.000000
vt 0.192982 1.000000
vt 0.192982 0.000000
vt 0.210526 1.000000
vt 0.228070 1.000000
vt 0.228070 0.000000
vt 0.245614 1.000000
vt 0.245614 0.000000
vt 0.263158 1.000000
vt 0.280702 1.000000
vt 0.280702 0.000000
vt 0.298246 1.000000
vt 0.298246 0.000000
vt 0.315789 1.000000
vt 0.350877 1.000000
vt 0.350877 0.000000
vt 0.368421 1.000000
vt 0.385965 1.000000
vt 0.385965 0.000000
vt 0.403509 1.000000
vt 0.403509 0.000000
vt 0.421053 1.000000
vt 0.438596 1.000000
vt 0.438596 0.000000
vt 0.456140 1.000000
vt 0.456140 0.000000
vt 0.473684 1.000000
vt 0.491228 1.000000
vt 0.491228 0.000000
vt 0.508772 1.000000
vt 0.508772 0.000000
vt 0.526316 1.000000
vt 0.543860 1.000000
vt 0.543860 0.000000
vt 0.561404 1.000000
vt 0.561404 0.000000
vt 0.578947 1.000000
vt 0.596491 1.000000
vt 0.596491 0.000000
vt 0.614035 1.000000
vt 0.614035 0.000000
vt 0.631579 1.000000
vt 0.649123 1.000000
vt 0.649123 0.000000
vt 0.684211 1.000000
vt 0.701754 1.000000
vt 0.701754 0.000000
vt 0.719298 1.000000
vt 0.719298 0.000000
vt 0.736842 1.000000
vt 0.754386 1.000000
vt 0.754386 0.000000
vt 0.771930 1.000000
vt 0.771930 0.000000
vt 0.789474 1.000000
vt 0.807018 1.000000
vt 0.807018 0.000000
vt 0.824561 1.000000
vt 0.824561 0.000000
vt 0.842105 1.000000
vt 0.859649 1.000000
vt 0.859649 0.000000
vt 0.877193 1.000000
vt 0.877193 0.000000
vt 0.894737 1.000000
vt 0.912281 1.000000
vt 0.912281 0.000000
vt 0.929825 1.000000
vt 0.929825 0.000000
vt 0.947368 1.000000
vt 0.964912 1.000000
vt 0.964912 0.000000
vt 0.982456 1.000000
vt 0.982456 0.000000
s 0
f 12/1/1 14/2/1 13/3/1
f 11/4/1 14/2/1 12/1/1
f 11/4/1 15/5/1 14/2/1
f 10/6/1 15/5/1 11/4/1
f 9/7/1 15/5/1 10/6/1
f 9/7/1 16/8/1 15/5/1
f 8/9/1 16/8/1 9/7/1
f 54/10/1 56/11/1 55/12/1
f 54/10/1 57/13/1 56/11/1
f 8/9/1 17/14/1 16/8/1
f 7/15/1 17/14/1 8/9/1
f 6/16/1 17/14/1 7/15/1
f 6/16/1 18/17/1 17/14/1
f 5/18/1 18/17/1 6/16/1
f 5/18/1 19/19/1 18/17/1
f 4/20/1 19/19/1 5/18/1
f 3/21/1 19/19/1 4/20/1
f 3/21/1 20/22/1 19/19/1
f 2/23/1 20/22/1 3/21/1
f 1/24/1 20/22/1 2/23/1
f 1/24/1 40/25/1 20/22/1
f 40/25/1 21/26/1 20/22/1
f 54/10/1 1/24/1 57/13/1
f 54/10/1 52/27/1 1/24/1
f 52/27/1 51/28/1 1/24/1
f 51/28/1 50/29/1 1/24/1
f 50/29/1 49/30/1 1/24/1
f 49/30/1 48/31/1 1/24/1
f 48/31/1 47/32/1 1/24/1
f 47/32/1 46/33/1 1/24/1
f 46/33/1 45/34/1 1/24/1
f 45/34/1 44/35/1 1/24/1
f 44/35/1 43/36/1 1/24/1
f 43/36/1 42/37/1 1/24/1
f 42/37/1 41/38/1 1/24/1
f 41/38/1 40/25/1 1/24/1
f 39/39/1 21/26/1 40/25/1
f 38/40/1 21/26/1 39/39/1
f 37/41/1 21/26/1 38/40/1
f 36/42/1 21/26/1 37/41/1
f 36/42/1 22/43/1 21/26/1
f 35/44/1 22/43/1 36/42/1
f 34/45/1 22/43/1 35/44/1
f 33/46/1 22/43/1 34/45/1
f 33/46/1 23/47/1 22/43/1
f 32/48/1 23/47/1 33/46/1
f 31/49/1 23/47/1 32/48/1
f 31/49/1 24/50/1 23/47/1
f 30/51/1 24/50/1 31/49/1
f 54/10/1 53/52/1 52/27/1
f 29/53/1 24/50/1 30/51/1
f 29/53/1 25/54/1 24/50/1
f 28/55/1 25/54/1 29/53/1
f 27/56/1 25/54/1 28/55/1
f 27/56/1 26/57/1 25/54/1
f 155/58/1 157/59/1 156/60/1
f 154/61/1 157/59/1 155/58/1
f 154/61/1 158/62/1 157/59/1
f 153/63/1 158/62/1 154/61/1
f 152/64/1 158/62/1 153/63/1
f 152/64/1 159/65/1 158/62/1
f 151/66/1 159/65/1 152/64/1
f 151/66/1 160/67/1 159/65/1
f 150/68/1 160/67/1 151/66/1
f 149/69/1 160/67/1 150/68/1
f 149/69/1 161/70/1 160/67/1
f 148/71/1 161/70/1 149/69/1
f 148/71/1 162/72/1 161/70/1
f 147/73/1 162/72/1 148/71/1
f 146/74/1 162/72/1 147/73/1
f 146/74/1 163/75/1 162/72/1
f 145/76/1 163/75/1 146/74/1
f 145/76/1 164/77/1 163/75/1
f 144/78/1 164/77/1 145/76/1
f 143/79/1 142/80/1 144/78/1
f 142/80/1 141/81/1 144/78/1
f 141/81/1 140/82/1 144/78/1
f 140/82/1 139/83/1 144/78/1
f 139/83/1 138/84/1 144/78/1
f 138/84/1 137/85/1 144/78/1
f 137/85/1 136/86/1 144/78/1
f 136/86/1 135/87/1 144/78/1
f 135/87/1 134/88/1 144/78/1
f 134/88/1 133/89/1 144/78/1
f 133/89/1 164/77/1 144/78/1
f 133/89/1 132/90/1 164/77/1
f 132/90/1 131/91/1 164/77/1
f 131/91/1 165/92/1 164/77/1
f 131/91/1 130/93/1 165/92/1
f 130/93/1 166/94/1 165/92/1
f 129/95/1 166/94/1 130/93/1
f 128/96/1 166/94/1 129/95/1
f 127/97/1 166/94/1 128/96/1
f 126/98/1 166/94/1 127/97/1
f 125/99/1 166/94/1 126/98/1
f 125/99/1 167/100/1 166/94/1
f 124/101/1 167/100/1 125/99/1
f 123/102/1 167/100/1 124/101/1
f 122/103/1 167/100/1 123/102/1
f 122/103/1 168/104/1 167/100/1
f 121/105/1 168/104/1 122/103/1
f 120/106/1 168/104/1 121/105/1
f 120/106/1 169/107/1 168/104/1
f 119/108/1 169/107/1 120/106/1
f 118/109/1 169/107/1 119/108/1
f 117/110/1 231/13/1 118/109/1
f 231/13/1 169/107/1 118/109/1
f 116/111/1 231/13/1 117/110/1
f 115/112/1 231/13/1 116/111/1
f 114/113/1 231/13/1 115/112/1
f 113/114/1 231/13/1 114/113/1
f 113/114/1 195/115/1 231/13/1
f 230/116/1 169/107/1 231/13/1
f 113/114/1 196/117/1 195/115/1
f 112/118/1 196/117/1 113/114/1
f 112/118/1 197/119/1 196/117/1
f 111/120/1 197/119/1 112/118/1
f 111/120/1 198/121/1 197/119/1
f 110/122/1 198/121/1 111/120/1
f 110/122/1 199/123/1 198/121/1
f 110/122/1 200/124/1 199/123/1
f 109/125/1 200/124/1 110/122/1
f 109/125/1 201/126/1 200/124/1
f 108/127/1 201/126/1 109/125/1
f 108/127/1 202/128/1 201/126/1
f 108/127/1 203/129/1 202/128/1
f 107/130/1 203/129/1 108/127/1
f 107/130/1 204/131/1 203/129/1
f 107/130/1 205/132/1 204/131/1
f 106/133/1 205/132/1 107/130/1
f 106/133/1 206/134/1 205/132/1
f 105/135/1 206/134/1 106/133/1
f 105/135/1 207/136/1 206/134/1
f 105/135/1 208/137/1 207/136/1
f 104/138/1 208/137/1 105/135/1
f 104/138/1 209/139/1 208/137/1
f 104/138/1 210/140/1 209/139/1
f 229/141/1 169/107/1 230/116/1
f 103/142/1 210/140/1 104/138/1
f 228/143/1 169/107/1 229/141/1
f 103/142/1 211/144/1 210/140/1
f 227/145/1 169/107/1 228/143/1
f 192/146/1 194/147/1 193/148/1
f 227/145/1 170/149/1 169/107/1
f 103/142/1 212/150/1 211/144/1
f 191/151/1 194/147/1 192/146/1
f 226/152/1 170/149/1 227/145/1
f 226/152/1 171/153/1 170/149/1
f 190/154/1 194/147/1 191/151/1
f 102/155/1 212/150/1 103/142/1
f 102/155/1 213/156/1 212/150/1
f 226/152/1 172/157/1 171/153/1
f 225/158/1 172/157/1 226/152/1
f 189/159/1 194/147/1 190/154/1
f 225/158/1 173/160/1 172/157/1
f 224/161/1 173/160/1 225/158/1
f 188/162/1 194/147/1 189/159/1
f 102/155/1 214/163/1 213/156/1
f 224/161/1 174/164/1 173/160/1
f 187/165/1 194/147/1 188/162/1
f 223/166/1 174/164/1 224/161/1
f 223/166/1 175/167/1 174/164/1
f 186/168/1 194/147/1 187/165/1
f 102/155/1 215/169/1 214/163/1
f 223/166/1 176/170/1 175/167/1
f 222/171/1 176/170/1 223/166/1
f 185/172/1 194/147/1 186/168/1
f 222/171/1 177/173/1 176/170/1
f 101/174/1 215/169/1 102/155/1
f 184/175/1 194/147/1 185/172/1
f 101/174/1 216/176/1 215/169/1
f 221/177/1 177/173/1 222/171/1
f 221/177/1 178/178/1 177/173/1
f 183/179/1 194/147/1 184/175/1
f 221/177/1 179/180/1 178/178/1
f 182/181/1 194/147/1 183/179/1
f 220/182/1 179/180/1 221/177/1
f 220/182/1 180/183/1 179/180/1
f 181/184/1 194/147/1 182/181/1
f 220/182/1 181/184/1 180/183/1
f 101/174/1 217/185/1 216/176/1
f 220/182/1 194/147/1 181/184/1
f 219/186/1 194/147/1 220/182/1
f 101/174/1 218/187/1 217/185/1
f 218/187/1 194/147/1 219/186/1
f 101/174/1 81/188/1 218/187/1
f 81/188/1 194/147/1 218/187/1
f 100/189/1 81/188/1 101/174/1
f 100/189/1 82/190/1 81/188/1
f 80/191/1 194/147/1 81/188/1
f 99/192/1 82/190/1 100/189/1
f 99/192/1 83/193/1 82/190/1
f 79/194/1 194/147/1 80/191/1
f 79/194/1 58/24/1 194/147/1
f 98/195/1 83/193/1 99/192/1
f 98/195/1 84/196/1 83/193/1
f 78/197/1 58/24/1 79/194/1
f 78/197/1 59/198/1 58/24/1
f 98/195/1 85/199/1 84/196/1
f 77/200/1 59/198/1 78/197/1
f 97/201/1 85/199/1 98/195/1
f 77/200/1 60/202/1 59/198/1
f 97/201/1 86/203/1 85/199/1
f 76/204/1 60/202/1 77/200/1
f 76/204/1 61/205/1 60/202/1
f 96/206/1 86/203/1 97/201/1
f 96/206/1 87/207/1 86/203/1
f 75/208/1 61/205/1 76/204/1
f 75/208/1 62/209/1 61/205/1
f 96/206/1 88/210/1 87/207/1
f 74/211/1 62/209/1 75/208/1
f 74/211/1 63/212/1 62/209/1
f 95/213/1 88/210/1 96/206/1
f 95/213/1 89/214/1 88/210/1
f 73/215/1 63/212/1 74/211/1
f 73/215/1 64/216/1 63/212/1
f 95/213/1 90/217/1 89/214/1
f 73/215/1 65/218/1 64/216/1
f 72/219/1 65/218/1 73/215/1
f 94/220/1 90/217/1 95/213/1
f 72/219/1 66/221/1 65/218/1
f 94/220/1 91/222/1 90/217/1
f 71/223/1 66/221/1 72/219/1
f 71/223/1 67/224/1 66/221/1
f 94/220/1 92/225/1 91/222/1
f 70/226/1 67/224/1 71/223/1
f 93/227/1 92/225/1 94/220/1
f 70/226/1 68/228/1 67/224/1
f 69/229/1 68/228/1 70/226/1
f 240/46/1 242/38/1 241/41/1
f 240/46/1 238/54/1 242/38/1
f 238/54/1 237/26/1 242/38/1
f 237/26/1 243/34/1 242/38/1
f 243/34/1 245/52/1 244/30/1
f 243/34/1 234/7/1 245/52/1
f 234/7/1 233/18/1 245/52/1
f 233/18/1 246/13/1 245/52/1
f 240/46/1 239/53/1 238/54/1
f 236/14/1 243/34/1 237/26/1
f 243/34/1 235/3/1 234/7/1
f 232/24/1 246/13/1 233/18/1
f 236/14/1 235/3/1 243/34/1
f 281/230/1 283/231/1 282/232/1
f 281/230/1 284/233/1 283/231/1
f 280/234/1 284/233/1 281/230/1
f 280/234/1 285/235/1 284/233/1
f 279/236/1 285/235/1 280/234/1
f 279/236/1 286/237/1 285/235/1
f 278/238/1 286/237/1 279/236/1
f 278/238/1 287/239/1 286/237/1
f 277/240/1 287/239/1 278/238/1
f 277/240/1 288/241/1 287/239/1
f 276/242/1 288/241/1 277/240/1
f 276/242/1 289/243/1 288/241/1
f 275/244/1 330/245/1 276/242/1
f 330/245/1 289/243/1 276/242/1
f 275/244/1 331/246/1 330/245/1
f 329/247/1 289/243/1 330/245/1
f 275/244/1 332/248/1 331/246/1
f 328/249/1 289/243/1 329/247/1
f 275/244/1 333/250/1 332/248/1
f 327/251/1 289/243/1 328/249/1
f 327/251/1 290/252/1 289/243/1
f 274/253/1 333/250/1 275/244/1
f 274/253/1 334/254/1 333/250/1
f 326/255/1 290/252/1 327/251/1
f 274/253/1 335/256/1 334/254/1
f 325/257/1 290/252/1 326/255/1
f 274/253/1 336/258/1 335/256/1
f 324/259/1 290/252/1 325/257/1
f 324/259/1 291/260/1 290/252/1
f 273/261/1 336/258/1 274/253/1
f 273/261/1 337/262/1 336/258/1
f 323/263/1 291/260/1 324/259/1
f 273/261/1 338/264/1 337/262/1
f 322/265/1 291/260/1 323/263/1
f 322/265/1 292/266/1 291/260/1
f 272/267/1 338/264/1 273/261/1
f 272/267/1 339/268/1 338/264/1
f 321/269/1 292/266/1 322/265/1
f 321/269/1 293/270/1 292/266/1
f 271/271/1 339/268/1 272/267/1
f 271/271/1 340/272/1 339/268/1
f 320/273/1 293/270/1 321/269/1
f 271/271/1 341/274/1 340/272/1
f 319/275/1 293/270/1 320/273/1
f 319/275/1 294/276/1 293/270/1
f 270/277/1 341/274/1 271/271/1
f 270/277/1 342/13/1 341/274/1
f 318/278/1 294/276/1 319/275/1
f 269/279/1 342/13/1 270/277/1
f 269/279/1 295/280/1 342/13/1
f 318/278/1 247/24/1 294/276/1
f 317/281/1 247/24/1 318/278/1
f 269/279/1 296/282/1 295/280/1
f 316/283/1 247/24/1 317/281/1
f 268/284/1 296/282/1 269/279/1
f 316/283/1 248/285/1 247/24/1
f 268/284/1 297/286/1 296/282/1
f 315/287/1 248/285/1 316/283/1
f 268/284/1 298/288/1 297/286/1
f 267/289/1 298/288/1 268/284/1
f 314/290/1 248/285/1 315/287/1
f 314/290/1 249/291/1 248/285/1
f 267/289/1 299/292/1 298/288/1
f 313/293/1 249/291/1 314/290/1
f 266/294/1 299/292/1 267/289/1
f 313/293/1 250/295/1 249/291/1
f 266/294/1 300/296/1 299/292/1
f 312/297/1 250/295/1 313/293/1
f 266/294/1 301/298/1 300/296/1
f 311/299/1 250/295/1 312/297/1
f 265/300/1 301/298/1 266/294/1
f 311/299/1 251/301/1 250/295/1
f 265/300/1 302/302/1 301/298/1
f 310/303/1 251/301/1 311/299/1
f 265/300/1 303/304/1 302/302/1
f 309/305/1 251/301/1 310/303/1
f 265/300/1 304/306/1 303/304/1
f 308/307/1 251/301/1 309/305/1
f 264/308/1 304/306/1 265/300/1
f 308/307/1 252/309/1 251/301/1
f 264/308/1 305/310/1 304/306/1
f 307/311/1 252/309/1 308/307/1
f 264/308/1 306/312/1 305/310/1
f 306/312/1 252/309/1 307/311/1
f 264/308/1 252/309/1 306/312/1
f 263/313/1 252/309/1 264/308/1
f 263/313/1 253/314/1 252/309/1
f 262/315/1 253/314/1 263/313/1
f 262/315/1 254/316/1 253/314/1
f 261/317/1 254/316/1 262/315/1
f 261/317/1 255/318/1 254/316/1
f 260/319/1 255/318/1 261/317/1
f 260/319/1 256/320/1 255/318/1
f 259/321/1 256/320/1 260/319/1
f 259/321/1 257/322/1 256/320/1
f 258/323/1 257/322/1 259/321/1
f 344/7/1 346/54/1 345/14/1
f 344/7/1 347/46/1 346/54/1
f 347/46/1 349/30/1 348/38/1
f 347/46/1 350/13/1 349/30/1
f 344/7/1 350/13/1 347/46/1
f 343/24/1 350/13/1 344/7/1
f 399/324/1 401/325/1 400/326/1
f 399/324/1 402/13/1 401/325/1
f 373/327/1 375/328/1 374/329/1
f 373/327/1 376/330/1 375/328/1
f 372/331/1 376/330/1 373/327/1
f 372/331/1 377/332/1 376/330/1
f 371/333/1 377/332/1 372/331/1
f 371/333/1 378/334/1 377/332/1
f 370/335/1 378/334/1 371/333/1
f 370/335/1 379/336/1 378/334/1
f 369/337/1 379/336/1 370/335/1
f 369/337/1 380/338/1 379/336/1
f 368/339/1 380/338/1 369/337/1
f 368/339/1 381/340/1 380/338/1
f 367/341/1 381/340/1 368/339/1
f 367/341/1 382/342/1 381/340/1
f 366/343/1 382/342/1 367/341/1
f 366/343/1 383/344/1 382/342/1
f 365/345/1 383/344/1 366/343/1
f 365/345/1 384/346/1 383/344/1
f 364/347/1 384/346/1 365/345/1
f 364/347/1 385/348/1 384/346/1
f 363/349/1 385/348/1 364/347/1
f 363/349/1 386/350/1 385/348/1
f 362/351/1 386/350/1 363/349/1
f 361/352/1 386/350/1 362/351/1
f 361/352/1 387/353/1 386/350/1
f 361/352/1 388/354/1 387/353/1
f 360/355/1 388/354/1 361/352/1
f 360/355/1 389/356/1 388/354/1
f 359/357/1 389/356/1 360/355/1
f 359/357/1 390/358/1 389/356/1
f 358/359/1 390/358/1 359/357/1
f 358/359/1 391/360/1 390/358/1
f 357/361/1 391/360/1 358/359/1
f 357/361/1 392/362/1 391/360/1
f 356/363/1 392/362/1 357/361/1
f 356/363/1 393/364/1 392/362/1
f 355/365/1 393/364/1 356/363/1
f 355/365/1 394/366/1 393/364/1
f 354/367/1 394/366/1 355/365/1
f 354/367/1 395/368/1 394/366/1
f 353/369/1 395/368/1 354/367/1
f 353/369/1 396/370/1 395/368/1
f 352/371/1 396/370/1 353/369/1
f 352/371/1 397/372/1 396/370/1
f 351/24/1 397/372/1 352/371/1
f 351/24/1 398/373/1 397/372/1
f 437/230/1 439/231/1 438/232/1
f 437/230/1 440/233/1 439/231/1
f 436/234/1 440/233/1 437/230/1
f 436/234/1 441/235/1 440/233/1
f 435/236/1 441/235/1 436/234/1
f 435/236/1 442/237/1 441/235/1
f 434/238/1 442/237/1 435/236/1
f 434/238/1 443/239/1 442/237/1
f 433/240/1 443/239/1 434/238/1
f 433/240/1 444/241/1 443/239/1
f 432/242/1 444/241/1 433/240/1
f 432/242/1 445/243/1 444/241/1
f 431/244/1 486/245/1 432/242/1
f 486/245/1 445/243/1 432/242/1
f 431/244/1 487/246/1 486/245/1
f 485/247/1 445/243/1 486/245/1
f 431/244/1 488/248/1 487/246/1
f 484/249/1 445/243/1 485/247/1
f 431/244/1 489/250/1 488/248/1
f 483/251/1 445/243/1 484/249/1
f 483/251/1 446/252/1 445/243/1
f 430/253/1 489/250/1 431/244/1
f 430/253/1 490/254/1 489/250/1
f 482/255/1 446/252/1 483/251/1
f 430/253/1 491/256/1 490/254/1
f 481/257/1 446/252/1 482/255/1
f 430/253/1 492/258/1 491/256/1
f 480/259/1 446/252/1 481/257/1
f 480/259/1 447/260/1 446/252/1
f 429/261/1 492/258/1 430/253/1
f 429/261/1 493/262/1 492/258/1
f 479/263/1 447/260/1 480/259/1
f 429/261/1 494/264/1 493/262/1
f 478/265/1 447/260/1 479/263/1
f 478/265/1 448/266/1 447/260/1
f 428/267/1 494/264/1 429/261/1
f 428/267/1 495/268/1 494/264/1
f 477/269/1 448/266/1 478/265/1
f 477/269/1 449/270/1 448/266/1
f 427/271/1 495/268/1 428/267/1
f 427/271/1 496/272/1 495/268/1
f 476/273/1 449/270/1 477/269/1
f 427/271/1 497/274/1 496/272/1
f 475/275/1 449/270/1 476/273/1
f 475/275/1 450/276/1 449/270/1
f 426/277/1 497/274/1 427/271/1
f 426/277/1 498/13/1 497/274/1
f 474/278/1 450/276/1 475/275/1
f 425/279/1 498/13/1 426/277/1
f 425/279/1 451/280/1 498/13/1
f 474/278/1 403/24/1 450/276/1
f 473/281/1 403/24/1 474/278/1
f 425/279/1 452/282/1 451/280/1
f 472/283/1 403/24/1 473/281/1
f 424/284/1 452/282/1 425/279/1
f 472/283/1 404/285/1 403/24/1
f 424/284/1 453/286/1 452/282/1
f 471/287/1 404/285/1 472/283/1
f 424/284/1 454/288/1 453/286/1
f 423/289/1 454/288/1 424/284/1
f 470/290/1 404/285/1 471/287/1
f 470/290/1 405/291/1 404/285/1
f 423/289/1 455/292/1 454/288/1
f 469/293/1 405/291/1 470/290/1
f 422/294/1 455/292/1 423/289/1
f 469/293/1 406/295/1 405/291/1
f 422/294/1 456/296/1 455/292/1
f 468/297/1 406/295/1 469/293/1
f 422/294/1 457/298/1 456/296/1
f 467/299/1 406/295/1 468/297/1
f 421/300/1 457/298/1 422/294/1
f 467/299/1 407/301/1 406/295/1
f 421/300/1 458/302/1 457/298/1
f 466/303/1 407/301/1 467/299/1
f 421/300/1 459/304/1 458/302/1
f 465/305/1 407/301/1 466/303/1
f 421/300/1 460/306/1 459/304/1
f 464/307/1 407/301/1 465/305/1
f 420/308/1 460/306/1 421/300/1
f 464/307/1 408/309/1 407/301/1
f 420/308/1 461/310/1 460/306/1
f 463/311/1 408/309/1 464/307/1
f 420/308/1 462/312/1 461/310/1
f 462/312/1 408/309/1 463/311/1
f 420/308/1 408/309/1 462/312/1
f 419/313/1 408/309/1 420/308/1
f 419/313/1 409/314/1 408/309/1
f 418/315/1 409/314/1 419/313/1
f 418/315/1 410/316/1 409/314/1
f 417/317/1 410/316/1 418/315/1
f 417/317/1 411/318/1 410/316/1
f 416/319/1 411/318/1 417/317/1
f 416/319/1 412/320/1 411/318/1
f 415/321/1 412/320/1 416/319/1
f 415/321/1 413/322/1 412/320/1
f 414/323/1 413/322/1 415/321/1
f 655/374/1 657/375/1 656/376/1
f 655/374/1 658/377/1 657/375/1
f 654/342/1 658/377/1 655/374/1
f 653/378/1 658/377/1 654/342/1
f 652/306/1 658/377/1 653/378/1
f 651/379/1 658/377/1 652/306/1
f 650/380/1 658/377/1 651/379/1
f 649/340/1 658/377/1 650/380/1
f 648/381/1 499/24/1 649/340/1
f 499/24/1 658/377/1 649/340/1
f 648/381/1 500/382/1 499/24/1
f 647/383/1 659/344/1 648/381/1
f 659/344/1 706/384/1 648/381/1
f 706/384/1 500/382/1 648/381/1
f 705/385/1 500/382/1 706/384/1
f 705/385/1 501/386/1 500/382/1
f 704/362/1 501/386/1 705/385/1
f 647/383/1 660/387/1 659/344/1
f 703/263/1 501/386/1 704/362/1
f 647/383/1 661/388/1 660/387/1
f 702/389/1 501/386/1 703/263/1
f 647/383/1 662/390/1 661/388/1
f 702/389/1 502/391/1 501/386/1
f 701/392/1 502/391/1 702/389/1
f 647/383/1 663/393/1 662/390/1
f 646/394/1 663/393/1 647/383/1
f 700/395/1 502/391/1 701/392/1
f 700/395/1 503/396/1 502/391/1
f 646/394/1 664/346/1 663/393/1
f 699/360/1 503/396/1 700/395/1
f 646/394/1 665/397/1 664/346/1
f 699/360/1 504/371/1 503/396/1
f 698/398/1 504/371/1 699/360/1
f 646/394/1 666/399/1 665/397/1
f 698/398/1 505/400/1 504/371/1
f 645/401/1 666/399/1 646/394/1
f 697/402/1 505/400/1 698/398/1
f 697/402/1 506/403/1 505/400/1
f 645/401/1 667/404/1 666/399/1
f 697/402/1 507/405/1 506/403/1
f 696/406/1 507/405/1 697/402/1
f 645/401/1 668/407/1 667/404/1
f 644/338/1 668/407/1 645/401/1
f 696/406/1 508/408/1 507/405/1
f 695/409/1 508/408/1 696/406/1
f 644/338/1 669/348/1 668/407/1
f 695/409/1 509/369/1 508/408/1
f 694/358/1 509/369/1 695/409/1
f 644/338/1 670/410/1 669/348/1
f 694/358/1 510/411/1 509/369/1
f 643/412/1 670/410/1 644/338/1
f 693/413/1 510/411/1 694/358/1
f 693/413/1 511/414/1 510/411/1
f 643/412/1 671/415/1 670/410/1
f 642/416/1 671/415/1 643/412/1
f 693/413/1 512/417/1 511/414/1
f 692/418/1 512/417/1 693/413/1
f 642/416/1 672/419/1 671/415/1
f 641/420/1 672/419/1 642/416/1
f 692/418/1 513/421/1 512/417/1
f 640/422/1 672/419/1 641/420/1
f 691/423/1 513/421/1 692/418/1
f 640/422/1 673/424/1 672/419/1
f 691/423/1 514/367/1 513/421/1
f 639/336/1 673/424/1 640/422/1
f 690/425/1 514/367/1 691/423/1
f 639/336/1 674/350/1 673/424/1
f 638/426/1 674/350/1 639/336/1
f 690/425/1 515/427/1 514/367/1
f 689/356/1 515/427/1 690/425/1
f 637/428/1 674/350/1 638/426/1
f 637/428/1 675/429/1 674/350/1
f 689/356/1 516/430/1 515/427/1
f 636/431/1 675/429/1 637/428/1
f 688/432/1 516/430/1 689/356/1
f 636/431/1 676/433/1 675/429/1
f 635/434/1 676/433/1 636/431/1
f 688/432/1 517/435/1 516/430/1
f 687/436/1 517/435/1 688/432/1
f 635/434/1 677/437/1 676/433/1
f 634/334/1 677/437/1 635/434/1
f 686/438/1 517/435/1 687/436/1
f 686/438/1 518/439/1 517/435/1
f 634/334/1 678/440/1 677/437/1
f 633/441/1 678/440/1 634/334/1
f 685/442/1 518/439/1 686/438/1
f 633/441/1 679/353/1 678/440/1
f 685/442/1 519/365/1 518/439/1
f 632/443/1 679/353/1 633/441/1
f 684/354/1 519/365/1 685/442/1
f 632/443/1 680/444/1 679/353/1
f 683/445/1 519/365/1 684/354/1
f 632/443/1 681/446/1 680/444/1
f 631/447/1 681/446/1 632/443/1
f 682/448/1 519/365/1 683/445/1
f 631/447/1 682/448/1 681/446/1
f 631/447/1 519/365/1 682/448/1
f 631/447/1 520/449/1 519/365/1
f 630/450/1 520/449/1 631/447/1
f 630/450/1 521/451/1 520/449/1
f 629/332/1 521/451/1 630/450/1
f 629/332/1 522/452/1 521/451/1
f 628/453/1 522/452/1 629/332/1
f 627/454/1 522/452/1 628/453/1
f 627/454/1 523/455/1 522/452/1
f 626/456/1 523/455/1 627/454/1
f 626/456/1 524/363/1 523/455/1
f 625/457/1 524/363/1 626/456/1
f 624/330/1 524/363/1 625/457/1
f 623/458/1 524/363/1 624/330/1
f 623/458/1 525/459/1 524/363/1
f 622/460/1 525/459/1 623/458/1
f 621/461/1 525/459/1 622/460/1
f 620/462/1 525/459/1 621/461/1
f 620/462/1 526/463/1 525/459/1
f 619/328/1 526/463/1 620/462/1
f 618/464/1 526/463/1 619/328/1
f 617/465/1 526/463/1 618/464/1
f 617/465/1 527/466/1 526/463/1
f 616/467/1 527/466/1 617/465/1
f 616/467/1 528/468/1 527/466/1
f 615/469/1 528/468/1 616/467/1
f 615/469/1 529/361/1 528/468/1
f 614/329/1 529/361/1 615/469/1
f 614/329/1 530/470/1 529/361/1
f 613/471/1 530/470/1 614/329/1
f 613/471/1 531/472/1 530/470/1
f 613/471/1 532/473/1 531/472/1
f 612/474/1 532/473/1 613/471/1
f 612/474/1 533/475/1 532/473/1
f 611/476/1 533/475/1 612/474/1
f 611/476/1 534/359/1 533/475/1
f 610/477/1 534/359/1 611/476/1
f 609/327/1 534/359/1 610/477/1
f 609/327/1 535/478/1 534/359/1
f 608/479/1 535/478/1 609/327/1
f 608/479/1 536/480/1 535/478/1
f 607/481/1 536/480/1 608/479/1
f 607/481/1 537/482/1 536/480/1
f 606/483/1 537/482/1 607/481/1
f 606/483/1 538/484/1 537/482/1
f 605/485/1 538/484/1 606/483/1
f 605/485/1 539/357/1 538/484/1
f 604/331/1 539/357/1 605/485/1
f 604/331/1 540/486/1 539/357/1
f 603/487/1 540/486/1 604/331/1
f 603/487/1 541/488/1 540/486/1
f 602/489/1 541/488/1 603/487/1
f 602/489/1 542/490/1 541/488/1
f 601/235/1 542/490/1 602/489/1
f 601/235/1 543/491/1 542/490/1
f 600/492/1 543/491/1 601/235/1
f 600/492/1 544/355/1 543/491/1
f 599/333/1 544/355/1 600/492/1
f 599/333/1 545/493/1 544/355/1
f 598/494/1 545/493/1 599/333/1
f 598/494/1 546/495/1 545/493/1
f 597/496/1 546/495/1 598/494/1
f 597/496/1 547/497/1 546/495/1
f 596/498/1 547/497/1 597/496/1
f 596/498/1 548/499/1 547/497/1
f 595/500/1 548/499/1 596/498/1
f 595/500/1 549/352/1 548/499/1
f 594/335/1 549/352/1 595/500/1
f 594/335/1 550/294/1 549/352/1
f 593/501/1 550/294/1 594/335/1
f 592/502/1 550/294/1 593/501/1
f 592/502/1 551/503/1 550/294/1
f 591/504/1 551/503/1 592/502/1
f 591/504/1 552/505/1 551/503/1
f 590/506/1 552/505/1 591/504/1
f 590/506/1 553/507/1 552/505/1
f 589/337/1 553/507/1 590/506/1
f 589/337/1 554/351/1 553/507/1
f 588/508/1 754/13/1 589/337/1
f 754/13/1 554/351/1 589/337/1
f 754/13/1 753/509/1 554/351/1
f 753/509/1 555/510/1 554/351/1
f 588/508/1 707/511/1 754/13/1
f 752/512/1 555/510/1 753/509/1
f 588/508/1 708/513/1 707/511/1
f 751/514/1 555/510/1 752/512/1
f 588/508/1 709/364/1 708/513/1
f 587/515/1 709/364/1 588/508/1
f 750/516/1 555/510/1 751/514/1
f 587/515/1 710/517/1 709/364/1
f 749/325/1 555/510/1 750/516/1
f 587/515/1 711/518/1 710/517/1
f 748/519/1 555/510/1 749/325/1
f 748/519/1 556/520/1 555/510/1
f 587/515/1 712/521/1 711/518/1
f 747/522/1 556/520/1 748/519/1
f 586/523/1 712/521/1 587/515/1
f 586/523/1 713/524/1 712/521/1
f 746/525/1 556/520/1 747/522/1
f 746/525/1 557/526/1 556/520/1
f 586/523/1 714/366/1 713/524/1
f 585/527/1 714/366/1 586/523/1
f 745/528/1 557/526/1 746/525/1
f 585/527/1 715/529/1 714/366/1
f 744/326/1 557/526/1 745/528/1
f 744/326/1 558/530/1 557/526/1
f 585/527/1 716/531/1 715/529/1
f 584/339/1 716/531/1 585/527/1
f 743/532/1 558/530/1 744/326/1
f 584/339/1 717/533/1 716/531/1
f 743/532/1 559/349/1 558/530/1
f 583/534/1 717/533/1 584/339/1
f 583/534/1 718/535/1 717/533/1
f 742/536/1 559/349/1 743/532/1
f 742/536/1 560/537/1 559/349/1
f 583/534/1 719/368/1 718/535/1
f 582/538/1 719/368/1 583/534/1
f 741/539/1 560/537/1 742/536/1
f 582/538/1 720/540/1 719/368/1
f 740/541/1 560/537/1 741/539/1
f 740/541/1 561/542/1 560/537/1
f 582/538/1 721/543/1 720/540/1
f 739/324/1 561/542/1 740/541/1
f 581/544/1 721/543/1 582/538/1
f 581/544/1 722/545/1 721/543/1
f 738/546/1 561/542/1 739/324/1
f 581/544/1 723/547/1 722/545/1
f 738/546/1 562/548/1 561/542/1
f 737/549/1 562/548/1 738/546/1
f 580/550/1 723/547/1 581/544/1
f 580/550/1 724/370/1 723/547/1
f 736/551/1 562/548/1 737/549/1
f 580/550/1 725/552/1 724/370/1
f 735/553/1 562/548/1 736/551/1
f 580/550/1 726/554/1 725/552/1
f 735/553/1 563/555/1 562/548/1
f 734/373/1 563/555/1 735/553/1
f 579/341/1 726/554/1 580/550/1
f 579/341/1 727/556/1 726/554/1
f 733/557/1 563/555/1 734/373/1
f 579/341/1 728/558/1 727/556/1
f 732/559/1 563/555/1 733/557/1
f 579/341/1 729/372/1 728/558/1
f 731/560/1 563/555/1 732/559/1
f 579/341/1 730/561/1 729/372/1
f 730/561/1 563/555/1 731/560/1
f 579/341/1 563/555/1 730/561/1
f 579/341/1 564/347/1 563/555/1
f 578/562/1 564/347/1 579/341/1
f 578/562/1 565/563/1 564/347/1
f 577/564/1 565/563/1 578/562/1
f 576/565/1 565/563/1 577/564/1
f 576/565/1 566/566/1 565/563/1
f 575/567/1 566/566/1 576/565/1
f 575/567/1 567/568/1 566/566/1
f 574/343/1 567/568/1 575/567/1
f 574/343/1 568/569/1 567/568/1
f 573/570/1 568/569/1 574/343/1
f 573/570/1 569/345/1 568/569/1
f 572/571/1 569/345/1 573/570/1
f 572/571/1 570/572/1 569/345/1
f 571/573/1 570/572/1 572/571/1
f 779/574/1 781/575/1 780/576/1
f 779/574/1 782/577/1 781/575/1
f 806/578/1 808/579/1 807/580/1
f 806/578/1 809/581/1 808/579/1
f 778/582/1 782/577/1 779/574/1
f 778/582/1 783/583/1 782/577/1
f 778/582/1 784/584/1 783/583/1
f 777/235/1 784/584/1 778/582/1
f 777/235/1 785/585/1 784/584/1
f 805/586/1 809/581/1 806/578/1
f 777/235/1 786/587/1 785/585/1
f 804/588/1 809/581/1 805/586/1
f 776/589/1 786/587/1 777/235/1
f 776/589/1 787/590/1 786/587/1
f 803/591/1 809/581/1 804/588/1
f 802/592/1 809/581/1 803/591/1
f 776/589/1 788/306/1 787/590/1
f 775/593/1 788/306/1 776/589/1
f 801/594/1 809/581/1 802/592/1
f 775/593/1 789/595/1 788/306/1
f 800/596/1 755/24/1 801/594/1
f 755/24/1 809/581/1 801/594/1
f 775/593/1 790/597/1 789/595/1
f 799/263/1 755/24/1 800/596/1
f 775/593/1 791/598/1 790/597/1
f 798/599/1 755/24/1 799/263/1
f 774/600/1 791/598/1 775/593/1
f 797/601/1 755/24/1 798/599/1
f 774/600/1 792/602/1 791/598/1
f 796/603/1 755/24/1 797/601/1
f 774/600/1 793/604/1 792/602/1
f 795/605/1 755/24/1 796/603/1
f 774/600/1 794/606/1 793/604/1
f 794/606/1 755/24/1 795/605/1
f 774/600/1 755/24/1 794/606/1
f 774/600/1 756/607/1 755/24/1
f 810/13/1 809/581/1 755/24/1
f 773/608/1 756/607/1 774/600/1
f 773/608/1 757/609/1 756/607/1
f 773/608/1 758/610/1 757/609/1
f 772/611/1 758/610/1 773/608/1
f 772/611/1 759/612/1 758/610/1
f 771/613/1 759/612/1 772/611/1
f 771/613/1 760/614/1 759/612/1
f 771/613/1 761/615/1 760/614/1
f 770/616/1 761/615/1 771/613/1
f 770/616/1 762/617/1 761/615/1
f 770/616/1 763/618/1 762/617/1
f 769/619/1 763/618/1 770/616/1
f 769/619/1 764/620/1 763/618/1
f 768/621/1 764/620/1 769/619/1
f 768/621/1 765/622/1 764/620/1
f 768/621/1 766/294/1 765/622/1
f 767/623/1 766/294/1 768/621/1
f 918/624/1 920/625/1 919/626/1
f 918/624/1 921/586/1 920/625/1
f 918/624/1 922/627/1 921/586/1
f 917/628/1 922/627/1 918/624/1
f 917/628/1 923/629/1 922/627/1
f 917/628/1 924/630/1 923/629/1
f 916/631/1 924/630/1 917/628/1
f 916/631/1 925/632/1 924/630/1
f 916/631/1 926/633/1 925/632/1
f 915/634/1 926/633/1 916/631/1
f 915/634/1 927/635/1 926/633/1
f 915/634/1 928/636/1 927/635/1
f 914/637/1 928/636/1 915/634/1
f 914/637/1 929/638/1 928/636/1
f 914/637/1 930/639/1 929/638/1
f 913/640/1 930/639/1 914/637/1
f 913/640/1 931/641/1 930/639/1
f 913/640/1 818/642/1 931/641/1
f 818/642/1 817/643/1 931/641/1
f 817/643/1 816/644/1 931/641/1
f 816/644/1 815/645/1 931/641/1
f 815/645/1 814/646/1 931/641/1
f 814/646/1 813/647/1 931/641/1
f 813/647/1 812/648/1 931/641/1
f 812/648/1 811/24/1 931/641/1
f 811/24/1 932/13/1 931/641/1
f 912/649/1 820/650/1 913/640/1
f 820/650/1 819/651/1 913/640/1
f 819/651/1 818/642/1 913/640/1
f 911/652/1 822/614/1 912/649/1
f 822/614/1 821/653/1 912/649/1
f 821/653/1 820/650/1 912/649/1
f 910/596/1 823/654/1 911/652/1
f 823/654/1 822/614/1 911/652/1
f 910/596/1 824/655/1 823/654/1
f 910/596/1 825/656/1 824/655/1
f 910/596/1 826/657/1 825/656/1
f 910/596/1 827/658/1 826/657/1
f 910/596/1 828/659/1 827/658/1
f 909/660/1 828/659/1 910/596/1
f 909/660/1 829/661/1 828/659/1
f 909/660/1 830/662/1 829/661/1
f 909/660/1 831/663/1 830/662/1
f 908/664/1 831/663/1 909/660/1
f 908/664/1 832/665/1 831/663/1
f 908/664/1 833/622/1 832/665/1
f 907/666/1 833/622/1 908/664/1
f 907/666/1 834/667/1 833/622/1
f 907/666/1 835/668/1 834/667/1
f 906/669/1 835/668/1 907/666/1
f 906/669/1 836/670/1 835/668/1
f 906/669/1 837/671/1 836/670/1
f 905/672/1 837/671/1 906/669/1
f 905/672/1 838/673/1 837/671/1
f 904/674/1 838/673/1 905/672/1
f 904/674/1 839/675/1 838/673/1
f 904/674/1 840/676/1 839/675/1
f 903/677/1 840/676/1 904/674/1
f 903/677/1 841/678/1 840/676/1
f 902/679/1 841/678/1 903/677/1
f 902/679/1 842/680/1 841/678/1
f 901/681/1 842/680/1 902/679/1
f 901/681/1 843/682/1 842/680/1
f 900/683/1 843/682/1 901/681/1
f 900/683/1 844/616/1 843/682/1
f 899/605/1 844/616/1 900/683/1
f 898/684/1 844/616/1 899/605/1
f 898/684/1 845/685/1 844/616/1
f 897/686/1 845/685/1 898/684/1
f 896/687/1 845/685/1 897/686/1
f 896/687/1 846/688/1 845/685/1
f 895/689/1 846/688/1 896/687/1
f 870/690/1 872/691/1 871/692/1
f 895/689/1 847/693/1 846/688/1
f 894/694/1 847/693/1 895/689/1
f 870/690/1 873/695/1 872/691/1
f 893/696/1 847/693/1 894/694/1
f 893/696/1 848/697/1 847/693/1
f 870/690/1 874/698/1 873/695/1
f 892/699/1 848/697/1 893/696/1
f 870/690/1 875/700/1 874/698/1
f 891/701/1 848/697/1 892/699/1
f 890/702/1 848/697/1 891/701/1
f 890/702/1 849/703/1 848/697/1
f 870/690/1 876/704/1 875/700/1
f 889/705/1 849/703/1 890/702/1
f 870/690/1 877/585/1 876/704/1
f 888/597/1 849/703/1 889/705/1
f 870/690/1 878/706/1 877/585/1
f 888/597/1 850/707/1 849/703/1
f 887/708/1 850/707/1 888/597/1
f 870/690/1 879/709/1 878/706/1
f 886/710/1 850/707/1 887/708/1
f 870/690/1 880/711/1 879/709/1
f 885/712/1 850/707/1 886/710/1
f 870/690/1 881/713/1 880/711/1
f 884/714/1 850/707/1 885/712/1
f 870/690/1 882/715/1 881/713/1
f 884/714/1 851/716/1 850/707/1
f 883/717/1 851/716/1 884/714/1
f 870/690/1 883/717/1 882/715/1
f 870/690/1 851/716/1 883/717/1
f 870/690/1 852/718/1 851/716/1
f 869/719/1 852/718/1 870/690/1
f 868/720/1 852/718/1 869/719/1
f 868/720/1 853/721/1 852/718/1
f 867/722/1 853/721/1 868/720/1
f 867/722/1 854/723/1 853/721/1
f 866/576/1 854/723/1 867/722/1
f 865/724/1 854/723/1 866/576/1
f 865/724/1 855/593/1 854/723/1
f 864/725/1 855/593/1 865/724/1
f 863/726/1 855/593/1 864/725/1
f 863/726/1 856/727/1 855/593/1
f 862/728/1 856/727/1 863/726/1
f 861/729/1 856/727/1 862/728/1
f 861/729/1 857/730/1 856/727/1
f 860/731/1 857/730/1 861/729/1
f 859/732/1 857/730/1 860/731/1
f 859/732/1 858/733/1 857/730/1
f 944/1/2 945/3/2 946/2/2
f 943/4/2 944/1/2 946/2/2
f 943/4/2 946/2/2 947/5/2
f 942/6/2 943/4/2 947/5/2
f 941/7/2 942/6/2 947/5/2
f 941/7/2 947/5/2 948/8/2
f 940/9/2 941/7/2 948/8/2
f 986/10/2 987/12/2 988/11/2
f 986/10/2 988/11/2 989/13/2
f 940/9/2 948/8/2 949/14/2
f 939/15/2 940/9/2 949/14/2
f 938/16/2 939/15/2 949/14/2
f 938/16/2 949/14/2 950/17/2
f 937/18/2 938/16/2 950/17/2
f 937/18/2 950/17/2 951/19/2
f 936/20/2 937/18/2 951/19/2
f 935/21/2 936/20/2 951/19/2
f 935/21/2 951/19/2 952/22/2
f 934/23/2 935/21/2 952/22/2
f 933/24/2 934/23/2 952/22/2
f 933/24/2 952/22/2 972/25/2
f 972/25/2 952/22/2 953/26/2
f 986/10/2 989/13/2 933/24/2
f 986/10/2 933/24/2 984/27/2
f 984/27/2 933/24/2 983/28/2
f 983/28/2 933/24/2 982/29/2
f 982/29/2 933/24/2 981/30/2
f 981/30/2 933/24/2 980/31/2
f 980/31/2 933/24/2 979/32/2
f 979/32/2 933/24/2 978/33/2
f 978/33/2 933/24/2 977/34/2
f 977/34/2 933/24/2 976/35/2
f 976/35/2 933/24/2 975/36/2
f 975/36/2 933/24/2 974/37/2
f 974/37/2 933/24/2 973/38/2
f 973/38/2 933/24/2 972/25/2
f 971/39/2 972/25/2 953/26/2
f 970/40/2 971/39/2 953/26/2
f 969/41/2 970/40/2 953/26/2
f 968/42/2 969/41/2 953/26/2
f 968/42/2 953/26/2 954/43/2
f 967/44/2 968/42/2 954/43/2
f 966/45/2 967/44/2 954/43/2
f 965/46/2 966/45/2 954/43/2
f 965/46/2 954/43/2 955/47/2
f 964/48/2 965/46/2 955/47/2
f 963/49/2 964/48/2 955/47/2
f 963/49/2 955/47/2 956/50/2
f 962/51/2 963/49/2 956/50/2
f 986/10/2 984/27/2 985/52/2
f 961/53/2 962/51/2 956/50/2
f 961/53/2 956/50/2 957/54/2
f 960/55/2 961/53/2 957/54/2
f 959/56/2 960/55/2 957/54/2
f 959/56/2 957/54/2 958/57/2
f 1087/58/2 1088/60/2 1089/59/2
f 1086/61/2 1087/58/2 1089/59/2
f 1086/61/2 1089/59/2 1090/62/2
f 1085/63/2 1086/61/2 1090/62/2
f 1084/64/2 1085/63/2 1090/62/2
f 1084/64/2 1090/62/2 1091/65/2
f 1083/66/2 1084/64/2 1091/65/2
f 1083/66/2 1091/65/2 1092/67/2
f 1082/68/2 1083/66/2 1092/67/2
f 1081/69/2 1082/68/2 1092/67/2
f 1081/69/2 1092/67/2 1093/70/2
f 1080/71/2 1081/69/2 1093/70/2
f 1080/71/2 1093/70/2 1094/72/2
f 1079/73/2 1080/71/2 1094/72/2
f 1078/74/2 1079/73/2 1094/72/2
f 1078/74/2 1094/72/2 1095/75/2
f 1077/76/2 1078/74/2 1095/75/2
f 1077/76/2 1095/75/2 1096/77/2
f 1076/78/2 1077/76/2 1096/77/2
f 1075/79/2 1076/78/2 1074/80/2
f 1074/80/2 1076/78/2 1073/81/2
f 1073/81/2 1076/78/2 1072/82/2
f 1072/82/2 1076/78/2 1071/83/2
f 1071/83/2 1076/78/2 1070/84/2
f 1070/84/2 1076/78/2 1069/85/2
f 1069/85/2 1076/78/2 1068/86/2
f 1068/86/2 1076/78/2 1067/87/2
f 1067/87/2 1076/78/2 1066/88/2
f 1066/88/2 1076/78/2 1065/89/2
f 1065/89/2 1076/78/2 1096/77/2
f 1065/89/2 1096/77/2 1064/90/2
f 1064/90/2 1096/77/2 1063/91/2
f 1063/91/2 1096/77/2 1097/92/2
f 1063/91/2 1097/92/2 1062/93/2
f 1062/93/2 1097/92/2 1098/94/2
f 1061/95/2 1062/93/2 1098/94/2
f 1060/96/2 1061/95/2 1098/94/2
f 1059/97/2 1060/96/2 1098/94/2
f 1058/98/2 1059/97/2 1098/94/2
f 1057/99/2 1058/98/2 1098/94/2
f 1057/99/2 1098/94/2 1099/100/2
f 1056/101/2 1057/99/2 1099/100/2
f 1055/102/2 1056/101/2 1099/100/2
f 1054/103/2 1055/102/2 1099/100/2
f 1054/103/2 1099/100/2 1100/104/2
f 1053/105/2 1054/103/2 1100/104/2
f 1052/106/2 1053/105/2 1100/104/2
f 1052/106/2 1100/104/2 1101/107/2
f 1051/108/2 1052/106/2 1101/107/2
f 1050/109/2 1051/108/2 1101/107/2
f 1049/110/2 1050/109/2 1163/13/2
f 1163/13/2 1050/109/2 1101/107/2
f 1048/111/2 1049/110/2 1163/13/2
f 1047/112/2 1048/111/2 1163/13/2
f 1046/113/2 1047/112/2 1163/13/2
f 1045/114/2 1046/113/2 1163/13/2
f 1045/114/2 1163/13/2 1127/115/2
f 1162/116/2 1163/13/2 1101/107/2
f 1045/114/2 1127/115/2 1128/117/2
f 1044/118/2 1045/114/2 1128/117/2
f 1044/118/2 1128/117/2 1129/119/2
f 1043/120/2 1044/118/2 1129/119/2
f 1043/120/2 1129/119/2 1130/121/2
f 1042/122/2 1043/120/2 1130/121/2
f 1042/122/2 1130/121/2 1131/123/2
f 1042/122/2 1131/123/2 1132/124/2
f 1041/125/2 1042/122/2 1132/124/2
f 1041/125/2 1132/124/2 1133/126/2
f 1040/127/2 1041/125/2 1133/126/2
f 1040/127/2 1133/126/2 1134/128/2
f 1040/127/2 1134/128/2 1135/129/2
f 1039/130/2 1040/127/2 1135/129/2
f 1039/130/2 1135/129/2 1136/131/2
f 1039/130/2 1136/131/2 1137/132/2
f 1038/133/2 1039/130/2 1137/132/2
f 1038/133/2 1137/132/2 1138/134/2
f 1037/135/2 1038/133/2 1138/134/2
f 1037/135/2 1138/134/2 1139/136/2
f 1037/135/2 1139/136/2 1140/137/2
f 1036/138/2 1037/135/2 1140/137/2
f 1036/138/2 1140/137/2 1141/139/2
f 1036/138/2 1141/139/2 1142/140/2
f 1161/141/2 1162/116/2 1101/107/2
f 1035/142/2 1036/138/2 1142/140/2
f 1160/143/2 1161/141/2 1101/107/2
f 1035/142/2 1142/140/2 1143/144/2
f 1159/145/2 1160/143/2 1101/107/2
f 1124/146/2 1125/148/2 1126/147/2
f 1159/145/2 1101/107/2 1102/149/2
f 1035/142/2 1143/144/2 1144/150/2
f 1123/151/2 1124/146/2 1126/147/2
f 1158/152/2 1159/145/2 1102/149/2
f 1158/152/2 1102/149/2 1103/153/2
f 1122/154/2 1123/151/2 1126/147/2
f 1034/155/2 1035/142/2 1144/150/2
f 1034/155/2 1144/150/2 1145/156/2
f 1158/152/2 1103/153/2 1104/157/2
f 1157/158/2 1158/152/2 1104/157/2
f 1121/159/2 1122/154/2 1126/147/2
f 1157/158/2 1104/157/2 1105/160/2
f 1156/161/2 1157/158/2 1105/160/2
f 1120/162/2 1121/159/2 1126/147/2
f 1034/155/2 1145/156/2 1146/163/2
f 1156/161/2 1105/160/2 1106/164/2
f 1119/165/2 1120/162/2 1126/147/2
f 1155/166/2 1156/161/2 1106/164/2
f 1155/166/2 1106/164/2 1107/167/2
f 1118/168/2 1119/165/2 1126/147/2
f 1034/155/2 1146/163/2 1147/169/2
f 1155/166/2 1107/167/2 1108/170/2
f 1154/171/2 1155/166/2 1108/170/2
f 1117/172/2 1118/168/2 1126/147/2
f 1154/171/2 1108/170/2 1109/173/2
f 1033/174/2 1034/155/2 1147/169/2
f 1116/175/2 1117/172/2 1126/147/2
f 1033/174/2 1147/169/2 1148/176/2
f 1153/177/2 1154/171/2 1109/173/2
f 1153/177/2 1109/173/2 1110/178/2
f 1115/179/2 1116/175/2 1126/147/2
f 1153/177/2 1110/178/2 1111/180/2
f 1114/181/2 1115/179/2 1126/147/2
f 1152/182/2 1153/177/2 1111/180/2
f 1152/182/2 1111/180/2 1112/183/2
f 1113/184/2 1114/181/2 1126/147/2
f 1152/182/2 1112/183/2 1113/184/2
f 1033/174/2 1148/176/2 1149/185/2
f 1152/182/2 1113/184/2 1126/147/2
f 1151/186/2 1152/182/2 1126/147/2
f 1033/174/2 1149/185/2 1150/187/2
f 1150/187/2 1151/186/2 1126/147/2
f 1033/174/2 1150/187/2 1013/188/2
f 1013/188/2 1150/187/2 1126/147/2
f 1032/189/2 1033/174/2 1013/188/2
f 1032/189/2 1013/188/2 1014/190/2
f 1012/191/2 1013/188/2 1126/147/2
f 1031/192/2 1032/189/2 1014/190/2
f 1031/192/2 1014/190/2 1015/193/2
f 1011/194/2 1012/191/2 1126/147/2
f 1011/194/2 1126/147/2 990/24/2
f 1030/195/2 1031/192/2 1015/193/2
f 1030/195/2 1015/193/2 1016/196/2
f 1010/197/2 1011/194/2 990/24/2
f 1010/197/2 990/24/2 991/198/2
f 1030/195/2 1016/196/2 1017/199/2
f 1009/200/2 1010/197/2 991/198/2
f 1029/201/2 1030/195/2 1017/199/2
f 1009/200/2 991/198/2 992/202/2
f 1029/201/2 1017/199/2 1018/203/2
f 1008/204/2 1009/200/2 992/202/2
f 1008/204/2 992/202/2 993/205/2
f 1028/206/2 1029/201/2 1018/203/2
f 1028/206/2 1018/203/2 1019/207/2
f 1007/208/2 1008/204/2 993/205/2
f 1007/208/2 993/205/2 994/209/2
f 1028/206/2 1019/207/2 1020/210/2
f 1006/211/2 1007/208/2 994/209/2
f 1006/211/2 994/209/2 995/212/2
f 1027/213/2 1028/206/2 1020/210/2
f 1027/213/2 1020/210/2 1021/214/2
f 1005/215/2 1006/211/2 995/212/2
f 1005/215/2 995/212/2 996/216/2
f 1027/213/2 1021/214/2 1022/217/2
f 1005/215/2 996/216/2 997/218/2
f 1004/219/2 1005/215/2 997/218/2
f 1026/220/2 1027/213/2 1022/217/2
f 1004/219/2 997/218/2 998/221/2
f 1026/220/2 1022/217/2 1023/222/2
f 1003/223/2 1004/219/2 998/221/2
f 1003/223/2 998/221/2 999/224/2
f 1026/220/2 1023/222/2 1024/225/2
f 1002/226/2 1003/223/2 999/224/2
f 1025/227/2 1026/220/2 1024/225/2
f 1002/226/2 999/224/2 1000/228/2
f 1001/229/2 1002/226/2 1000/228/2
f 1172/46/2 1173/41/2 1174/38/2
f 1172/46/2 1174/38/2 1170/54/2
f 1170/54/2 1174/38/2 1169/26/2
f 1169/26/2 1174/38/2 1175/34/2
f 1175/34/2 1176/30/2 1177/52/2
f 1175/34/2 1177/52/2 1166/7/2
f 1166/7/2 1177/52/2 1165/18/2
f 1165/18/2 1177/52/2 1178/13/2
f 1172/46/2 1170/54/2 1171/53/2
f 1168/14/2 1169/26/2 1175/34/2
f 1175/34/2 1166/7/2 1167/3/2
f 1164/24/2 1165/18/2 1178/13/2
f 1168/14/2 1175/34/2 1167/3/2
f 1213/230/2 1214/232/2 1215/231/2
f 1213/230/2 1215/231/2 1216/233/2
f 1212/234/2 1213/230/2 1216/233/2
f 1212/234/2 1216/233/2 1217/235/2
f 1211/236/2 1212/234/2 1217/235/2
f 1211/236/2 1217/235/2 1218/237/2
f 1210/238/2 1211/236/2 1218/237/2
f 1210/238/2 1218/237/2 1219/239/2
f 1209/240/2 1210/238/2 1219/239/2
f 1209/240/2 1219/239/2 1220/241/2
f 1208/242/2 1209/240/2 1220/241/2
f 1208/242/2 1220/241/2 1221/243/2
f 1207/244/2 1208/242/2 1262/245/2
f 1262/245/2 1208/242/2 1221/243/2
f 1207/244/2 1262/245/2 1263/246/2
f 1261/247/2 1262/245/2 1221/243/2
f 1207/244/2 1263/246/2 1264/248/2
f 1260/249/2 1261/247/2 1221/243/2
f 1207/244/2 1264/248/2 1265/250/2
f 1259/251/2 1260/249/2 1221/243/2
f 1259/251/2 1221/243/2 1222/252/2
f 1206/253/2 1207/244/2 1265/250/2
f 1206/253/2 1265/250/2 1266/254/2
f 1258/255/2 1259/251/2 1222/252/2
f 1206/253/2 1266/254/2 1267/256/2
f 1257/257/2 1258/255/2 1222/252/2
f 1206/253/2 1267/256/2 1268/258/2
f 1256/259/2 1257/257/2 1222/252/2
f 1256/259/2 1222/252/2 1223/260/2
f 1205/261/2 1206/253/2 1268/258/2
f 1205/261/2 1268/258/2 1269/262/2
f 1255/263/2 1256/259/2 1223/260/2
f 1205/261/2 1269/262/2 1270/264/2
f 1254/265/2 1255/263/2 1223/260/2
f 1254/265/2 1223/260/2 1224/266/2
f 1204/267/2 1205/261/2 1270/264/2
f 1204/267/2 1270/264/2 1271/268/2
f 1253/269/2 1254/265/2 1224/266/2
f 1253/269/2 1224/266/2 1225/270/2
f 1203/271/2 1204/267/2 1271/268/2
f 1203/271/2 1271/268/2 1272/272/2
f 1252/273/2 1253/269/2 1225/270/2
f 1203/271/2 1272/272/2 1273/274/2
f 1251/275/2 1252/273/2 1225/270/2
f 1251/275/2 1225/270/2 1226/276/2
f 1202/277/2 1203/271/2 1273/274/2
f 1202/277/2 1273/274/2 1274/13/2
f 1250/278/2 1251/275/2 1226/276/2
f 1201/279/2 1202/277/2 1274/13/2
f 1201/279/2 1274/13/2 1227/280/2
f 1250/278/2 1226/276/2 1179/24/2
f 1249/281/2 1250/278/2 1179/24/2
f 1201/279/2 1227/280/2 1228/282/2
f 1248/283/2 1249/281/2 1179/24/2
f 1200/284/2 1201/279/2 1228/282/2
f 1248/283/2 1179/24/2 1180/285/2
f 1200/284/2 1228/282/2 1229/286/2
f 1247/287/2 1248/283/2 1180/285/2
f 1200/284/2 1229/286/2 1230/288/2
f 1199/289/2 1200/284/2 1230/288/2
f 1246/290/2 1247/287/2 1180/285/2
f 1246/290/2 1180/285/2 1181/291/2
f 1199/289/2 1230/288/2 1231/292/2
f 1245/293/2 1246/290/2 1181/291/2
f 1198/294/2 1199/289/2 1231/292/2
f 1245/293/2 1181/291/2 1182/295/2
f 1198/294/2 1231/292/2 1232/296/2
f 1244/297/2 1245/293/2 1182/295/2
f 1198/294/2 1232/296/2 1233/298/2
f 1243/299/2 1244/297/2 1182/295/2
f 1197/300/2 1198/294/2 1233/298/2
f 1243/299/2 1182/295/2 1183/301/2
f 1197/300/2 1233/298/2 1234/302/2
f 1242/303/2 1243/299/2 1183/301/2
f 1197/300/2 1234/302/2 1235/304/2
f 1241/305/2 1242/303/2 1183/301/2
f 1197/300/2 1235/304/2 1236/306/2
f 1240/307/2 1241/305/2 1183/301/2
f 1196/308/2 1197/300/2 1236/306/2
f 1240/307/2 1183/301/2 1184/309/2
f 1196/308/2 1236/306/2 1237/310/2
f 1239/311/2 1240/307/2 1184/309/2
f 1196/308/2 1237/310/2 1238/312/2
f 1238/312/2 1239/311/2 1184/309/2
f 1196/308/2 1238/312/2 1184/309/2
f 1195/313/2 1196/308/2 1184/309/2
f 1195/313/2 1184/309/2 1185/314/2
f 1194/315/2 1195/313/2 1185/314/2
f 1194/315/2 1185/314/2 1186/316/2
f 1193/317/2 1194/315/2 1186/316/2
f 1193/317/2 1186/316/2 1187/318/2
f 1192/319/2 1193/317/2 1187/318/2
f 1192/319/2 1187/318/2 1188/320/2
f 1191/321/2 1192/319/2 1188/320/2
f 1191/321/2 1188/320/2 1189/322/2
f 1190/323/2 1191/321/2 1189/322/2
f 1276/7/2 1277/14/2 1278/54/2
f 1276/7/2 1278/54/2 1279/46/2
f 1279/46/2 1280/38/2 1281/30/2
f 1279/46/2 1281/30/2 1282/13/2
f 1276/7/2 1279/46/2 1282/13/2
f 1275/24/2 1276/7/2 1282/13/2
f 1331/324/2 1332/326/2 1333/325/2
f 1331/324/2 1333/325/2 1334/13/2
f 1305/327/2 1306/329/2 1307/328/2
f 1305/327/2 1307/328/2 1308/330/2
f 1304/331/2 1305/327/2 1308/330/2
f 1304/331/2 1308/330/2 1309/332/2
f 1303/333/2 1304/331/2 1309/332/2
f 1303/333/2 1309/332/2 1310/334/2
f 1302/335/2 1303/333/2 1310/334/2
f 1302/335/2 1310/334/2 1311/336/2
f 1301/337/2 1302/335/2 1311/336/2
f 1301/337/2 1311/336/2 1312/338/2
f 1300/339/2 1301/337/2 1312/338/2
f 1300/339/2 1312/338/2 1313/340/2
f 1299/341/2 1300/339/2 1313/340/2
f 1299/341/2 1313/340/2 1314/342/2
f 1298/343/2 1299/341/2 1314/342/2
f 1298/343/2 1314/342/2 1315/344/2
f 1297/345/2 1298/343/2 1315/344/2
f 1297/345/2 1315/344/2 1316/346/2
f 1296/347/2 1297/345/2 1316/346/2
f 1296/347/2 1316/346/2 1317/348/2
f 1295/349/2 1296/347/2 1317/348/2
f 1295/349/2 1317/348/2 1318/350/2
f 1294/351/2 1295/349/2 1318/350/2
f 1293/352/2 1294/351/2 1318/350/2
f 1293/352/2 1318/350/2 1319/353/2
f 1293/352/2 1319/353/2 1320/354/2
f 1292/355/2 1293/352/2 1320/354/2
f 1292/355/2 1320/354/2 1321/356/2
f 1291/357/2 1292/355/2 1321/356/2
f 1291/357/2 1321/356/2 1322/358/2
f 1290/359/2 1291/357/2 1322/358/2
f 1290/359/2 1322/358/2 1323/360/2
f 1289/361/2 1290/359/2 1323/360/2
f 1289/361/2 1323/360/2 1324/362/2
f 1288/363/2 1289/361/2 1324/362/2
f 1288/363/2 1324/362/2 1325/364/2
f 1287/365/2 1288/363/2 1325/364/2
f 1287/365/2 1325/364/2 1326/366/2
f 1286/367/2 1287/365/2 1326/366/2
f 1286/367/2 1326/366/2 1327/368/2
f 1285/369/2 1286/367/2 1327/368/2
f 1285/369/2 1327/368/2 1328/370/2
f 1284/371/2 1285/369/2 1328/370/2
f 1284/371/2 1328/370/2 1329/372/2
f 1283/24/2 1284/371/2 1329/372/2
f 1283/24/2 1329/372/2 1330/373/2
f 1369/230/2 1370/232/2 1371/231/2
f 1369/230/2 1371/231/2 1372/233/2
f 1368/234/2 1369/230/2 1372/233/2
f 1368/234/2 1372/233/2 1373/235/2
f 1367/236/2 1368/234/2 1373/235/2
f 1367/236/2 1373/235/2 1374/237/2
f 1366/238/2 1367/236/2 1374/237/2
f 1366/238/2 1374/237/2 1375/239/2
f 1365/240/2 1366/238/2 1375/239/2
f 1365/240/2 1375/239/2 1376/241/2
f 1364/242/2 1365/240/2 1376/241/2
f 1364/242/2 1376/241/2 1377/243/2
f 1363/244/2 1364/242/2 1418/245/2
f 1418/245/2 1364/242/2 1377/243/2
f 1363/244/2 1418/245/2 1419/246/2
f 1417/247/2 1418/245/2 1377/243/2
f 1363/244/2 1419/246/2 1420/248/2
f 1416/249/2 1417/247/2 1377/243/2
f 1363/244/2 1420/248/2 1421/250/2
f 1415/251/2 1416/249/2 1377/243/2
f 1415/251/2 1377/243/2 1378/252/2
f 1362/253/2 1363/244/2 1421/250/2
f 1362/253/2 1421/250/2 1422/254/2
f 1414/255/2 1415/251/2 1378/252/2
f 1362/253/2 1422/254/2 1423/256/2
f 1413/257/2 1414/255/2 1378/252/2
f 1362/253/2 1423/256/2 1424/258/2
f 1412/259/2 1413/257/2 1378/252/2
f 1412/259/2 1378/252/2 1379/260/2
f 1361/261/2 1362/253/2 1424/258/2
f 1361/261/2 1424/258/2 1425/262/2
f 1411/263/2 1412/259/2 1379/260/2
f 1361/261/2 1425/262/2 1426/264/2
f 1410/265/2 1411/263/2 1379/260/2
f 1410/265/2 1379/260/2 1380/266/2
f 1360/267/2 1361/261/2 1426/264/2
f 1360/267/2 1426/264/2 1427/268/2
f 1409/269/2 1410/265/2 1380/266/2
f 1409/269/2 1380/266/2 1381/270/2
f 1359/271/2 1360/267/2 1427/268/2
f 1359/271/2 1427/268/2 1428/272/2
f 1408/273/2 1409/269/2 1381/270/2
f 1359/271/2 1428/272/2 1429/274/2
f 1407/275/2 1408/273/2 1381/270/2
f 1407/275/2 1381/270/2 1382/276/2
f 1358/277/2 1359/271/2 1429/274/2
f 1358/277/2 1429/274/2 1430/13/2
f 1406/278/2 1407/275/2 1382/276/2
f 1357/279/2 1358/277/2 1430/13/2
f 1357/279/2 1430/13/2 1383/280/2
f 1406/278/2 1382/276/2 1335/24/2
f 1405/281/2 1406/278/2 1335/24/2
f 1357/279/2 1383/280/2 1384/282/2
f 1404/283/2 1405/281/2 1335/24/2
f 1356/284/2 1357/279/2 1384/282/2
f 1404/283/2 1335/24/2 1336/285/2
f 1356/284/2 1384/282/2 1385/286/2
f 1403/287/2 1404/283/2 1336/285/2
f 1356/284/2 1385/286/2 1386/288/2
f 1355/289/2 1356/284/2 1386/288/2
f 1402/290/2 1403/287/2 1336/285/2
f 1402/290/2 1336/285/2 1337/291/2
f 1355/289/2 1386/288/2 1387/292/2
f 1401/293/2 1402/290/2 1337/291/2
f 1354/294/2 1355/289/2 1387/292/2
f 1401/293/2 1337/291/2 1338/295/2
f 1354/294/2 1387/292/2 1388/296/2
f 1400/297/2 1401/293/2 1338/295/2
f 1354/294/2 1388/296/2 1389/298/2
f 1399/299/2 1400/297/2 1338/295/2
f 1353/300/2 1354/294/2 1389/298/2
f 1399/299/2 1338/295/2 1339/301/2
f 1353/300/2 1389/298/2 1390/302/2
f 1398/303/2 1399/299/2 1339/301/2
f 1353/300/2 1390/302/2 1391/304/2
f 1397/305/2 1398/303/2 1339/301/2
f 1353/300/2 1391/304/2 1392/306/2
f 1396/307/2 1397/305/2 1339/301/2
f 1352/308/2 1353/300/2 1392/306/2
f 1396/307/2 1339/301/2 1340/309/2
f 1352/308/2 1392/306/2 1393/310/2
f 1395/311/2 1396/307/2 1340/309/2
f 1352/308/2 1393/310/2 1394/312/2
f 1394/312/2 1395/311/2 1340/309/2
f 1352/308/2 1394/312/2 1340/309/2
f 1351/313/2 1352/308/2 1340/309/2
f 1351/313/2 1340/309/2 1341/314/2
f 1350/315/2 1351/313/2 1341/314/2
f 1350/315/2 1341/314/2 1342/316/2
f 1349/317/2 1350/315/2 1342/316/2
f 1349/317/2 1342/316/2 1343/318/2
f 1348/319/2 1349/317/2 1343/318/2
f 1348/319/2 1343/318/2 1344/320/2
f 1347/321/2 1348/319/2 1344/320/2
f 1347/321/2 1344/320/2 1345/322/2
f 1346/323/2 1347/321/2 1345/322/2
f 1587/374/2 1588/376/2 1589/375/2
f 1587/374/2 1589/375/2 1590/377/2
f 1586/342/2 1587/374/2 1590/377/2
f 1585/378/2 1586/342/2 1590/377/2
f 1584/306/2 1585/378/2 1590/377/2
f 1583/379/2 1584/306/2 1590/377/2
f 1582/380/2 1583/379/2 1590/377/2
f 1581/340/2 1582/380/2 1590/377/2
f 1580/381/2 1581/340/2 1431/24/2
f 1431/24/2 1581/340/2 1590/377/2
f 1580/381/2 1431/24/2 1432/382/2
f 1579/383/2 1580/381/2 1591/344/2
f 1591/344/2 1580/381/2 1638/384/2
f 1638/384/2 1580/381/2 1432/382/2
f 1637/385/2 1638/384/2 1432/382/2
f 1637/385/2 1432/382/2 1433/386/2
f 1636/362/2 1637/385/2 1433/386/2
f 1579/383/2 1591/344/2 1592/387/2
f 1635/263/2 1636/362/2 1433/386/2
f 1579/383/2 1592/387/2 1593/388/2
f 1634/389/2 1635/263/2 1433/386/2
f 1579/383/2 1593/388/2 1594/390/2
f 1634/389/2 1433/386/2 1434/391/2
f 1633/392/2 1634/389/2 1434/391/2
f 1579/383/2 1594/390/2 1595/393/2
f 1578/394/2 1579/383/2 1595/393/2
f 1632/395/2 1633/392/2 1434/391/2
f 1632/395/2 1434/391/2 1435/396/2
f 1578/394/2 1595/393/2 1596/346/2
f 1631/360/2 1632/395/2 1435/396/2
f 1578/394/2 1596/346/2 1597/397/2
f 1631/360/2 1435/396/2 1436/371/2
f 1630/398/2 1631/360/2 1436/371/2
f 1578/394/2 1597/397/2 1598/399/2
f 1630/398/2 1436/371/2 1437/400/2
f 1577/401/2 1578/394/2 1598/399/2
f 1629/402/2 1630/398/2 1437/400/2
f 1629/402/2 1437/400/2 1438/403/2
f 1577/401/2 1598/399/2 1599/404/2
f 1629/402/2 1438/403/2 1439/405/2
f 1628/406/2 1629/402/2 1439/405/2
f 1577/401/2 1599/404/2 1600/407/2
f 1576/338/2 1577/401/2 1600/407/2
f 1628/406/2 1439/405/2 1440/408/2
f 1627/409/2 1628/406/2 1440/408/2
f 1576/338/2 1600/407/2 1601/348/2
f 1627/409/2 1440/408/2 1441/369/2
f 1626/358/2 1627/409/2 1441/369/2
f 1576/338/2 1601/348/2 1602/410/2
f 1626/358/2 1441/369/2 1442/411/2
f 1575/412/2 1576/338/2 1602/410/2
f 1625/413/2 1626/358/2 1442/411/2
f 1625/413/2 1442/411/2 1443/414/2
f 1575/412/2 1602/410/2 1603/415/2
f 1574/416/2 1575/412/2 1603/415/2
f 1625/413/2 1443/414/2 1444/417/2
f 1624/418/2 1625/413/2 1444/417/2
f 1574/416/2 1603/415/2 1604/419/2
f 1573/420/2 1574/416/2 1604/419/2
f 1624/418/2 1444/417/2 1445/421/2
f 1572/422/2 1573/420/2 1604/419/2
f 1623/423/2 1624/418/2 1445/421/2
f 1572/422/2 1604/419/2 1605/424/2
f 1623/423/2 1445/421/2 1446/367/2
f 1571/336/2 1572/422/2 1605/424/2
f 1622/425/2 1623/423/2 1446/367/2
f 1571/336/2 1605/424/2 1606/350/2
f 1570/426/2 1571/336/2 1606/350/2
f 1622/425/2 1446/367/2 1447/427/2
f 1621/356/2 1622/425/2 1447/427/2
f 1569/428/2 1570/426/2 1606/350/2
f 1569/428/2 1606/350/2 1607/429/2
f 1621/356/2 1447/427/2 1448/430/2
f 1568/431/2 1569/428/2 1607/429/2
f 1620/432/2 1621/356/2 1448/430/2
f 1568/431/2 1607/429/2 1608/433/2
f 1567/434/2 1568/431/2 1608/433/2
f 1620/432/2 1448/430/2 1449/435/2
f 1619/436/2 1620/432/2 1449/435/2
f 1567/434/2 1608/433/2 1609/437/2
f 1566/334/2 1567/434/2 1609/437/2
f 1618/438/2 1619/436/2 1449/435/2
f 1618/438/2 1449/435/2 1450/439/2
f 1566/334/2 1609/437/2 1610/440/2
f 1565/441/2 1566/334/2 1610/440/2
f 1617/442/2 1618/438/2 1450/439/2
f 1565/441/2 1610/440/2 1611/353/2
f 1617/442/2 1450/439/2 1451/365/2
f 1564/443/2 1565/441/2 1611/353/2
f 1616/354/2 1617/442/2 1451/365/2
f 1564/443/2 1611/353/2 1612/444/2
f 1615/445/2 1616/354/2 1451/365/2
f 1564/443/2 1612/444/2 1613/446/2
f 1563/447/2 1564/443/2 1613/446/2
f 1614/448/2 1615/445/2 1451/365/2
f 1563/447/2 1613/446/2 1614/448/2
f 1563/447/2 1614/448/2 1451/365/2
f 1563/447/2 1451/365/2 1452/449/2
f 1562/450/2 1563/447/2 1452/449/2
f 1562/450/2 1452/449/2 1453/451/2
f 1561/332/2 1562/450/2 1453/451/2
f 1561/332/2 1453/451/2 1454/452/2
f 1560/453/2 1561/332/2 1454/452/2
f 1559/454/2 1560/453/2 1454/452/2
f 1559/454/2 1454/452/2 1455/455/2
f 1558/456/2 1559/454/2 1455/455/2
f 1558/456/2 1455/455/2 1456/363/2
f 1557/457/2 1558/456/2 1456/363/2
f 1556/330/2 1557/457/2 1456/363/2
f 1555/458/2 1556/330/2 1456/363/2
f 1555/458/2 1456/363/2 1457/459/2
f 1554/460/2 1555/458/2 1457/459/2
f 1553/461/2 1554/460/2 1457/459/2
f 1552/462/2 1553/461/2 1457/459/2
f 1552/462/2 1457/459/2 1458/463/2
f 1551/328/2 1552/462/2 1458/463/2
f 1550/464/2 1551/328/2 1458/463/2
f 1549/465/2 1550/464/2 1458/463/2
f 1549/465/2 1458/463/2 1459/466/2
f 1548/467/2 1549/465/2 1459/466/2
f 1548/467/2 1459/466/2 1460/468/2
f 1547/469/2 1548/467/2 1460/468/2
f 1547/469/2 1460/468/2 1461/361/2
f 1546/329/2 1547/469/2 1461/361/2
f 1546/329/2 1461/361/2 1462/470/2
f 1545/471/2 1546/329/2 1462/470/2
f 1545/471/2 1462/470/2 1463/472/2
f 1545/471/2 1463/472/2 1464/473/2
f 1544/474/2 1545/471/2 1464/473/2
f 1544/474/2 1464/473/2 1465/475/2
f 1543/476/2 1544/474/2 1465/475/2
f 1543/476/2 1465/475/2 1466/359/2
f 1542/477/2 1543/476/2 1466/359/2
f 1541/327/2 1542/477/2 1466/359/2
f 1541/327/2 1466/359/2 1467/478/2
f 1540/479/2 1541/327/2 1467/478/2
f 1540/479/2 1467/478/2 1468/480/2
f 1539/481/2 1540/479/2 1468/480/2
f 1539/481/2 1468/480/2 1469/482/2
f 1538/483/2 1539/481/2 1469/482/2
f 1538/483/2 1469/482/2 1470/484/2
f 1537/485/2 1538/483/2 1470/484/2
f 1537/485/2 1470/484/2 1471/357/2
f 1536/331/2 1537/485/2 1471/357/2
f 1536/331/2 1471/357/2 1472/486/2
f 1535/487/2 1536/331/2 1472/486/2
f 1535/487/2 1472/486/2 1473/488/2
f 1534/489/2 1535/487/2 1473/488/2
f 1534/489/2 1473/488/2 1474/490/2
f 1533/235/2 1534/489/2 1474/490/2
f 1533/235/2 1474/490/2 1475/491/2
f 1532/492/2 1533/235/2 1475/491/2
f 1532/492/2 1475/491/2 1476/355/2
f 1531/333/2 1532/492/2 1476/355/2
f 1531/333/2 1476/355/2 1477/493/2
f 1530/494/2 1531/333/2 1477/493/2
f 1530/494/2 1477/493/2 1478/495/2
f 1529/496/2 1530/494/2 1478/495/2
f 1529/496/2 1478/495/2 1479/497/2
f 1528/498/2 1529/496/2 1479/497/2
f 1528/498/2 1479/497/2 1480/499/2
f 1527/500/2 1528/498/2 1480/499/2
f 1527/500/2 1480/499/2 1481/352/2
f 1526/335/2 1527/500/2 1481/352/2
f 1526/335/2 1481/352/2 1482/294/2
f 1525/501/2 1526/335/2 1482/294/2
f 1524/502/2 1525/501/2 1482/294/2
f 1524/502/2 1482/294/2 1483/503/2
f 1523/504/2 1524/502/2 1483/503/2
f 1523/504/2 1483/503/2 1484/505/2
f 1522/506/2 1523/504/2 1484/505/2
f 1522/506/2 1484/505/2 1485/507/2
f 1521/337/2 1522/506/2 1485/507/2
f 1521/337/2 1485/507/2 1486/351/2
f 1520/508/2 1521/337/2 1686/13/2
f 1686/13/2 1521/337/2 1486/351/2
f 1686/13/2 1486/351/2 1685/509/2
f 1685/509/2 1486/351/2 1487/510/2
f 1520/508/2 1686/13/2 1639/511/2
f 1684/512/2 1685/509/2 1487/510/2
f 1520/508/2 1639/511/2 1640/513/2
f 1683/514/2 1684/512/2 1487/510/2
f 1520/508/2 1640/513/2 1641/364/2
f 1519/515/2 1520/508/2 1641/364/2
f 1682/516/2 1683/514/2 1487/510/2
f 1519/515/2 1641/364/2 1642/517/2
f 1681/325/2 1682/516/2 1487/510/2
f 1519/515/2 1642/517/2 1643/518/2
f 1680/519/2 1681/325/2 1487/510/2
f 1680/519/2 1487/510/2 1488/520/2
f 1519/515/2 1643/518/2 1644/521/2
f 1679/522/2 1680/519/2 1488/520/2
f 1518/523/2 1519/515/2 1644/521/2
f 1518/523/2 1644/521/2 1645/524/2
f 1678/525/2 1679/522/2 1488/520/2
f 1678/525/2 1488/520/2 1489/526/2
f 1518/523/2 1645/524/2 1646/366/2
f 1517/527/2 1518/523/2 1646/366/2
f 1677/528/2 1678/525/2 1489/526/2
f 1517/527/2 1646/366/2 1647/529/2
f 1676/326/2 1677/528/2 1489/526/2
f 1676/326/2 1489/526/2 1490/530/2
f 1517/527/2 1647/529/2 1648/531/2
f 1516/339/2 1517/527/2 1648/531/2
f 1675/532/2 1676/326/2 1490/530/2
f 1516/339/2 1648/531/2 1649/533/2
f 1675/532/2 1490/530/2 1491/349/2
f 1515/534/2 1516/339/2 1649/533/2
f 1515/534/2 1649/533/2 1650/535/2
f 1674/536/2 1675/532/2 1491/349/2
f 1674/536/2 1491/349/2 1492/537/2
f 1515/534/2 1650/535/2 1651/368/2
f 1514/538/2 1515/534/2 1651/368/2
f 1673/539/2 1674/536/2 1492/537/2
f 1514/538/2 1651/368/2 1652/540/2
f 1672/541/2 1673/539/2 1492/537/2
f 1672/541/2 1492/537/2 1493/542/2
f 1514/538/2 1652/540/2 1653/543/2
f 1671/324/2 1672/541/2 1493/542/2
f 1513/544/2 1514/538/2 1653/543/2
f 1513/544/2 1653/543/2 1654/545/2
f 1670/546/2 1671/324/2 1493/542/2
f 1513/544/2 1654/545/2 1655/547/2
f 1670/546/2 1493/542/2 1494/548/2
f 1669/549/2 1670/546/2 1494/548/2
f 1512/550/2 1513/544/2 1655/547/2
f 1512/550/2 1655/547/2 1656/370/2
f 1668/551/2 1669/549/2 1494/548/2
f 1512/550/2 1656/370/2 1657/552/2
f 1667/553/2 1668/551/2 1494/548/2
f 1512/550/2 1657/552/2 1658/554/2
f 1667/553/2 1494/548/2 1495/555/2
f 1666/373/2 1667/553/2 1495/555/2
f 1511/341/2 1512/550/2 1658/554/2
f 1511/341/2 1658/554/2 1659/556/2
f 1665/557/2 1666/373/2 1495/555/2
f 1511/341/2 1659/556/2 1660/558/2
f 1664/559/2 1665/557/2 1495/555/2
f 1511/341/2 1660/558/2 1661/372/2
f 1663/560/2 1664/559/2 1495/555/2
f 1511/341/2 1661/372/2 1662/561/2
f 1662/561/2 1663/560/2 1495/555/2
f 1511/341/2 1662/561/2 1495/555/2
f 1511/341/2 1495/555/2 1496/347/2
f 1510/562/2 1511/341/2 1496/347/2
f 1510/562/2 1496/347/2 1497/563/2
f 1509/564/2 1510/562/2 1497/563/2
f 1508/565/2 1509/564/2 1497/563/2
f 1508/565/2 1497/563/2 1498/566/2
f 1507/567/2 1508/565/2 1498/566/2
f 1507/567/2 1498/566/2 1499/568/2
f 1506/343/2 1507/567/2 1499/568/2
f 1506/343/2 1499/568/2 1500/569/2
f 1505/570/2 1506/343/2 1500/569/2
f 1505/570/2 1500/569/2 1501/345/2
f 1504/571/2 1505/570/2 1501/345/2
f 1504/571/2 1501/345/2 1502/572/2
f 1503/573/2 1504/571/2 1502/572/2
f 1711/574/2 1712/576/2 1713/575/2
f 1711/574/2 1713/575/2 1714/577/2
f 1738/578/2 1739/580/2 1740/579/2
f 1738/578/2 1740/579/2 1741/581/2
f 1710/582/2 1711/574/2 1714/577/2
f 1710/582/2 1714/577/2 1715/583/2
f 1710/582/2 1715/583/2 1716/584/2
f 1709/235/2 1710/582/2 1716/584/2
f 1709/235/2 1716/584/2 1717/585/2
f 1737/586/2 1738/578/2 1741/581/2
f 1709/235/2 1717/585/2 1718/587/2
f 1736/588/2 1737/586/2 1741/581/2
f 1708/589/2 1709/235/2 1718/587/2
f 1708/589/2 1718/587/2 1719/590/2
f 1735/591/2 1736/588/2 1741/581/2
f 1734/592/2 1735/591/2 1741/581/2
f 1708/589/2 1719/590/2 1720/306/2
f 1707/593/2 1708/589/2 1720/306/2
f 1733/594/2 1734/592/2 1741/581/2
f 1707/593/2 1720/306/2 1721/595/2
f 1732/596/2 1733/594/2 1687/24/2
f 1687/24/2 1733/594/2 1741/581/2
f 1707/593/2 1721/595/2 1722/597/2
f 1731/263/2 1732/596/2 1687/24/2
f 1707/593/2 1722/597/2 1723/598/2
f 1730/599/2 1731/263/2 1687/24/2
f 1706/600/2 1707/593/2 1723/598/2
f 1729/601/2 1730/599/2 1687/24/2
f 1706/600/2 1723/598/2 1724/602/2
f 1728/603/2 1729/601/2 1687/24/2
f 1706/600/2 1724/602/2 1725/604/2
f 1727/605/2 1728/603/2 1687/24/2
f 1706/600/2 1725/604/2 1726/606/2
f 1726/606/2 1727/605/2 1687/24/2
f 1706/600/2 1726/606/2 1687/24/2
f 1706/600/2 1687/24/2 1688/607/2
f 1742/13/2 1687/24/2 1741/581/2
f 1705/608/2 1706/600/2 1688/607/2
f 1705/608/2 1688/607/2 1689/609/2
f 1705/608/2 1689/609/2 1690/610/2
f 1704/611/2 1705/608/2 1690/610/2
f 1704/611/2 1690/610/2 1691/612/2
f 1703/613/2 1704/611/2 1691/612/2
f 1703/613/2 1691/612/2 1692/614/2
f 1703/613/2 1692/614/2 1693/615/2
f 1702/616/2 1703/613/2 1693/615/2
f 1702/616/2 1693/615/2 1694/617/2
f 1702/616/2 1694/617/2 1695/618/2
f 1701/619/2 1702/616/2 1695/618/2
f 1701/619/2 1695/618/2 1696/620/2
f 1700/621/2 1701/619/2 1696/620/2
f 1700/621/2 1696/620/2 1697/622/2
f 1700/621/2 1697/622/2 1698/294/2
f 1699/623/2 1700/621/2 1698/294/2
f 1850/624/2 1851/626/2 1852/625/2
f 1850/624/2 1852/625/2 1853/586/2
f 1850/624/2 1853/586/2 1854/627/2
f 1849/628/2 1850/624/2 1854/627/2
f 1849/628/2 1854/627/2 1855/629/2
f 1849/628/2 1855/629/2 1856/630/2
f 1848/631/2 1849/628/2 1856/630/2
f 1848/631/2 1856/630/2 1857/632/2
f 1848/631/2 1857/632/2 1858/633/2
f 1847/634/2 1848/631/2 1858/633/2
f 1847/634/2 1858/633/2 1859/635/2
f 1847/634/2 1859/635/2 1860/636/2
f 1846/637/2 1847/634/2 1860/636/2
f 1846/637/2 1860/636/2 1861/638/2
f 1846/637/2 1861/638/2 1862/639/2
f 1845/640/2 1846/637/2 1862/639/2
f 1845/640/2 1862/639/2 1863/641/2
f 1845/640/2 1863/641/2 1750/642/2
f 1750/642/2 1863/641/2 1749/643/2
f 1749/643/2 1863/641/2 1748/644/2
f 1748/644/2 1863/641/2 1747/645/2
f 1747/645/2 1863/641/2 1746/646/2
f 1746/646/2 1863/641/2 1745/647/2
f 1745/647/2 1863/641/2 1744/648/2
f 1744/648/2 1863/641/2 1743/24/2
f 1743/24/2 1863/641/2 1864/13/2
f 1844/649/2 1845/640/2 1752/650/2
f 1752/650/2 1845/640/2 1751/651/2
f 1751/651/2 1845/640/2 1750/642/2
f 1843/652/2 1844/649/2 1754/614/2
f 1754/614/2 1844/649/2 1753/653/2
f 1753/653/2 1844/649/2 1752/650/2
f 1842/596/2 1843/652/2 1755/654/2
f 1755/654/2 1843/652/2 1754/614/2
f 1842/596/2 1755/654/2 1756/655/2
f 1842/596/2 1756/655/2 1757/656/2
f 1842/596/2 1757/656/2 1758/657/2
f 1842/596/2 1758/657/2 1759/658/2
f 1842/596/2 1759/658/2 1760/659/2
f 1841/660/2 1842/596/2 1760/659/2
f 1841/660/2 1760/659/2 1761/661/2
f 1841/660/2 1761/661/2 1762/662/2
f 1841/660/2 1762/662/2 1763/663/2
f 1840/664/2 1841/660/2 1763/663/2
f 1840/664/2 1763/663/2 1764/665/2
f 1840/664/2 1764/665/2 1765/622/2
f 1839/666/2 1840/664/2 1765/622/2
f 1839/666/2 1765/622/2 1766/667/2
f 1839/666/2 1766/667/2 1767/668/2
f 1838/669/2 1839/666/2 1767/668/2
f 1838/669/2 1767/668/2 1768/670/2
f 1838/669/2 1768/670/2 1769/671/2
f 1837/672/2 1838/669/2 1769/671/2
f 1837/672/2 1769/671/2 1770/673/2
f 1836/674/2 1837/672/2 1770/673/2
f 1836/674/2 1770/673/2 1771/675/2
f 1836/674/2 1771/675/2 1772/676/2
f 1835/677/2 1836/674/2 1772/676/2
f 1835/677/2 1772/676/2 1773/678/2
f 1834/679/2 1835/677/2 1773/678/2
f 1834/679/2 1773/678/2 1774/680/2
f 1833/681/2 1834/679/2 1774/680/2
f 1833/681/2 1774/680/2 1775/682/2
f 1832/683/2 1833/681/2 1775/682/2
f 1832/683/2 1775/682/2 1776/616/2
f 1831/605/2 1832/683/2 1776/616/2
f 1830/684/2 1831/605/2 1776/616/2
f 1830/684/2 1776/616/2 1777/685/2
f 1829/686/2 1830/684/2 1777/685/2
f 1828/687/2 1829/686/2 1777/685/2
f 1828/687/2 1777/685/2 1778/688/2
f 1827/689/2 1828/687/2 1778/688/2
f 1802/690/2 1803/692/2 1804/691/2
f 1827/689/2 1778/688/2 1779/693/2
f 1826/694/2 1827/689/2 1779/693/2
f 1802/690/2 1804/691/2 1805/695/2
f 1825/696/2 1826/694/2 1779/693/2
f 1825/696/2 1779/693/2 1780/697/2
f 1802/690/2 1805/695/2 1806/698/2
f 1824/699/2 1825/696/2 1780/697/2
f 1802/690/2 1806/698/2 1807/700/2
f 1823/701/2 1824/699/2 1780/697/2
f 1822/702/2 1823/701/2 1780/697/2
f 1822/702/2 1780/697/2 1781/703/2
f 1802/690/2 1807/700/2 1808/704/2
f 1821/705/2 1822/702/2 1781/703/2
f 1802/690/2 1808/704/2 1809/585/2
f 1820/597/2 1821/705/2 1781/703/2
f 1802/690/2 1809/585/2 1810/706/2
f 1820/597/2 1781/703/2 1782/707/2
f 1819/708/2 1820/597/2 1782/707/2
f 1802/690/2 1810/706/2 1811/709/2
f 1818/710/2 1819/708/2 1782/707/2
f 1802/690/2 1811/709/2 1812/711/2
f 1817/712/2 1818/710/2 1782/707/2
f 1802/690/2 1812/711/2 1813/713/2
f 1816/714/2 1817/712/2 1782/707/2
f 1802/690/2 1813/713/2 1814/715/2
f 1816/714/2 1782/707/2 1783/716/2
f 1815/717/2 1816/714/2 1783/716/2
f 1802/690/2 1814/715/2 1815/717/2
f 1802/690/2 1815/717/2 1783/716/2
f 1802/690/2 1783/716/2 1784/718/2
f 1801/719/2 1802/690/2 1784/718/2
f 1800/720/2 1801/719/2 1784/718/2
f 1800/720/2 1784/718/2 1785/721/2
f 1799/722/2 1800/720/2 1785/721/2
f 1799/722/2 1785/721/2 1786/723/2
f 1798/576/2 1799/722/2 1786/723/2
f 1797/724/2 1798/576/2 1786/723/2
f 1797/724/2 1786/723/2 1787/593/2
f 1796/725/2 1797/724/2 1787/593/2
f 1795/726/2 1796/725/2 1787/593/2
f 1795/726/2 1787/593/2 1788/727/2
f 1794/728/2 1795/726/2 1788/727/2
f 1793/729/2 1794/728/2 1788/727/2
f 1793/729/2 1788/727/2 1789/730/2
f 1792/731/2 1793/729/2 1789/730/2
f 1791/732/2 1792/731/2 1789/730/2
f 1791/732/2 1789/730/2 1790/733/2
s 1
f 1866/734/3 1868/735/4 1867/736/4 1865/24/3
f 1868/735/4 1870/737/5 1869/738/5 1867/736/4
f 1870/737/5 1872/739/6 1871/740/6 1869/738/5
f 1872/739/6 1874/741/7 1873/742/7 1871/740/6
f 1874/741/7 1876/743/8 1875/744/8 1873/742/7
f 1876/743/8 1878/745/9 1877/746/9 1875/744/8
f 1878/745/9 1880/747/10 1879/748/10 1877/746/9
f 1880/747/10 1882/749/11 1881/750/11 1879/748/10
f 1882/749/11 1884/751/12 1883/752/12 1881/750/11
f 1884/751/12 1886/753/13 1885/754/13 1883/752/12
f 1886/753/13 1888/755/14 1887/756/14 1885/754/13
f 1888/755/14 1890/757/15 1889/758/15 1887/756/14
f 1890/757/15 1892/759/16 1891/760/16 1889/758/15
f 1892/759/16 1894/761/17 1893/762/17 1891/760/16
f 1894/761/17 1896/763/18 1895/764/18 1893/762/17
f 1896/763/18 1898/765/19 1897/766/19 1895/764/18
f 1898/765/19 1900/767/20 1899/768/20 1897/766/19
f 1900/767/20 1902/769/21 1901/770/21 1899/768/20
f 1902/769/21 1904/771/22 1903/772/22 1901/770/21
f 1904/771/22 1906/773/23 1905/774/23 1903/772/22
f 1906/773/23 1908/775/24 1907/776/24 1905/774/23
f 1908/775/24 1910/777/25 1909/778/25 1907/776/24
f 1910/777/25 1912/779/26 1911/780/26 1909/778/25
f 1912/779/26 1914/781/27 1913/782/27 1911/780/26
f 1914/781/27 1916/783/28 1915/784/28 1913/782/27
f 1916/783/28 1918/785/29 1917/786/29 1915/784/28
f 1918/785/29 1920/787/30 1919/788/30 1917/786/29
f 1920/787/30 1922/789/31 1921/790/31 1919/788/30
f 1922/789/31 1924/791/32 1923/792/32 1921/790/31
f 1924/791/32 1926/793/33 1925/794/33 1923/792/32
f 1926/793/33 1928/795/34 1927/796/34 1925/794/33
f 1928/795/34 1930/797/35 1929/798/35 1927/796/34
f 1930/797/35 1932/799/36 1931/800/36 1929/798/35
f 1932/799/36 1934/801/37 1933/802/37 1931/800/36
f 1934/801/37 1936/803/38 1935/804/38 1933/802/37
f 1936/803/38 1938/805/39 1937/806/39 1935/804/38
f 1938/805/39 1940/807/40 1939/808/40 1937/806/39
f 1940/807/40 1942/809/41 1941/810/41 1939/808/40
f 1942/809/41 1944/811/42 1943/812/42 1941/810/41
f 1944/811/42 1946/813/43 1945/814/43 1943/812/42
f 1946/813/43 1948/815/44 1947/816/44 1945/814/43
f 1948/815/44 1950/817/45 1949/818/45 1947/816/44
f 1950/817/45 1952/819/46 1951/820/46 1949/818/45
f 1952/819/46 1954/821/47 1953/822/47 1951/820/46
f 1954/821/47 1956/823/48 1955/824/48 1953/822/47
f 1956/823/48 1958/825/49 1957/826/49 1955/824/48
f 1958/825/49 1960/827/50 1959/828/50 1957/826/49
f 1960/827/50 1962/829/51 1961/830/51 1959/828/50
f 1962/829/51 1964/831/52 1963/832/52 1961/830/51
f 1964/831/52 1966/833/53 1965/834/53 1963/832/52
f 1966/833/53 1968/835/54 1967/836/54 1965/834/53
f 1968/835/54 1970/837/55 1969/838/55 1967/836/54
f 1970/837/55 1972/839/56 1971/840/56 1969/838/55
f 1972/839/56 1974/841/57 1973/842/57 1971/840/56
f 1974/841/57 1976/843/58 1975/844/58 1973/842/57
f 1976/843/58 1978/845/59 1977/846/59 1975/844/58
f 1978/845/59 1980/847/60 1979/848/60 1977/846/59
f 1980/847/60 1982/849/61 1981/850/61 1979/848/60
f 1982/849/61 1984/851/62 1983/852/62 1981/850/61
f 1984/851/62 1986/853/63 1985/854/63 1983/852/62
f 1986/853/63 1988/855/64 1987/53/64 1985/854/63
f 1988/855/64 1990/856/65 1989/857/65 1987/53/64
f 1990/856/65 1992/858/66 1991/859/66 1989/857/65
f 1992/858/66 1994/860/67 1993/861/67 1991/859/66
f 1994/860/67 1996/862/68 1995/863/68 1993/861/67
f 1996/862/68 1998/864/69 1997/865/69 1995/863/68
f 1998/864/69 2000/866/70 1999/867/70 1997/865/69
f 2000/866/70 2002/868/71 2001/869/71 1999/867/70
f 2002/868/71 2004/870/72 2003/871/72 2001/869/71
f 2004/870/72 2006/872/73 2005/873/73 2003/871/72
f 2006/872/73 2008/874/74 2007/875/74 2005/873/73
f 2008/874/74 2010/876/75 2009/877/75 2007/875/74
f 2010/876/75 2012/878/76 2011/879/76 2009/877/75
f 2012/878/76 2014/880/77 2013/881/77 2011/879/76
f 2014/880/77 2016/882/78 2015/883/78 2013/881/77
f 2016/882/78 2018/884/79 2017/885/79 2015/883/78
f 2018/884/79 2020/886/80 2019/887/80 2017/885/79
f 2020/886/80 2022/888/81 2021/889/81 2019/887/80
f 2022/888/81 2024/890/82 2023/891/82 2021/889/81
f 2024/890/82 2026/892/83 2025/893/83 2023/891/82
f 2026/892/83 2028/894/84 2027/895/84 2025/893/83
f 2028/894/84 2030/896/85 2029/897/85 2027/895/84
f 2030/896/85 2032/898/86 2031/899/86 2029/897/85
f 2032/898/86 2034/900/87 2033/901/87 2031/899/86
f 2034/900/87 2036/902/88 2035/903/88 2033/901/87
f 2036/902/88 2038/904/89 2037/905/89 2035/903/88
f 2038/904/89 2040/906/90 2039/907/90 2037/905/89
f 2040/906/90 2042/908/91 2041/909/91 2039/907/90
f 2042/908/91 2044/910/92 2043/911/92 2041/909/91
f 2044/910/92 2046/912/93 2045/913/93 2043/911/92
f 2046/912/93 2048/914/94 2047/915/94 2045/913/93
f 2048/914/94 2050/916/95 2049/917/95 2047/915/94
f 2050/916/95 2052/918/96 2051/919/96 2049/917/95
f 2052/918/96 2054/920/97 2053/921/97 2051/919/96
f 2054/920/97 2056/922/98 2055/923/98 2053/921/97
f 2056/922/98 2058/924/99 2057/925/99 2055/923/98
f 2058/924/99 2060/926/100 2059/927/100 2057/925/99
f 2060/926/100 2062/928/101 2061/929/101 2059/927/100
f 2062/928/101 2064/930/102 2063/931/102 2061/929/101
f 2064/930/102 2066/932/103 2065/933/103 2063/931/102
f 2066/932/103 2068/934/104 2067/935/104 2065/933/103
f 2068/934/104 2070/936/105 2069/937/105 2067/935/104
f 2070/936/105 2072/938/106 2071/939/106 2069/937/105
f 2072/938/106 2074/940/107 2073/941/107 2071/939/106
f 2074/940/107 2076/942/108 2075/943/108 2073/941/107
f 2076/942/108 2078/944/109 2077/945/109 2075/943/108
f 2078/944/109 2080/946/110 2079/947/110 2077/945/109
f 2080/946/110 2082/948/111 2081/949/111 2079/947/110
f 2082/948/111 2084/950/112 2083/951/112 2081/949/111
f 2084/950/112 2086/952/113 2085/953/113 2083/951/112
f 2086/952/113 2088/954/114 2087/955/114 2085/953/113
f 2088/954/114 2090/956/115 2089/957/115 2087/955/114
f 2090/956/115 2092/958/116 2091/959/116 2089/957/115
f 2092/958/116 2094/960/117 2093/961/117 2091/959/116
f 2094/960/117 2096/962/118 2095/963/118 2093/961/117
f 2096/962/118 2098/964/119 2097/965/119 2095/963/118
f 2098/964/119 2100/966/120 2099/967/120 2097/965/119
f 2100/966/120 2102/968/121 2101/969/121 2099/967/120
f 2102/968/121 2104/970/122 2103/971/122 2101/969/121
f 2104/970/122 2106/972/123 2105/973/123 2103/971/122
f 2106/972/123 2108/974/124 2107/975/124 2105/973/123
f 2108/974/124 1866/976/3 1865/13/3 2107/975/124
f 2110/734/125 2112/977/126 2111/23/126 2109/24/125
f 2112/977/126 2114/978/127 2113/21/127 2111/23/126
f 2114/978/127 2116/979/128 2115/20/128 2113/21/127
f 2116/979/128 2118/980/129 2117/18/129 2115/20/128
f 2118/980/129 2120/981/130 2119/16/130 2117/18/129
f 2120/981/130 2122/982/131 2121/15/131 2119/16/130
f 2122/982/131 2124/983/132 2123/9/132 2121/15/131
f 2124/983/132 2126/984/133 2125/7/133 2123/9/132
f 2126/984/133 2128/985/134 2127/6/134 2125/7/133
f 2128/985/134 2130/986/135 2129/4/135 2127/6/134
f 2130/986/135 2132/987/136 2131/1/136 2129/4/135
f 2132/987/136 2134/988/137 2133/3/137 2131/1/136
f 2134/988/137 2136/989/138 2135/2/138 2133/3/137
f 2136/989/138 2138/990/139 2137/5/139 2135/2/138
f 2138/990/139 2140/991/140 2139/8/140 2137/5/139
f 2140/991/140 2142/992/141 2141/14/141 2139/8/140
f 2142/992/141 2144/993/142 2143/17/142 2141/14/141
f 2144/993/142 2146/994/143 2145/19/143 2143/17/142
f 2146/994/143 2148/995/144 2147/22/144 2145/19/143
f 2148/995/144 2150/996/145 2149/26/145 2147/22/144
f 2150/996/145 2152/997/146 2151/43/146 2149/26/145
f 2152/997/146 2154/998/147 2153/47/147 2151/43/146
f 2154/998/147 2156/999/148 2155/50/148 2153/47/147
f 2156/999/148 2158/1000/149 2157/54/149 2155/50/148
f 2158/1000/149 2160/1001/150 2159/57/150 2157/54/149
f 2160/1001/150 2162/1002/151 2161/56/151 2159/57/150
f 2162/1002/151 2164/1003/152 2163/55/152 2161/56/151
f 2164/1003/152 2166/855/153 2165/53/153 2163/55/152
f 2166/855/153 2168/1004/154 2167/51/154 2165/53/153
f 2168/1004/154 2170/1005/155 2169/49/155 2167/51/154
f 2170/1005/155 2172/1006/156 2171/48/156 2169/49/155
f 2172/1006/156 2174/1007/157 2173/46/157 2171/48/156
f 2174/1007/157 2176/1008/158 2175/45/158 2173/46/157
f 2176/1008/158 2178/1009/159 2177/44/159 2175/45/158
f 2178/1009/159 2180/1010/160 2179/42/160 2177/44/159
f 2180/1010/160 2182/1011/161 2181/41/161 2179/42/160
f 2182/1011/161 2184/1012/162 2183/40/162 2181/41/161
f 2184/1012/162 2186/1013/163 2185/39/163 2183/40/162
f 2186/1013/163 2188/1014/164 2187/25/164 2185/39/163
f 2188/1014/164 2190/1015/165 2189/38/165 2187/25/164
f 2190/1015/165 2192/1016/166 2191/37/166 2189/38/165
f 2192/1016/166 2194/1017/167 2193/36/167 2191/37/166
f 2194/1017/167 2196/1018/168 2195/35/168 2193/36/167
f 2196/1018/168 2198/1019/169 2197/34/169 2195/35/168
f 2198/1019/169 2200/1020/170 2199/33/170 2197/34/169
f 2200/1020/170 2202/1021/171 2201/32/171 2199/33/170
f 2202/1021/171 2204/1022/172 2203/31/172 2201/32/171
f 2204/1022/172 2206/1023/173 2205/30/173 2203/31/172
f 2206/1023/173 2208/1024/174 2207/29/174 2205/30/173
f 2208/1024/174 2210/1025/175 2209/28/175 2207/29/174
f 2210/1025/175 2212/1026/176 2211/27/176 2209/28/175
f 2212/1026/176 2214/1027/150 2213/52/150 2211/27/176
f 2214/1027/150 2216/1028/151 2215/10/151 2213/52/150
f 2216/1028/151 2218/1029/177 2217/12/177 2215/10/151
f 2218/1029/177 2220/1030/178 2219/11/178 2217/12/177
f 2220/1030/178 2110/976/125 2109/13/125 2219/11/178
f 2222/734/179 2224/1031/180 2223/1032/180 2221/24/179
f 2224/1031/180 2226/1033/181 2225/1034/181 2223/1032/180
f 2226/1033/181 2228/1035/182 2227/1036/182 2225/1034/181
f 2228/1035/182 2230/1037/183 2229/1038/183 2227/1036/182
f 2230/1037/183 2232/1039/184 2231/1040/184 2229/1038/183
f 2232/1039/184 2234/1041/185 2233/1042/185 2231/1040/184
f 2234/1041/185 2236/1043/186 2235/1044/186 2233/1042/185
f 2236/1043/186 2238/1045/187 2237/1046/187 2235/1044/186
f 2238/1045/187 2240/1047/188 2239/1048/188 2237/1046/187
f 2240/1047/188 2242/1049/189 2241/1050/189 2239/1048/188
f 2242/1049/189 2244/1051/190 2243/1052/190 2241/1050/189
f 2244/1051/190 2246/1053/191 2245/1054/191 2243/1052/190
f 2246/1053/191 2248/1055/192 2247/1056/192 2245/1054/191
f 2248/1055/192 2250/1057/193 2249/1058/193 2247/1056/192
f 2250/1057/193 2252/1059/194 2251/1060/194 2249/1058/193
f 2252/1059/194 2254/1061/195 2253/1062/195 2251/1060/194
f 2254/1061/195 2256/1063/196 2255/1064/196 2253/1062/195
f 2256/1063/196 2258/1065/197 2257/1066/197 2255/1064/196
f 2258/1065/197 2260/1067/198 2259/1068/198 2257/1066/197
f 2260/1067/198 2262/983/199 2261/9/199 2259/1068/198
f 2262/983/199 2264/1069/200 2263/1070/200 2261/9/199
f 2264/1069/200 2266/1071/201 2265/1072/201 2263/1070/200
f 2266/1071/201 2268/1073/202 2267/1074/202 2265/1072/201
f 2268/1073/202 2270/1075/203 2269/1076/203 2267/1074/202
f 2270/1075/203 2272/1077/204 2271/1078/204 2269/1076/203
f 2272/1077/204 2274/1079/205 2273/1080/205 2271/1078/204
f 2274/1079/205 2276/1081/206 2275/1082/206 2273/1080/205
f 2276/1081/206 2278/1083/207 2277/1084/207 2275/1082/206
f 2278/1083/207 2280/1085/208 2279/1086/208 2277/1084/207
f 2280/1085/208 2282/1087/209 2281/1088/209 2279/1086/208
f 2282/1087/209 2284/1089/210 2283/1090/210 2281/1088/209
f 2284/1089/210 2286/1091/211 2285/294/211 2283/1090/210
f 2286/1091/211 2288/1092/212 2287/1093/212 2285/294/211
f 2288/1092/212 2290/1094/213 2289/1095/213 2287/1093/212
f 2290/1094/213 2292/1096/214 2291/1097/214 2289/1095/213
f 2292/1096/214 2294/1098/215 2293/1099/215 2291/1097/214
f 2294/1098/215 2296/1100/216 2295/1101/216 2293/1099/215
f 2296/1100/216 2298/1102/217 2297/1103/217 2295/1101/216
f 2298/1102/217 2300/1104/218 2299/1105/218 2297/1103/217
f 2300/1104/218 2302/990/219 2301/5/219 2299/1105/218
f 2302/990/219 2304/1106/220 2303/1107/220 2301/5/219
f 2304/1106/220 2306/1108/221 2305/1109/221 2303/1107/220
f 2306/1108/221 2308/1110/222 2307/1111/222 2305/1109/221
f 2308/1110/222 2310/1112/223 2309/1113/223 2307/1111/222
f 2310/1112/223 2312/1114/224 2311/1115/224 2309/1113/223
f 2312/1114/224 2314/1116/225 2313/1117/225 2311/1115/224
f 2314/1116/225 2316/1118/226 2315/1119/226 2313/1117/225
f 2316/1118/226 2318/1120/227 2317/1121/227 2315/1119/226
f 2318/1120/227 2320/1122/228 2319/1123/228 2317/1121/227
f 2320/1122/228 2322/1124/229 2321/1125/229 2319/1123/228
f 2322/1124/229 2324/1126/230 2323/1127/230 2321/1125/229
f 2324/1126/230 2326/1128/231 2325/1129/231 2323/1127/230
f 2326/1128/231 2328/1130/232 2327/1131/232 2325/1129/231
f 2328/1130/232 2330/1132/233 2329/1133/233 2327/1131/232
f 2330/1132/233 2332/1134/234 2331/1135/234 2329/1133/233
f 2332/1134/234 2334/1136/235 2333/1137/235 2331/1135/234
f 2334/1136/235 2336/1138/236 2335/1139/236 2333/1137/235
f 2336/1138/236 2338/1140/237 2337/1141/237 2335/1139/236
f 2338/1140/237 2340/1142/238 2339/1143/238 2337/1141/237
f 2340/1142/238 2342/997/239 2341/43/239 2339/1143/238
f 2342/997/239 2344/1144/240 2343/1145/240 2341/43/239
f 2344/1144/240 2346/1146/241 2345/1147/241 2343/1145/240
f 2346/1146/241 2348/1148/242 2347/1149/242 2345/1147/241
f 2348/1148/242 2350/1150/243 2349/235/243 2347/1149/242
f 2350/1150/243 2352/1151/244 2351/1152/244 2349/235/243
f 2352/1151/244 2354/1153/245 2353/1154/245 2351/1152/244
f 2354/1153/245 2356/1155/246 2355/1156/246 2353/1154/245
f 2356/1155/246 2358/1157/247 2357/1158/247 2355/1156/246
f 2358/1157/247 2360/1159/248 2359/1160/248 2357/1158/247
f 2360/1159/248 2362/1161/249 2361/1162/249 2359/1160/248
f 2362/1161/249 2364/1163/250 2363/1164/250 2361/1162/249
f 2364/1163/250 2366/1165/251 2365/1166/251 2363/1164/250
f 2366/1165/251 2368/1167/252 2367/1168/252 2365/1166/251
f 2368/1167/252 2370/1169/253 2369/1170/253 2367/1168/252
f 2370/1169/253 2372/1171/254 2371/1172/254 2369/1170/253
f 2372/1171/254 2374/1173/255 2373/1174/255 2371/1172/254
f 2374/1173/255 2376/1175/256 2375/1176/256 2373/1174/255
f 2376/1175/256 2378/1177/257 2377/1178/257 2375/1176/256
f 2378/1177/257 2380/1179/258 2379/1180/258 2377/1178/257
f 2380/1179/258 2382/855/259 2381/53/259 2379/1180/258
f 2382/855/259 2384/1181/260 2383/1182/260 2381/53/259
f 2384/1181/260 2386/1183/261 2385/1184/261 2383/1182/260
f 2386/1183/261 2388/1185/262 2387/1186/262 2385/1184/261
f 2388/1185/262 2390/1187/263 2389/1188/263 2387/1186/262
f 2390/1187/263 2392/1189/264 2391/1190/264 2389/1188/263
f 2392/1189/264 2394/1191/265 2393/1192/265 2391/1190/264
f 2394/1191/265 2396/1193/266 2395/1194/266 2393/1192/265
f 2396/1193/266 2398/1195/267 2397/1196/267 2395/1194/266
f 2398/1195/267 2400/1197/268 2399/1198/268 2397/1196/267
f 2400/1197/268 2402/1199/269 2401/1200/269 2399/1198/268
f 2402/1199/269 2404/1201/270 2403/1202/270 2401/1200/269
f 2404/1201/270 2406/1203/271 2405/1204/271 2403/1202/270
f 2406/1203/271 2408/1205/272 2407/1206/272 2405/1204/271
f 2408/1205/272 2410/1207/273 2409/1208/273 2407/1206/272
f 2410/1207/273 2412/1209/274 2411/1210/274 2409/1208/273
f 2412/1209/274 2414/1211/275 2413/306/275 2411/1210/274
f 2414/1211/275 2416/1212/276 2415/1213/276 2413/306/275
f 2416/1212/276 2418/1214/277 2417/1215/277 2415/1213/276
f 2418/1214/277 2420/1216/278 2419/1217/278 2417/1215/277
f 2420/1216/278 2422/1010/279 2421/42/279 2419/1217/278
f 2422/1010/279 2424/1218/280 2423/1219/280 2421/42/279
f 2424/1218/280 2426/1220/281 2425/1221/281 2423/1219/280
f 2426/1220/281 2428/1222/282 2427/1223/282 2425/1221/281
f 2428/1222/282 2430/1224/283 2429/1225/283 2427/1223/282
f 2430/1224/283 2432/1226/284 2431/1227/284 2429/1225/283
f 2432/1226/284 2434/1228/285 2433/1229/285 2431/1227/284
f 2434/1228/285 2436/1230/286 2435/1231/286 2433/1229/285
f 2436/1230/286 2438/1232/287 2437/1233/287 2435/1231/286
f 2438/1232/287 2440/1234/288 2439/1235/288 2437/1233/287
f 2440/1234/288 2442/1236/289 2441/1237/289 2439/1235/288
f 2442/1236/289 2444/1238/290 2443/1239/290 2441/1237/289
f 2444/1238/290 2446/1240/291 2445/1241/291 2443/1239/290
f 2446/1240/291 2448/1242/292 2447/1243/292 2445/1241/291
f 2448/1242/292 2450/1244/293 2449/1245/293 2447/1243/292
f 2450/1244/293 2452/1246/294 2451/1247/294 2449/1245/293
f 2452/1246/294 2454/1248/295 2453/1249/295 2451/1247/294
f 2454/1248/295 2456/1250/296 2455/1251/296 2453/1249/295
f 2456/1250/296 2458/1252/297 2457/1253/297 2455/1251/296
f 2458/1252/297 2460/1254/298 2459/1255/298 2457/1253/297
f 2460/1254/298 2462/1017/299 2461/36/299 2459/1255/298
f 2462/1017/299 2464/1256/300 2463/1257/300 2461/36/299
f 2464/1256/300 2466/1258/301 2465/1259/301 2463/1257/300
f 2466/1258/301 2468/1260/302 2467/1261/302 2465/1259/301
f 2468/1260/302 2470/1262/303 2469/1263/303 2467/1261/302
f 2470/1262/303 2472/1264/304 2471/1265/304 2469/1263/303
f 2472/1264/304 2474/1266/305 2473/1267/305 2471/1265/304
f 2474/1266/305 2476/1268/306 2475/1269/306 2473/1267/305
f 2476/1268/306 2478/1270/307 2477/263/307 2475/1269/306
f 2478/1270/307 2480/1271/308 2479/1272/308 2477/263/307
f 2480/1271/308 2482/1273/309 2481/1274/309 2479/1272/308
f 2482/1273/309 2484/1275/310 2483/1276/310 2481/1274/309
f 2484/1275/310 2486/1277/311 2485/1278/311 2483/1276/310
f 2486/1277/311 2488/1279/312 2487/1280/312 2485/1278/311
f 2488/1279/312 2490/1281/313 2489/1282/313 2487/1280/312
f 2490/1281/313 2492/1283/314 2491/1284/314 2489/1282/313
f 2492/1283/314 2494/1285/315 2493/1286/315 2491/1284/314
f 2494/1285/315 2496/1287/316 2495/1288/316 2493/1286/315
f 2496/1287/316 2498/1289/317 2497/1290/317 2495/1288/316
f 2498/1289/317 2500/1291/318 2499/1292/318 2497/1290/317
f 2500/1291/318 2502/1024/319 2501/29/319 2499/1292/318
f 2502/1024/319 2504/1293/320 2503/1294/320 2501/29/319
f 2504/1293/320 2506/1295/321 2505/1296/321 2503/1294/320
f 2506/1295/321 2508/1297/322 2507/1298/322 2505/1296/321
f 2508/1297/322 2510/1299/323 2509/1300/323 2507/1298/322
f 2510/1299/323 2512/1301/324 2511/1302/324 2509/1300/323
f 2512/1301/324 2514/1303/325 2513/1304/325 2511/1302/324
f 2514/1303/325 2516/1305/326 2515/1306/326 2513/1304/325
f 2516/1305/326 2518/1307/327 2517/1308/327 2515/1306/326
f 2518/1307/327 2520/1309/328 2519/1310/328 2517/1308/327
f 2520/1309/328 2522/1311/329 2521/1312/329 2519/1310/328
f 2522/1311/329 2524/1313/330 2523/1314/330 2521/1312/329
f 2524/1313/330 2526/1315/331 2525/1316/331 2523/1314/330
f 2526/1315/331 2528/1317/332 2527/1318/332 2525/1316/331
f 2528/1317/332 2530/1319/333 2529/1320/333 2527/1318/332
f 2530/1319/333 2532/1321/334 2531/1322/334 2529/1320/333
f 2532/1321/334 2534/1323/335 2533/1324/335 2531/1322/334
f 2534/1323/335 2536/1325/336 2535/1326/336 2533/1324/335
f 2536/1325/336 2538/1327/151 2537/1328/151 2535/1326/336
f 2538/1327/151 2540/1329/177 2539/1330/177 2537/1328/151
f 2540/1329/177 2222/976/179 2221/13/179 2539/1330/177
f 2542/734/337 2544/1331/338 2543/1332/338 2541/24/337
f 2544/1331/338 2546/1333/339 2545/1334/339 2543/1332/338
f 2546/1333/339 2548/1049/340 2547/1050/340 2545/1334/339
f 2548/1049/340 2550/1335/341 2549/1336/341 2547/1050/340
f 2550/1335/341 2552/1337/342 2551/1338/342 2549/1336/341
f 2552/1337/342 2554/983/343 2553/9/343 2551/1338/342
f 2554/983/343 2556/1339/344 2555/1340/344 2553/9/343
f 2556/1339/344 2558/1341/345 2557/1342/345 2555/1340/344
f 2558/1341/345 2560/1087/346 2559/1088/346 2557/1342/345
f 2560/1087/346 2562/1343/347 2561/1344/347 2559/1088/346
f 2562/1343/347 2564/1345/348 2563/1346/348 2561/1344/347
f 2564/1345/348 2566/990/349 2565/5/349 2563/1346/348
f 2566/990/349 2568/1347/350 2567/1348/350 2565/5/349
f 2568/1347/350 2570/1349/351 2569/1350/351 2567/1348/350
f 2570/1349/351 2572/1124/352 2571/1125/352 2569/1350/351
f 2572/1124/352 2574/1351/353 2573/339/353 2571/1125/352
f 2574/1351/353 2576/1352/354 2575/1353/354 2573/339/353
f 2576/1352/354 2578/997/355 2577/43/355 2575/1353/354
f 2578/997/355 2580/1354/356 2579/1355/356 2577/43/355
f 2580/1354/356 2582/1356/357 2581/1357/357 2579/1355/356
f 2582/1356/357 2584/1161/358 2583/1162/358 2581/1357/357
f 2584/1161/358 2586/1358/359 2585/1359/359 2583/1162/358
f 2586/1358/359 2588/1360/360 2587/1361/360 2585/1359/359
f 2588/1360/360 2590/855/361 2589/53/361 2587/1361/360
f 2590/855/361 2592/1362/362 2591/1363/362 2589/53/361
f 2592/1362/362 2594/1364/363 2593/1365/363 2591/1363/362
f 2594/1364/363 2596/1199/364 2595/1200/364 2593/1365/363
f 2596/1199/364 2598/1366/365 2597/1367/365 2595/1200/364
f 2598/1366/365 2600/1368/366 2599/1369/366 2597/1367/365
f 2600/1368/366 2602/1010/367 2601/42/367 2599/1369/366
f 2602/1010/367 2604/1370/368 2603/1371/368 2601/42/367
f 2604/1370/368 2606/1372/369 2605/348/369 2603/1371/368
f 2606/1372/369 2608/1236/370 2607/1237/370 2605/348/369
f 2608/1236/370 2610/1373/371 2609/1374/371 2607/1237/370
f 2610/1373/371 2612/1375/372 2611/1376/372 2609/1374/371
f 2612/1375/372 2614/1017/373 2613/36/373 2611/1376/372
f 2614/1017/373 2616/1377/374 2615/1378/374 2613/36/373
f 2616/1377/374 2618/1379/375 2617/1380/375 2615/1378/374
f 2618/1379/375 2620/1273/376 2619/1274/376 2617/1380/375
f 2620/1273/376 2622/1381/377 2621/1382/377 2619/1274/376
f 2622/1381/377 2624/1383/378 2623/1384/378 2621/1382/377
f 2624/1383/378 2626/1024/379 2625/29/379 2623/1384/378
f 2626/1024/379 2628/1385/380 2627/1386/380 2625/29/379
f 2628/1385/380 2630/1387/381 2629/1388/381 2627/1386/380
f 2630/1387/381 2632/1311/382 2631/1312/382 2629/1388/381
f 2632/1311/382 2634/1389/383 2633/1390/383 2631/1312/382
f 2634/1389/383 2636/1391/384 2635/1392/384 2633/1390/383
f 2636/1391/384 2542/976/337 2541/13/337 2635/1392/384
f 2638/734/385 2640/1331/386 2639/1332/386 2637/24/385
f 2640/1331/386 2642/1333/387 2641/1334/387 2639/1332/386
f 2642/1333/387 2644/1049/388 2643/1050/388 2641/1334/387
f 2644/1049/388 2646/1335/389 2645/1336/389 2643/1050/388
f 2646/1335/389 2648/1337/390 2647/1338/390 2645/1336/389
f 2648/1337/390 2650/983/391 2649/9/391 2647/1338/390
f 2650/983/391 2652/1339/392 2651/1340/392 2649/9/391
f 2652/1339/392 2654/1341/393 2653/1342/393 2651/1340/392
f 2654/1341/393 2656/1087/394 2655/1088/394 2653/1342/393
f 2656/1087/394 2658/1343/395 2657/1344/395 2655/1088/394
f 2658/1343/395 2660/1345/396 2659/1346/396 2657/1344/395
f 2660/1345/396 2662/990/397 2661/5/397 2659/1346/396
f 2662/990/397 2664/1347/398 2663/1348/398 2661/5/397
f 2664/1347/398 2666/1349/399 2665/1350/399 2663/1348/398
f 2666/1349/399 2668/1124/400 2667/1125/400 2665/1350/399
f 2668/1124/400 2670/1351/401 2669/339/401 2667/1125/400
f 2670/1351/401 2672/1352/402 2671/1353/402 2669/339/401
f 2672/1352/402 2674/997/403 2673/43/403 2671/1353/402
f 2674/997/403 2676/1354/404 2675/1355/404 2673/43/403
f 2676/1354/404 2678/1356/405 2677/1357/405 2675/1355/404
f 2678/1356/405 2680/1161/406 2679/1162/406 2677/1357/405
f 2680/1161/406 2682/1358/407 2681/1359/407 2679/1162/406
f 2682/1358/407 2684/1360/408 2683/1361/408 2681/1359/407
f 2684/1360/408 2686/855/409 2685/53/409 2683/1361/408
f 2686/855/409 2688/1362/410 2687/1363/410 2685/53/409
f 2688/1362/410 2690/1364/411 2689/1365/411 2687/1363/410
f 2690/1364/411 2692/1199/412 2691/1200/412 2689/1365/411
f 2692/1199/412 2694/1366/413 2693/1367/413 2691/1200/412
f 2694/1366/413 2696/1368/414 2695/1369/414 2693/1367/413
f 2696/1368/414 2698/1010/415 2697/42/415 2695/1369/414
f 2698/1010/415 2700/1370/416 2699/1371/416 2697/42/415
f 2700/1370/416 2702/1372/417 2701/348/417 2699/1371/416
f 2702/1372/417 2704/1236/418 2703/1237/418 2701/348/417
f 2704/1236/418 2706/1373/419 2705/1374/419 2703/1237/418
f 2706/1373/419 2708/1375/420 2707/1376/420 2705/1374/419
f 2708/1375/420 2710/1017/421 2709/36/421 2707/1376/420
f 2710/1017/421 2712/1377/422 2711/1378/422 2709/36/421
f 2712/1377/422 2714/1379/423 2713/1380/423 2711/1378/422
f 2714/1379/423 2716/1273/424 2715/1274/424 2713/1380/423
f 2716/1273/424 2718/1381/425 2717/1382/425 2715/1274/424
f 2718/1381/425 2720/1383/426 2719/1384/426 2717/1382/425
f 2720/1383/426 2722/1024/427 2721/29/427 2719/1384/426
f 2722/1024/427 2724/1385/428 2723/1386/428 2721/29/427
f 2724/1385/428 2726/1387/429 2725/1388/429 2723/1386/428
f 2726/1387/429 2728/1311/430 2727/1312/430 2725/1388/429
f 2728/1311/430 2730/1389/431 2729/1390/431 2727/1312/430
f 2730/1389/431 2732/1391/432 2731/1392/432 2729/1390/431
f 2732/1391/432 2638/976/385 2637/13/385 2731/1392/432
f 2734/734/433 2736/1331/434 2735/1332/434 2733/24/433
f 2736/1331/434 2738/1333/435 2737/1334/435 2735/1332/434
f 2738/1333/435 2740/1049/436 2739/1050/436 2737/1334/435
f 2740/1049/436 2742/1335/437 2741/1336/437 2739/1050/436
f 2742/1335/437 2744/1337/438 2743/1338/438 2741/1336/437
f 2744/1337/438 2746/983/439 2745/9/439 2743/1338/438
f 2746/983/439 2748/1339/440 2747/1340/440 2745/9/439
f 2748/1339/440 2750/1341/441 2749/1342/441 2747/1340/440
f 2750/1341/441 2752/1087/442 2751/1088/442 2749/1342/441
f 2752/1087/442 2754/1343/443 2753/1344/443 2751/1088/442
f 2754/1343/443 2756/1345/444 2755/1346/444 2753/1344/443
f 2756/1345/444 2758/990/445 2757/5/445 2755/1346/444
f 2758/990/445 2760/1347/446 2759/1348/446 2757/5/445
f 2760/1347/446 2762/1349/447 2761/1350/447 2759/1348/446
f 2762/1349/447 2764/1124/448 2763/1125/448 2761/1350/447
f 2764/1124/448 2766/1351/449 2765/339/449 2763/1125/448
f 2766/1351/449 2768/1352/450 2767/1353/450 2765/339/449
f 2768/1352/450 2770/997/451 2769/43/451 2767/1353/450
f 2770/997/451 2772/1354/452 2771/1355/452 2769/43/451
f 2772/1354/452 2774/1356/453 2773/1357/453 2771/1355/452
f 2774/1356/453 2776/1161/454 2775/1162/454 2773/1357/453
f 2776/1161/454 2778/1358/455 2777/1359/455 2775/1162/454
f 2778/1358/455 2780/1360/456 2779/1361/456 2777/1359/455
f 2780/1360/456 2782/855/457 2781/53/457 2779/1361/456
f 2782/855/457 2784/1362/458 2783/1363/458 2781/53/457
f 2784/1362/458 2786/1364/459 2785/1365/459 2783/1363/458
f 2786/1364/459 2788/1199/460 2787/1200/460 2785/1365/459
f 2788/1199/460 2790/1366/461 2789/1367/461 2787/1200/460
f 2790/1366/461 2792/1368/462 2791/1369/462 2789/1367/461
f 2792/1368/462 2794/1010/463 2793/42/463 2791/1369/462
f 2794/1010/463 2796/1370/464 2795/1371/464 2793/42/463
f 2796/1370/464 2798/1372/465 2797/348/465 2795/1371/464
f 2798/1372/465 2800/1236/466 2799/1237/466 2797/348/465
f 2800/1236/466 2802/1373/467 2801/1374/467 2799/1237/466
f 2802/1373/467 2804/1375/468 2803/1376/468 2801/1374/467
f 2804/1375/468 2806/1017/469 2805/36/469 2803/1376/468
f 2806/1017/469 2808/1377/470 2807/1378/470 2805/36/469
f 2808/1377/470 2810/1379/471 2809/1380/471 2807/1378/470
f 2810/1379/471 2812/1273/472 2811/1274/472 2809/1380/471
f 2812/1273/472 2814/1381/473 2813/1382/473 2811/1274/472
f 2814/1381/473 2816/1383/474 2815/1384/474 2813/1382/473
f 2816/1383/474 2818/1024/475 2817/29/475 2815/1384/474
f 2818/1024/475 2820/1385/476 2819/1386/476 2817/29/475
f 2820/1385/476 2822/1387/477 2821/1388/477 2819/1386/476
f 2822/1387/477 2824/1311/478 2823/1312/478 2821/1388/477
f 2824/1311/478 2826/1389/479 2825/1390/479 2823/1312/478
f 2826/1389/479 2828/1391/480 2827/1392/480 2825/1390/479
f 2828/1391/480 2734/976/433 2733/13/433 2827/1392/480
f 2830/734/481 2832/1331/482 2831/1332/482 2829/24/481
f 2832/1331/482 2834/1333/483 2833/1334/483 2831/1332/482
f 2834/1333/483 2836/1049/484 2835/1050/484 2833/1334/483
f 2836/1049/484 2838/1335/485 2837/1336/485 2835/1050/484
f 2838/1335/485 2840/1337/486 2839/1338/486 2837/1336/485
f 2840/1337/486 2842/983/487 2841/9/487 2839/1338/486
f 2842/983/487 2844/1339/488 2843/1340/488 2841/9/487
f 2844/1339/488 2846/1341/489 2845/1342/489 2843/1340/488
f 2846/1341/489 2848/1087/490 2847/1088/490 2845/1342/489
f 2848/1087/490 2850/1343/491 2849/1344/491 2847/1088/490
f 2850/1343/491 2852/1345/492 2851/1346/492 2849/1344/491
f 2852/1345/492 2854/990/493 2853/5/493 2851/1346/492
f 2854/990/493 2856/1347/494 2855/1348/494 2853/5/493
f 2856/1347/494 2858/1349/495 2857/1350/495 2855/1348/494
f 2858/1349/495 2860/1124/496 2859/1125/496 2857/1350/495
f 2860/1124/496 2862/1351/497 2861/339/497 2859/1125/496
f 2862/1351/497 2864/1352/498 2863/1353/498 2861/339/497
f 2864/1352/498 2866/997/499 2865/43/499 2863/1353/498
f 2866/997/499 2868/1354/500 2867/1355/500 2865/43/499
f 2868/1354/500 2870/1356/501 2869/1357/501 2867/1355/500
f 2870/1356/501 2872/1161/502 2871/1162/502 2869/1357/501
f 2872/1161/502 2874/1358/503 2873/1359/503 2871/1162/502
f 2874/1358/503 2876/1360/504 2875/1361/504 2873/1359/503
f 2876/1360/504 2878/855/505 2877/53/505 2875/1361/504
f 2878/855/505 2880/1362/506 2879/1363/506 2877/53/505
f 2880/1362/506 2882/1364/507 2881/1365/507 2879/1363/506
f 2882/1364/507 2884/1199/508 2883/1200/508 2881/1365/507
f 2884/1199/508 2886/1366/509 2885/1367/509 2883/1200/508
f 2886/1366/509 2888/1368/510 2887/1369/510 2885/1367/509
f 2888/1368/510 2890/1010/511 2889/42/511 2887/1369/510
f 2890/1010/511 2892/1370/512 2891/1371/512 2889/42/511
f 2892/1370/512 2894/1372/513 2893/348/513 2891/1371/512
f 2894/1372/513 2896/1236/514 2895/1237/514 2893/348/513
f 2896/1236/514 2898/1373/515 2897/1374/515 2895/1237/514
f 2898/1373/515 2900/1375/516 2899/1376/516 2897/1374/515
f 2900/1375/516 2902/1017/517 2901/36/517 2899/1376/516
f 2902/1017/517 2904/1377/518 2903/1378/518 2901/36/517
f 2904/1377/518 2906/1379/519 2905/1380/519 2903/1378/518
f 2906/1379/519 2908/1273/520 2907/1274/520 2905/1380/519
f 2908/1273/520 2910/1381/521 2909/1382/521 2907/1274/520
f 2910/1381/521 2912/1383/522 2911/1384/522 2909/1382/521
f 2912/1383/522 2914/1024/523 2913/29/523 2911/1384/522
f 2914/1024/523 2916/1385/524 2915/1386/524 2913/29/523
f 2916/1385/524 2918/1387/525 2917/1388/525 2915/1386/524
f 2918/1387/525 2920/1311/526 2919/1312/526 2917/1388/525
f 2920/1311/526 2922/1389/527 2921/1390/527 2919/1312/526
f 2922/1389/527 2924/1391/528 2923/1392/528 2921/1390/527
f 2924/1391/528 2830/976/481 2829/13/481 2923/1392/528
f 2926/734/178 2928/990/150 2927/5/150 2925/24/178
f 2928/990/150 2930/855/151 2929/53/151 2927/5/150
f 2930/855/151 2932/1017/177 2931/36/177 2929/53/151
f 2932/1017/177 2926/976/178 2925/13/178 2931/36/177
f 2934/734/529 2936/1331/530 2935/1332/530 2933/24/529
f 2936/1331/530 2938/1333/531 2937/1334/531 2935/1332/530
f 2938/1333/531 2940/1049/532 2939/1050/532 2937/1334/531
f 2940/1049/532 2942/1335/533 2941/1336/533 2939/1050/532
f 2942/1335/533 2944/1337/178 2943/1338/178 2941/1336/533
f 2944/1337/178 2946/983/534 2945/9/534 2943/1338/178
f 2946/983/534 2948/1339/535 2947/1340/535 2945/9/534
f 2948/1339/535 2950/1341/536 2949/1342/536 2947/1340/535
f 2950/1341/536 2952/1087/537 2951/1088/537 2949/1342/536
f 2952/1087/537 2954/1343/538 2953/1344/538 2951/1088/537
f 2954/1343/538 2956/1345/539 2955/1346/539 2953/1344/538
f 2956/1345/539 2958/990/540 2957/5/540 2955/1346/539
f 2958/990/540 2960/1347/541 2959/1348/541 2957/5/540
f 2960/1347/541 2962/1349/542 2961/1350/542 2959/1348/541
f 2962/1349/542 2964/1124/543 2963/1125/543 2961/1350/542
f 2964/1124/543 2966/1351/544 2965/339/544 2963/1125/543
f 2966/1351/544 2968/1352/150 2967/1353/150 2965/339/544
f 2968/1352/150 2970/997/545 2969/43/545 2967/1353/150
f 2970/997/545 2972/1354/546 2971/1355/546 2969/43/545
f 2972/1354/546 2974/1356/547 2973/1357/547 2971/1355/546
f 2974/1356/547 2976/1161/548 2975/1162/548 2973/1357/547
f 2976/1161/548 2978/1358/549 2977/1359/549 2975/1162/548
f 2978/1358/549 2980/1360/550 2979/1361/550 2977/1359/549
f 2980/1360/550 2982/855/551 2981/53/551 2979/1361/550
f 2982/855/551 2984/1362/552 2983/1363/552 2981/53/551
f 2984/1362/552 2986/1364/553 2985/1365/553 2983/1363/552
f 2986/1364/553 2988/1199/554 2987/1200/554 2985/1365/553
f 2988/1199/554 2990/1366/555 2989/1367/555 2987/1200/554
f 2990/1366/555 2992/1368/151 2991/1369/151 2989/1367/555
f 2992/1368/151 2994/1010/556 2993/42/556 2991/1369/151
f 2994/1010/556 2996/1370/557 2995/1371/557 2993/42/556
f 2996/1370/557 2998/1372/558 2997/348/558 2995/1371/557
f 2998/1372/558 3000/1236/559 2999/1237/559 2997/348/558
f 3000/1236/559 3002/1373/560 3001/1374/560 2999/1237/559
f 3002/1373/560 3004/1375/561 3003/1376/561 3001/1374/560
f 3004/1375/561 3006/1017/562 3005/36/562 3003/1376/561
f 3006/1017/562 3008/1377/563 3007/1378/563 3005/36/562
f 3008/1377/563 3010/1379/564 3009/1380/564 3007/1378/563
f 3010/1379/564 3012/1273/565 3011/1274/565 3009/1380/564
f 3012/1273/565 3014/1381/566 3013/1382/566 3011/1274/565
f 3014/1381/566 3016/1383/177 3015/1384/177 3013/1382/566
f 3016/1383/177 3018/1024/567 3017/29/567 3015/1384/177
f 3018/1024/567 3020/1385/568 3019/1386/568 3017/29/567
f 3020/1385/568 3022/1387/569 3021/1388/569 3019/1386/568
f 3022/1387/569 3024/1311/570 3023/1312/570 3021/1388/569
f 3024/1311/570 3026/1389/571 3025/1390/571 3023/1312/570
f 3026/1389/571 3028/1391/572 3027/1392/572 3025/1390/571
f 3028/1391/572 2934/976/529 2933/13/529 3027/1392/572
f 3030/734/573 3032/983/574 3031/9/574 3029/24/573
f 3032/983/574 3034/990/575 3033/5/575 3031/9/574
f 3034/990/575 3036/997/576 3035/43/576 3033/5/575
f 3036/997/576 3038/855/577 3037/53/577 3035/43/576
f 3038/855/577 3040/1010/578 3039/42/578 3037/53/577
f 3040/1010/578 3042/1017/579 3041/36/579 3039/42/578
f 3042/1017/579 3044/1024/580 3043/29/580 3041/36/579
f 3044/1024/580 3030/976/573 3029/13/573 3043/29/580
f 3046/734/433 3048/1331/434 3047/1332/434 3045/24/433
f 3048/1331/434 3050/1333/435 3049/1334/435 3047/1332/434
f 3050/1333/435 3052/1049/436 3051/1050/436 3049/1334/435
f 3052/1049/436 3054/1335/437 3053/1336/437 3051/1050/436
f 3054/1335/437 3056/1337/438 3055/1338/438 3053/1336/437
f 3056/1337/438 3058/983/439 3057/9/439 3055/1338/438
f 3058/983/439 3060/1339/440 3059/1340/440 3057/9/439
f 3060/1339/440 3062/1341/441 3061/1342/441 3059/1340/440
f 3062/1341/441 3064/1087/442 3063/1088/442 3061/1342/441
f 3064/1087/442 3066/1343/443 3065/1344/443 3063/1088/442
f 3066/1343/443 3068/1345/444 3067/1346/444 3065/1344/443
f 3068/1345/444 3070/990/445 3069/5/445 3067/1346/444
f 3070/990/445 3072/1347/446 3071/1348/446 3069/5/445
f 3072/1347/446 3074/1349/447 3073/1350/447 3071/1348/446
f 3074/1349/447 3076/1124/448 3075/1125/448 3073/1350/447
f 3076/1124/448 3078/1351/449 3077/339/449 3075/1125/448
f 3078/1351/449 3080/1352/450 3079/1353/450 3077/339/449
f 3080/1352/450 3082/997/451 3081/43/451 3079/1353/450
f 3082/997/451 3084/1354/452 3083/1355/452 3081/43/451
f 3084/1354/452 3086/1356/453 3085/1357/453 3083/1355/452
f 3086/1356/453 3088/1161/454 3087/1162/454 3085/1357/453
f 3088/1161/454 3090/1358/455 3089/1359/455 3087/1162/454
f 3090/1358/455 3092/1360/456 3091/1361/456 3089/1359/455
f 3092/1360/456 3094/855/457 3093/53/457 3091/1361/456
f 3094/855/457 3096/1362/458 3095/1363/458 3093/53/457
f 3096/1362/458 3098/1364/459 3097/1365/459 3095/1363/458
f 3098/1364/459 3100/1199/460 3099/1200/460 3097/1365/459
f 3100/1199/460 3102/1366/581 3101/1367/581 3099/1200/460
f 3102/1366/581 3104/1368/462 3103/1369/462 3101/1367/581
f 3104/1368/462 3106/1010/463 3105/42/463 3103/1369/462
f 3106/1010/463 3108/1370/464 3107/1371/464 3105/42/463
f 3108/1370/464 3110/1372/465 3109/348/465 3107/1371/464
f 3110/1372/465 3112/1236/466 3111/1237/466 3109/348/465
f 3112/1236/466 3114/1373/467 3113/1374/467 3111/1237/466
f 3114/1373/467 3116/1375/468 3115/1376/468 3113/1374/467
f 3116/1375/468 3118/1017/469 3117/36/469 3115/1376/468
f 3118/1017/469 3120/1377/470 3119/1378/470 3117/36/469
f 3120/1377/470 3122/1379/471 3121/1380/471 3119/1378/470
f 3122/1379/471 3124/1273/472 3123/1274/472 3121/1380/471
f 3124/1273/472 3126/1381/473 3125/1382/473 3123/1274/472
f 3126/1381/473 3128/1383/474 3127/1384/474 3125/1382/473
f 3128/1383/474 3130/1024/475 3129/29/475 3127/1384/474
f 3130/1024/475 3132/1385/476 3131/1386/476 3129/29/475
f 3132/1385/476 3134/1387/477 3133/1388/477 3131/1386/476
f 3134/1387/477 3136/1311/478 3135/1312/478 3133/1388/477
f 3136/1311/478 3138/1389/479 3137/1390/479 3135/1312/478
f 3138/1389/479 3140/1391/582 3139/1392/582 3137/1390/479
f 3140/1391/582 3046/976/433 3045/13/433 3139/1392/582
f 3142/734/481 3144/1331/482 3143/1332/482 3141/24/481
f 3144/1331/482 3146/1333/483 3145/1334/483 3143/1332/482
f 3146/1333/483 3148/1049/484 3147/1050/484 3145/1334/483
f 3148/1049/484 3150/1335/485 3149/1336/485 3147/1050/484
f 3150/1335/485 3152/1337/486 3151/1338/486 3149/1336/485
f 3152/1337/486 3154/983/487 3153/9/487 3151/1338/486
f 3154/983/487 3156/1339/488 3155/1340/488 3153/9/487
f 3156/1339/488 3158/1341/489 3157/1342/489 3155/1340/488
f 3158/1341/489 3160/1087/490 3159/1088/490 3157/1342/489
f 3160/1087/490 3162/1343/491 3161/1344/491 3159/1088/490
f 3162/1343/491 3164/1345/492 3163/1346/492 3161/1344/491
f 3164/1345/492 3166/990/493 3165/5/493 3163/1346/492
f 3166/990/493 3168/1347/494 3167/1348/494 3165/5/493
f 3168/1347/494 3170/1349/495 3169/1350/495 3167/1348/494
f 3170/1349/495 3172/1124/496 3171/1125/496 3169/1350/495
f 3172/1124/496 3174/1351/497 3173/339/497 3171/1125/496
f 3174/1351/497 3176/1352/498 3175/1353/498 3173/339/497
f 3176/1352/498 3178/997/499 3177/43/499 3175/1353/498
f 3178/997/499 3180/1354/500 3179/1355/500 3177/43/499
f 3180/1354/500 3182/1356/501 3181/1357/501 3179/1355/500
f 3182/1356/501 3184/1161/583 3183/1162/583 3181/1357/501
f 3184/1161/583 3186/1358/503 3185/1359/503 3183/1162/583
f 3186/1358/503 3188/1360/504 3187/1361/504 3185/1359/503
f 3188/1360/504 3190/855/505 3189/53/505 3187/1361/504
f 3190/855/505 3192/1362/506 3191/1363/506 3189/53/505
f 3192/1362/506 3194/1364/507 3193/1365/507 3191/1363/506
f 3194/1364/507 3196/1199/508 3195/1200/508 3193/1365/507
f 3196/1199/508 3198/1366/509 3197/1367/509 3195/1200/508
f 3198/1366/509 3200/1368/510 3199/1369/510 3197/1367/509
f 3200/1368/510 3202/1010/511 3201/42/511 3199/1369/510
f 3202/1010/511 3204/1370/512 3203/1371/512 3201/42/511
f 3204/1370/512 3206/1372/513 3205/348/513 3203/1371/512
f 3206/1372/513 3208/1236/514 3207/1237/514 3205/348/513
f 3208/1236/514 3210/1373/515 3209/1374/515 3207/1237/514
f 3210/1373/515 3212/1375/516 3211/1376/516 3209/1374/515
f 3212/1375/516 3214/1017/517 3213/36/517 3211/1376/516
f 3214/1017/517 3216/1377/518 3215/1378/518 3213/36/517
f 3216/1377/518 3218/1379/519 3217/1380/519 3215/1378/518
f 3218/1379/519 3220/1273/520 3219/1274/520 3217/1380/519
f 3220/1273/520 3222/1381/521 3221/1382/521 3219/1274/520
f 3222/1381/521 3224/1383/522 3223/1384/522 3221/1382/521
f 3224/1383/522 3226/1024/523 3225/29/523 3223/1384/522
f 3226/1024/523 3228/1385/524 3227/1386/524 3225/29/523
f 3228/1385/524 3230/1387/525 3229/1388/525 3227/1386/524
f 3230/1387/525 3232/1311/526 3231/1312/526 3229/1388/525
f 3232/1311/526 3234/1389/527 3233/1390/527 3231/1312/526
f 3234/1389/527 3236/1391/528 3235/1392/528 3233/1390/527
f 3236/1391/528 3142/976/481 3141/13/481 3235/1392/528
f 3238/734/178 3240/1393/178 3239/430/178 3237/24/178
f 3240/1393/178 3242/1394/584 3241/475/584 3239/430/178
f 3242/1394/584 3244/1091/584 3243/294/584 3241/475/584
f 3244/1091/584 3246/1395/7 3245/568/7 3243/294/584
f 3246/1395/7 3248/1351/7 3247/339/7 3245/568/7
f 3248/1351/7 3250/1150/177 3249/235/177 3247/339/7
f 3250/1150/177 3252/1396/177 3251/464/177 3249/235/177
f 3252/1396/177 3254/1397/178 3253/434/178 3251/464/177
f 3254/1397/178 3256/1211/150 3255/306/150 3253/434/178
f 3256/1211/150 3258/1372/585 3257/348/585 3255/306/150
f 3258/1372/585 3260/1398/586 3259/438/586 3257/348/585
f 3260/1398/586 3262/1270/587 3261/263/587 3259/438/586
f 3262/1270/587 3264/1399/151 3263/540/151 3261/263/587
f 3264/1399/151 3266/1400/177 3265/549/177 3263/540/151
f 3266/1400/177 3238/976/178 3237/13/178 3265/549/177
f 3268/734/588 3270/1401/589 3269/1402/589 3267/24/588
f 3270/1401/589 3272/1403/590 3271/1404/590 3269/1402/589
f 3272/1403/590 3274/1405/591 3273/1406/591 3271/1404/590
f 3274/1405/591 3276/1407/592 3275/1408/592 3273/1406/591
f 3276/1407/592 3278/1409/593 3277/1410/593 3275/1408/592
f 3278/1409/593 3280/1411/594 3279/1412/594 3277/1410/593
f 3280/1411/594 3282/1413/595 3281/1414/595 3279/1412/594
f 3282/1413/595 3284/1415/596 3283/1416/596 3281/1414/595
f 3284/1415/596 3286/1417/597 3285/1418/597 3283/1416/596
f 3286/1417/597 3288/1419/598 3287/1420/598 3285/1418/597
f 3288/1419/598 3290/1421/599 3289/1422/599 3287/1420/598
f 3290/1421/599 3292/1423/600 3291/1424/600 3289/1422/599
f 3292/1423/600 3294/1425/601 3293/1426/601 3291/1424/600
f 3294/1425/601 3296/1427/602 3295/1428/602 3293/1426/601
f 3296/1427/602 3298/1429/603 3297/1430/603 3295/1428/602
f 3298/1429/603 3300/1431/604 3299/1432/604 3297/1430/603
f 3300/1431/604 3302/1433/605 3301/1434/605 3299/1432/604
f 3302/1433/605 3304/1435/606 3303/1436/606 3301/1434/605
f 3304/1435/606 3306/1437/607 3305/1438/607 3303/1436/606
f 3306/1437/607 3308/1439/608 3307/1440/608 3305/1438/607
f 3308/1439/608 3310/1441/609 3309/1442/609 3307/1440/608
f 3310/1441/609 3312/1443/610 3311/1444/610 3309/1442/609
f 3312/1443/610 3314/1445/611 3313/1446/611 3311/1444/610
f 3314/1445/611 3316/1447/612 3315/1448/612 3313/1446/611
f 3316/1447/612 3318/1449/613 3317/1450/613 3315/1448/612
f 3318/1449/613 3320/1451/614 3319/1452/614 3317/1450/613
f 3320/1451/614 3322/1453/615 3321/1454/615 3319/1452/614
f 3322/1453/615 3324/1455/616 3323/1456/616 3321/1454/615
f 3324/1455/616 3326/1457/617 3325/1458/617 3323/1456/616
f 3326/1457/617 3328/1459/618 3327/1460/618 3325/1458/617
f 3328/1459/618 3330/1461/619 3329/1462/619 3327/1460/618
f 3330/1461/619 3332/1463/620 3331/1464/620 3329/1462/619
f 3332/1463/620 3334/1465/621 3333/1466/621 3331/1464/620
f 3334/1465/621 3336/1467/622 3335/1468/622 3333/1466/621
f 3336/1467/622 3338/1469/623 3337/1470/623 3335/1468/622
f 3338/1469/623 3340/1471/624 3339/1472/624 3337/1470/623
f 3340/1471/624 3342/1473/625 3341/1474/625 3339/1472/624
f 3342/1473/625 3344/1475/626 3343/1476/626 3341/1474/625
f 3344/1475/626 3346/1477/627 3345/1478/627 3343/1476/626
f 3346/1477/627 3348/1479/628 3347/1480/628 3345/1478/627
f 3348/1479/628 3350/1481/629 3349/1482/629 3347/1480/628
f 3350/1481/629 3352/1483/630 3351/1484/630 3349/1482/629
f 3352/1483/630 3354/1485/631 3353/1486/631 3351/1484/630
f 3354/1485/631 3356/1487/632 3355/1488/632 3353/1486/631
f 3356/1487/632 3358/1489/633 3357/1490/633 3355/1488/632
f 3358/1489/633 3360/1491/634 3359/1492/634 3357/1490/633
f 3360/1491/634 3362/1493/635 3361/1494/635 3359/1492/634
f 3362/1493/635 3364/1495/636 3363/1496/636 3361/1494/635
f 3364/1495/636 3366/1497/637 3365/1498/637 3363/1496/636
f 3366/1497/637 3368/1499/638 3367/1500/638 3365/1498/637
f 3368/1499/638 3370/1501/639 3369/1502/639 3367/1500/638
f 3370/1501/639 3372/1503/640 3371/1504/640 3369/1502/639
f 3372/1503/640 3374/1505/641 3373/1506/641 3371/1504/640
f 3374/1505/641 3376/1507/642 3375/1508/642 3373/1506/641
f 3376/1507/642 3378/1509/643 3377/1510/643 3375/1508/642
f 3378/1509/643 3380/1511/644 3379/1512/644 3377/1510/643
f 3380/1511/644 3382/1513/645 3381/1514/645 3379/1512/644
f 3382/1513/645 3384/1515/646 3383/1516/646 3381/1514/645
f 3384/1515/646 3386/1517/647 3385/1518/647 3383/1516/646
f 3386/1517/647 3388/1519/648 3387/1520/648 3385/1518/647
f 3388/1519/648 3390/1521/649 3389/1522/649 3387/1520/648
f 3390/1521/649 3392/1523/650 3391/1524/650 3389/1522/649
f 3392/1523/650 3394/1525/651 3393/1526/651 3391/1524/650
f 3394/1525/651 3396/1527/652 3395/1528/652 3393/1526/651
f 3396/1527/652 3398/1529/653 3397/1530/653 3395/1528/652
f 3398/1529/653 3400/1531/654 3399/1532/654 3397/1530/653
f 3400/1531/654 3402/1533/655 3401/1534/655 3399/1532/654
f 3402/1533/655 3404/1535/656 3403/1536/656 3401/1534/655
f 3404/1535/656 3406/1537/657 3405/1538/657 3403/1536/656
f 3406/1537/657 3408/1539/658 3407/1540/658 3405/1538/657
f 3408/1539/658 3410/1541/659 3409/1542/659 3407/1540/658
f 3410/1541/659 3412/1543/660 3411/1544/660 3409/1542/659
f 3412/1543/660 3414/1545/661 3413/1546/661 3411/1544/660
f 3414/1545/661 3416/1547/662 3415/1548/662 3413/1546/661
f 3416/1547/662 3418/1549/663 3417/1550/663 3415/1548/662
f 3418/1549/663 3420/1551/664 3419/1552/664 3417/1550/663
f 3420/1551/664 3422/1553/665 3421/1554/665 3419/1552/664
f 3422/1553/665 3424/1555/666 3423/1556/666 3421/1554/665
f 3424/1555/666 3426/1557/667 3425/1558/667 3423/1556/666
f 3426/1557/667 3428/1559/668 3427/1560/668 3425/1558/667
f 3428/1559/668 3430/1561/669 3429/1562/669 3427/1560/668
f 3430/1561/669 3432/1563/670 3431/1564/670 3429/1562/669
f 3432/1563/670 3434/1565/671 3433/1566/671 3431/1564/670
f 3434/1565/671 3436/1567/672 3435/1568/672 3433/1566/671
f 3436/1567/672 3438/1569/673 3437/1570/673 3435/1568/672
f 3438/1569/673 3440/1571/674 3439/1572/674 3437/1570/673
f 3440/1571/674 3442/1573/675 3441/1574/675 3439/1572/674
f 3442/1573/675 3444/1575/676 3443/1576/676 3441/1574/675
f 3444/1575/676 3446/1577/677 3445/1578/677 3443/1576/676
f 3446/1577/677 3448/1579/678 3447/1580/678 3445/1578/677
f 3448/1579/678 3450/1581/679 3449/1582/679 3447/1580/678
f 3450/1581/679 3452/1583/680 3451/1584/680 3449/1582/679
f 3452/1583/680 3454/1585/681 3453/1586/681 3451/1584/680
f 3454/1585/681 3456/1587/682 3455/1588/682 3453/1586/681
f 3456/1587/682 3458/1589/683 3457/1590/683 3455/1588/682
f 3458/1589/683 3460/1591/684 3459/1592/684 3457/1590/683
f 3460/1591/684 3462/1593/685 3461/1594/685 3459/1592/684
f 3462/1593/685 3464/1595/686 3463/1596/686 3461/1594/685
f 3464/1595/686 3466/1597/687 3465/1598/687 3463/1596/686
f 3466/1597/687 3468/1599/688 3467/1600/688 3465/1598/687
f 3468/1599/688 3470/1601/689 3469/1602/689 3467/1600/688
f 3470/1601/689 3472/1603/690 3471/1604/690 3469/1602/689
f 3472/1603/690 3474/1605/691 3473/1606/691 3471/1604/690
f 3474/1605/691 3476/1607/692 3475/1608/692 3473/1606/691
f 3476/1607/692 3478/1609/693 3477/1610/693 3475/1608/692
f 3478/1609/693 3480/1611/694 3479/1612/694 3477/1610/693
f 3480/1611/694 3482/1613/695 3481/1614/695 3479/1612/694
f 3482/1613/695 3484/1615/696 3483/1616/696 3481/1614/695
f 3484/1615/696 3486/1617/697 3485/1618/697 3483/1616/696
f 3486/1617/697 3488/1619/698 3487/1620/698 3485/1618/697
f 3488/1619/698 3490/1621/699 3489/1622/699 3487/1620/698
f 3490/1621/699 3492/1623/700 3491/1624/700 3489/1622/699
f 3492/1623/700 3494/1625/701 3493/1626/701 3491/1624/700
f 3494/1625/701 3496/1627/702 3495/1628/702 3493/1626/701
f 3496/1627/702 3498/1629/703 3497/1630/703 3495/1628/702
f 3498/1629/703 3500/1631/704 3499/1632/704 3497/1630/703
f 3500/1631/704 3502/1633/705 3501/1634/705 3499/1632/704
f 3502/1633/705 3504/1635/706 3503/1636/706 3501/1634/705
f 3504/1635/706 3506/1637/707 3505/1638/707 3503/1636/706
f 3506/1637/707 3508/1639/708 3507/1640/708 3505/1638/707
f 3508/1639/708 3510/1641/709 3509/1642/709 3507/1640/708
f 3510/1641/709 3512/1643/710 3511/1644/710 3509/1642/709
f 3512/1643/710 3514/1645/711 3513/1646/711 3511/1644/710
f 3514/1645/711 3516/1647/712 3515/1648/712 3513/1646/711
f 3516/1647/712 3518/1649/713 3517/1650/713 3515/1648/712
f 3518/1649/713 3520/1651/714 3519/1652/714 3517/1650/713
f 3520/1651/714 3522/1653/715 3521/1654/715 3519/1652/714
f 3522/1653/715 3524/1655/716 3523/1656/716 3521/1654/715
f 3524/1655/716 3526/1657/717 3525/1658/717 3523/1656/716
f 3526/1657/717 3528/1659/718 3527/1660/718 3525/1658/717
f 3528/1659/718 3530/1661/719 3529/1662/719 3527/1660/718
f 3530/1661/719 3532/1663/720 3531/1664/720 3529/1662/719
f 3532/1663/720 3534/1665/721 3533/1666/721 3531/1664/720
f 3534/1665/721 3536/1667/722 3535/1668/722 3533/1666/721
f 3536/1667/722 3538/1669/723 3537/1670/723 3535/1668/722
f 3538/1669/723 3540/1671/724 3539/1672/724 3537/1670/723
f 3540/1671/724 3268/976/588 3267/13/588 3539/1672/724
f 3542/734/725 3544/1673/726 3543/1674/726 3541/24/725
f 3544/1673/726 3546/1675/727 3545/1676/727 3543/1674/726
f 3546/1675/727 3548/1677/728 3547/1678/728 3545/1676/727
f 3548/1677/728 3550/1679/729 3549/1680/729 3547/1678/728
f 3550/1679/729 3552/1681/730 3551/1682/730 3549/1680/729
f 3552/1681/730 3554/1683/731 3553/1684/731 3551/1682/730
f 3554/1683/731 3556/1685/732 3555/1686/732 3553/1684/731
f 3556/1685/732 3558/1687/733 3557/1688/733 3555/1686/732
f 3558/1687/733 3560/1689/734 3559/1690/734 3557/1688/733
f 3560/1689/734 3562/1691/735 3561/1692/735 3559/1690/734
f 3562/1691/735 3564/1693/736 3563/1694/736 3561/1692/735
f 3564/1693/736 3566/1695/737 3565/1696/737 3563/1694/736
f 3566/1695/737 3568/1697/738 3567/1698/738 3565/1696/737
f 3568/1697/738 3570/1699/739 3569/1700/739 3567/1698/738
f 3570/1699/739 3572/1701/740 3571/1702/740 3569/1700/739
f 3572/1701/740 3574/1703/741 3573/1704/741 3571/1702/740
f 3574/1703/741 3576/1705/742 3575/1706/742 3573/1704/741
f 3576/1705/742 3578/1707/743 3577/1708/743 3575/1706/742
f 3578/1707/743 3580/1709/744 3579/1710/744 3577/1708/743
f 3580/1709/744 3582/1711/745 3581/1712/745 3579/1710/744
f 3582/1711/745 3584/1713/746 3583/1714/746 3581/1712/745
f 3584/1713/746 3586/1715/747 3585/1716/747 3583/1714/746
f 3586/1715/747 3588/1717/748 3587/1718/748 3585/1716/747
f 3588/1717/748 3590/1719/749 3589/1720/749 3587/1718/748
f 3590/1719/749 3592/1721/750 3591/1722/750 3589/1720/749
f 3592/1721/750 3594/1723/751 3593/1724/751 3591/1722/750
f 3594/1723/751 3596/1725/752 3595/1726/752 3593/1724/751
f 3596/1725/752 3598/1727/753 3597/1728/753 3595/1726/752
f 3598/1727/753 3600/1729/754 3599/1730/754 3597/1728/753
f 3600/1729/754 3602/1731/755 3601/1732/755 3599/1730/754
f 3602/1731/755 3604/1733/756 3603/1734/756 3601/1732/755
f 3604/1733/756 3606/1735/757 3605/1736/757 3603/1734/756
f 3606/1735/757 3608/1737/758 3607/1738/758 3605/1736/757
f 3608/1737/758 3610/1739/759 3609/1740/759 3607/1738/758
f 3610/1739/759 3612/1741/760 3611/1742/760 3609/1740/759
f 3612/1741/760 3614/1743/761 3613/1744/761 3611/1742/760
f 3614/1743/761 3542/976/725 3541/13/725 3613/1744/761
f 3616/734/762 3618/1745/763 3617/1746/763 3615/24/762
f 3618/1745/763 3620/1747/764 3619/1748/764 3617/1746/763
f 3620/1747/764 3622/1749/765 3621/309/765 3619/1748/764
f 3622/1749/765 3624/1750/766 3623/1751/766 3621/309/765
f 3624/1750/766 3626/1752/767 3625/1753/767 3623/1751/766
f 3626/1752/767 3628/1754/768 3627/322/768 3625/1753/767
f 3628/1754/768 3630/1755/769 3629/1756/769 3627/322/768
f 3630/1755/769 3632/1757/770 3631/1758/770 3629/1756/769
f 3632/1757/770 3634/1759/771 3633/315/771 3631/1758/770
f 3634/1759/771 3636/1760/772 3635/1761/772 3633/315/771
f 3636/1760/772 3638/1762/773 3637/1763/773 3635/1761/772
f 3638/1762/773 3640/1764/774 3639/289/774 3637/1763/773
f 3640/1764/774 3642/1765/775 3641/1766/775 3639/289/774
f 3642/1765/775 3644/1767/776 3643/1768/776 3641/1766/775
f 3644/1767/776 3646/1769/777 3645/267/777 3643/1768/776
f 3646/1769/777 3648/1770/778 3647/1771/778 3645/267/777
f 3648/1770/778 3650/1772/779 3649/1773/779 3647/1771/778
f 3650/1772/779 3652/1774/780 3651/240/780 3649/1773/779
f 3652/1774/780 3654/1351/781 3653/339/781 3651/240/780
f 3654/1351/781 3656/1775/782 3655/1776/782 3653/339/781
f 3656/1775/782 3658/1777/783 3657/232/783 3655/1776/782
f 3658/1777/783 3660/1778/784 3659/1779/784 3657/232/783
f 3660/1778/784 3662/1780/785 3661/1781/785 3659/1779/784
f 3662/1780/785 3664/1782/786 3663/239/786 3661/1781/785
f 3664/1782/786 3666/1783/177 3665/1784/177 3663/239/786
f 3666/1783/177 3668/1785/178 3667/1786/178 3665/1784/177
f 3668/1785/178 3670/1787/787 3669/266/787 3667/1786/178
f 3670/1787/787 3672/1788/788 3671/1789/788 3669/266/787
f 3672/1788/788 3674/1790/789 3673/1791/789 3671/1789/788
f 3674/1790/789 3676/1792/790 3675/286/790 3673/1791/789
f 3676/1792/790 3678/1793/791 3677/1794/791 3675/286/790
f 3678/1793/791 3680/1795/792 3679/1796/792 3677/1794/791
f 3680/1795/792 3682/1797/793 3681/302/793 3679/1796/792
f 3682/1797/793 3684/1798/794 3683/1799/794 3681/302/793
f 3684/1798/794 3686/1800/795 3685/1801/795 3683/1799/794
f 3686/1800/795 3688/1802/796 3687/311/796 3685/1801/795
f 3688/1802/796 3690/1803/797 3689/1804/797 3687/311/796
f 3690/1803/797 3692/1372/798 3691/348/798 3689/1804/797
f 3692/1372/798 3694/1805/799 3693/297/799 3691/348/798
f 3694/1805/799 3696/1806/800 3695/1807/800 3693/297/799
f 3696/1806/800 3698/1808/801 3697/1809/801 3695/1807/800
f 3698/1808/801 3700/1810/802 3699/281/802 3697/1809/801
f 3700/1810/802 3702/1811/803 3701/1812/803 3699/281/802
f 3702/1811/803 3704/1813/804 3703/1814/804 3701/1812/803
f 3704/1813/804 3706/1815/805 3705/265/805 3703/1814/804
f 3706/1815/805 3708/1816/806 3707/1817/806 3705/265/805
f 3708/1816/806 3710/1818/807 3709/1819/807 3707/1817/806
f 3710/1818/807 3712/1820/808 3711/251/808 3709/1819/807
f 3712/1820/808 3714/1821/809 3713/1822/809 3711/251/808
f 3714/1821/809 3716/1823/810 3715/1824/810 3713/1822/809
f 3716/1823/810 3718/1825/811 3717/248/811 3715/1824/810
f 3718/1825/811 3720/1826/177 3719/1827/177 3717/248/811
f 3720/1826/177 3722/1828/178 3721/1829/178 3719/1827/177
f 3722/1828/178 3724/1830/150 3723/262/150 3721/1829/178
f 3724/1830/150 3726/1831/151 3725/1832/151 3723/262/150
f 3726/1831/151 3728/1833/151 3727/1834/151 3725/1832/151
f 3728/1833/151 3616/976/762 3615/13/762 3727/1834/151
