# Blender 4.1.1
# www.blender.org
mtllib Finish.mtl
o テキスト
v -13.017984 -0.000000 -1.199998
v -12.264662 -0.000000 -1.199998
v -12.423449 0.757016 -1.199998
v -13.176773 0.757016 -1.199998
v -13.102919 1.366322 -1.199998
v -12.685637 1.366322 -1.199998
v -13.095533 4.305760 -1.199998
v -13.328176 5.413589 -1.199998
v -14.136892 5.413589 -1.199998
v -13.885786 4.213442 -1.199998
v -7.419760 -0.000000 -1.199998
v -6.695976 -0.000000 -1.199998
v -7.829655 5.413589 -1.199998
v -8.549744 5.413589 -1.199998
v -8.080763 3.164697 -1.199998
v -10.887262 3.164697 -1.199998
v -11.356243 5.413589 -1.199998
v -12.080025 5.413589 -1.199998
v -10.950039 -0.000000 -1.199998
v -10.226257 -0.000000 -1.199998
v -10.758015 2.551699 -1.199998
v -7.955210 2.551699 -1.199998
v -2.304686 0.418531 -1.199999
v -2.037351 0.798420 -1.199999
v -1.889058 1.327415 -1.199999
v -1.865843 1.750369 -1.199999
v -2.574854 1.816839 -1.199999
v -2.571742 1.477836 -1.199999
v -2.646457 1.187137 -1.199999
v -2.804497 0.908704 -1.199999
v -3.147902 0.662110 -1.199999
v -3.640890 0.525343 -1.199999
v -4.148737 0.512302 -1.199999
v -4.516300 0.568050 -1.199998
v -4.850840 0.703016 -1.199998
v -5.102343 0.917807 -1.199998
v -5.243008 1.126469 -1.199998
v -5.308308 1.349964 -1.199998
v -5.296049 1.609967 -1.199998
v -5.141508 1.908065 -1.199998
v -4.678717 2.218712 -1.199999
v -3.525757 2.742745 -1.199999
v -3.184917 2.934507 -1.199999
v -2.907726 3.168792 -1.199999
v -2.721066 3.395429 -1.199999
v -2.594787 3.665132 -1.199999
v -2.530575 4.043642 -1.199999
v -2.618942 4.554369 -1.199999
v -2.909727 5.002398 -1.199999
v -3.382273 5.314517 -1.199999
v -4.022863 5.486658 -1.199999
v -4.819828 5.493762 -1.199999
v -5.394220 5.354669 -1.199999
v -5.867579 5.098497 -1.199999
v -6.150753 4.788872 -1.199999
v -6.341177 4.413871 -1.199998
v -6.412853 4.046869 -1.199998
v -6.408026 3.877409 -1.199998
v -5.712141 3.822614 -1.199999
v -5.689768 4.107302 -1.199999
v -5.604776 4.343225 -1.199999
v -5.465229 4.537061 -1.199999
v -5.250948 4.710737 -1.199999
v -4.877224 4.853296 -1.199999
v -4.542812 4.902026 -1.199999
v -4.164591 4.894246 -1.199999
v -3.837757 4.827211 -1.199999
v -3.541607 4.685108 -1.199999
v -3.314301 4.449033 -1.199999
v -3.229652 4.111596 -1.199999
v -3.278982 3.850755 -1.199999
v -3.403553 3.655704 -1.199999
v -3.739046 3.412268 -1.199999
v -4.974079 2.851309 -1.199999
v -5.437820 2.602453 -1.199998
v -5.751255 2.328059 -1.199998
v -5.922503 2.057889 -1.199998
v -6.025223 1.756468 -1.199998
v -6.038116 1.346218 -1.199998
v -5.966301 1.039472 -1.199998
v -5.840330 0.779276 -1.199998
v -5.580303 0.452842 -1.199998
v -5.083412 0.122906 -1.199998
v -4.401958 -0.070161 -1.199998
v -3.713125 -0.088734 -1.199999
v -3.172729 -0.010478 -1.199999
v -2.702862 0.156491 -1.199999
v -0.388738 -0.000000 -1.199999
v 0.335044 -0.000000 -1.199999
v -0.798634 5.413589 -1.199999
v -1.518723 5.413589 -1.199999
v 5.154098 -0.000000 -1.199999
v 5.859415 -0.000000 -1.199999
v 4.725737 5.413589 -1.200000
v 4.024112 5.413589 -1.199999
v 2.864758 2.825729 -1.199999
v 2.416247 1.733207 -1.199999
v 2.126827 0.828035 -1.199999
v 1.962990 1.796117 -1.199999
v 1.210227 5.413589 -1.199999
v 0.504910 5.413589 -1.199999
v 1.634895 -0.000000 -1.199999
v 2.351290 -0.000000 -1.199999
v 3.910756 3.636142 -1.199999
v 4.251800 4.570236 -1.199999
v 4.376052 3.746337 -1.199999
v 7.174038 -0.000000 -1.200000
v 7.897820 -0.000000 -1.200000
v 6.764142 5.413589 -1.200000
v 6.044053 5.413589 -1.200000
v 11.882310 -0.000000 -1.200000
v 12.606091 -0.000000 -1.200000
v 11.476106 5.413589 -1.200000
v 7.956904 5.413589 -1.200000
v 8.086151 4.796898 -1.200000
v 10.881571 4.796898 -1.200000
v 11.239769 3.072378 -1.200000
v 8.392650 3.072378 -1.200000
v 8.521896 2.455687 -1.200000
v 11.369016 2.455687 -1.200000
v -13.017984 0.000000 1.200002
v -12.264662 0.000000 1.200002
v -12.423449 0.757016 1.200002
v -13.176773 0.757016 1.200002
v -13.102919 1.366322 1.200002
v -12.685637 1.366322 1.200002
v -13.095533 4.305760 1.200002
v -13.328176 5.413589 1.200002
v -14.136892 5.413589 1.200002
v -13.885786 4.213442 1.200002
v -7.419760 0.000000 1.200002
v -6.695976 0.000000 1.200002
v -7.829655 5.413589 1.200002
v -8.549744 5.413589 1.200002
v -8.080763 3.164697 1.200002
v -10.887262 3.164697 1.200002
v -11.356243 5.413589 1.200002
v -12.080025 5.413589 1.200002
v -10.950039 0.000000 1.200002
v -10.226257 0.000000 1.200002
v -10.758015 2.551699 1.200002
v -7.955210 2.551699 1.200002
v -2.304686 0.418531 1.200001
v -2.037351 0.798420 1.200001
v -1.889058 1.327415 1.200001
v -1.865843 1.750369 1.200001
v -2.574854 1.816839 1.200001
v -2.571742 1.477836 1.200001
v -2.646457 1.187137 1.200001
v -2.804497 0.908705 1.200001
v -3.147902 0.662111 1.200001
v -3.640890 0.525343 1.200001
v -4.148737 0.512302 1.200001
v -4.516300 0.568050 1.200002
v -4.850840 0.703016 1.200002
v -5.102343 0.917807 1.200002
v -5.243008 1.126469 1.200002
v -5.308308 1.349964 1.200002
v -5.296049 1.609967 1.200002
v -5.141508 1.908065 1.200002
v -4.678717 2.218712 1.200001
v -3.525757 2.742745 1.200001
v -3.184917 2.934507 1.200001
v -2.907726 3.168792 1.200001
v -2.721066 3.395429 1.200001
v -2.594787 3.665132 1.200001
v -2.530575 4.043642 1.200001
v -2.618942 4.554369 1.200001
v -2.909727 5.002398 1.200001
v -3.382273 5.314517 1.200001
v -4.022863 5.486658 1.200001
v -4.819828 5.493762 1.200001
v -5.394220 5.354669 1.200001
v -5.867579 5.098497 1.200001
v -6.150753 4.788872 1.200001
v -6.341177 4.413871 1.200002
v -6.412853 4.046869 1.200002
v -6.408026 3.877409 1.200002
v -5.712141 3.822614 1.200001
v -5.689768 4.107302 1.200001
v -5.604776 4.343225 1.200001
v -5.465229 4.537061 1.200001
v -5.250948 4.710737 1.200001
v -4.877224 4.853296 1.200001
v -4.542812 4.902026 1.200001
v -4.164591 4.894246 1.200001
v -3.837757 4.827211 1.200001
v -3.541607 4.685108 1.200001
v -3.314301 4.449033 1.200001
v -3.229652 4.111596 1.200001
v -3.278982 3.850755 1.200001
v -3.403553 3.655704 1.200001
v -3.739046 3.412268 1.200001
v -4.974079 2.851309 1.200001
v -5.437820 2.602453 1.200002
v -5.751255 2.328059 1.200002
v -5.922503 2.057889 1.200002
v -6.025223 1.756468 1.200002
v -6.038116 1.346218 1.200002
v -5.966301 1.039472 1.200002
v -5.840330 0.779277 1.200002
v -5.580303 0.452842 1.200002
v -5.083412 0.122906 1.200002
v -4.401958 -0.070161 1.200002
v -3.713125 -0.088734 1.200001
v -3.172729 -0.010478 1.200001
v -2.702862 0.156491 1.200001
v -0.388738 0.000000 1.200001
v 0.335044 0.000000 1.200001
v -0.798634 5.413589 1.200001
v -1.518723 5.413589 1.200001
v 5.154098 0.000000 1.200001
v 5.859415 0.000000 1.200001
v 4.725737 5.413589 1.200001
v 4.024112 5.413589 1.200001
v 2.864758 2.825729 1.200001
v 2.416247 1.733207 1.200001
v 2.126827 0.828035 1.200001
v 1.962990 1.796117 1.200001
v 1.210227 5.413589 1.200001
v 0.504910 5.413589 1.200001
v 1.634895 0.000000 1.200001
v 2.351290 0.000000 1.200001
v 3.910757 3.636142 1.200001
v 4.251800 4.570236 1.200001
v 4.376052 3.746337 1.200001
v 7.174038 0.000000 1.200001
v 7.897820 0.000000 1.200001
v 6.764142 5.413589 1.200000
v 6.044053 5.413589 1.200000
v 11.882310 0.000000 1.200000
v 12.606091 0.000000 1.200000
v 11.476107 5.413589 1.200000
v 7.956904 5.413589 1.200000
v 8.086151 4.796898 1.200000
v 10.881571 4.796898 1.200000
v 11.239770 3.072378 1.200000
v 8.392650 3.072378 1.200000
v 8.521896 2.455687 1.200000
v 11.369016 2.455687 1.200000
v 11.875832 -0.009051 1.257992
v 11.874776 -0.008193 -1.257992
v 12.617047 -0.008193 1.257992
v 12.616350 -0.009051 -1.257992
v 11.482587 5.422640 1.257992
v 11.483642 5.421782 -1.257992
v 7.945939 5.421782 1.257992
v 7.946636 5.422640 -1.257992
v 8.079676 4.787847 1.257992
v 8.078621 4.788705 -1.257992
v 10.874029 4.788705 1.257992
v 10.875083 4.787847 -1.257992
v 11.229522 3.081429 1.257992
v 11.228824 3.080571 -1.257992
v 8.381685 3.080571 1.257992
v 8.382381 3.081429 -1.257992
v 8.515423 2.446636 1.257993
v 8.514366 2.447494 -1.257992
v 11.361483 2.447494 1.257992
v 11.362537 2.446636 -1.257992
v 7.167557 -0.009051 1.257993
v 7.166502 -0.008193 -1.257992
v 7.908782 -0.008193 1.257992
v 7.908086 -0.009051 -1.257991
v 6.770617 5.422640 1.257992
v 6.771673 5.421782 -1.257991
v 6.033097 5.421782 1.257992
v 6.033794 5.422640 -1.257992
v 5.147617 -0.009051 1.257993
v 5.146562 -0.008193 -1.257992
v 5.870378 -0.008193 1.257993
v 5.869681 -0.009051 -1.257991
v 4.732212 5.422640 1.257992
v 4.733269 5.421782 -1.257991
v 4.017870 5.421782 1.257993
v 4.019196 5.422640 -1.257991
v 2.864760 2.825729 1.199962
v 2.426828 2.017829 1.136008
v 2.451061 2.074601 -1.138481
v 2.864760 2.825729 -1.199961
v 2.416245 1.733208 1.200037
v 2.416245 1.733208 -1.200035
v 2.156228 1.224620 -1.132413
v 2.126850 0.828356 1.200927
v 2.126850 0.828355 -1.200925
v 2.156960 1.219581 1.133511
v 1.962988 1.796117 1.199962
v 1.962988 1.796117 -1.199960
v 1.216707 5.422640 1.257992
v 1.217762 5.421782 -1.257990
v 0.493954 5.421782 1.257993
v 0.494651 5.422640 -1.257992
v 1.628414 -0.009051 1.257993
v 1.627359 -0.008193 -1.257991
v 2.357620 -0.008193 1.257993
v 2.356318 -0.009051 -1.257991
v 3.910751 3.636141 1.199942
v 4.213387 4.168553 1.133600
v 4.213531 4.168478 -1.133575
v 3.910751 3.636141 -1.199941
v 4.251686 4.569113 1.203309
v 4.251686 4.569113 -1.203308
v 4.376057 3.746337 1.199941
v 4.376057 3.746337 -1.199940
v -0.395218 -0.009051 1.257994
v -0.396273 -0.008193 -1.257992
v 0.346006 -0.008193 1.257993
v 0.345310 -0.009051 -1.257991
v -0.792158 5.422640 1.257993
v -0.791102 5.421782 -1.257991
v -1.529679 5.421782 1.257994
v -1.528983 5.422640 -1.257992
v -2.304724 0.418571 1.199293
v -2.296959 0.298340 1.124835
v -2.304908 0.291818 -1.125628
v -2.304724 0.418571 -1.199290
v -2.035711 0.798111 1.217865
v -1.850515 0.992468 1.130284
v -1.853528 0.982389 -1.131221
v -2.035711 0.798110 -1.217863
v -1.889114 1.327423 1.199276
v -1.889114 1.327423 -1.199274
v -1.857420 1.758670 1.257994
v -1.856588 1.757731 -1.257991
v -2.584269 1.825951 1.257994
v -2.583442 1.826735 -1.257991
v -2.571770 1.477836 1.200357
v -2.656363 1.492474 1.134141
v -2.695485 1.260917 -1.104533
v -2.573129 1.475929 -1.212008
v -2.809316 1.038633 1.102998
v -2.647080 1.186507 1.203894
v -2.690206 1.076482 -1.201541
v -2.776780 0.947679 1.200650
v -3.073759 0.795325 -1.103386
v -2.916765 0.806366 -1.200398
v -2.961962 0.775136 1.200642
v -3.181873 0.747318 1.104084
v -3.261219 0.615899 -1.201304
v -3.261219 0.615899 1.201307
v -3.645777 0.616827 1.104665
v -3.714121 0.519626 -1.203445
v -3.645163 0.616934 -1.104622
v -3.714121 0.519627 1.203448
v -4.256632 0.519144 -1.214128
v -4.256632 0.519144 1.214131
v -4.345659 0.621209 1.075296
v -4.341486 0.620572 -1.075242
v -4.588011 0.592806 -1.214386
v -4.588011 0.592806 1.214389
v -4.850605 0.703428 1.205621
v -4.909851 0.844672 -1.101528
v -4.803322 0.781506 1.104447
v -4.850605 0.703427 -1.205618
v -5.149206 0.970983 1.217964
v -5.118927 1.079143 1.092796
v -5.149206 0.970983 -1.217961
v -5.205854 1.265454 -1.100278
v -5.284695 1.237302 -1.205663
v -5.284695 1.237302 1.205666
v -5.228729 1.536004 1.094660
v -5.309212 1.565335 1.203392
v -5.309212 1.565335 -1.203389
v -5.166758 1.737750 -1.101983
v -5.140556 1.906802 1.217559
v -5.140556 1.906802 -1.217556
v -4.678349 2.218360 1.205749
v -4.979151 1.953324 1.091860
v -4.635447 2.137883 -1.102270
v -4.678349 2.218360 -1.205746
v -3.337029 2.736997 1.140481
v -3.268923 2.873615 1.199528
v -3.215872 2.805821 -1.141384
v -3.268923 2.873615 -1.199525
v -2.907730 3.168791 1.199966
v -2.756250 3.181547 1.126928
v -2.907730 3.168791 -1.199963
v -2.672187 3.307065 -1.156311
v -2.721085 3.395436 1.199762
v -2.721085 3.395436 -1.199759
v -2.594790 3.665132 1.199971
v -2.458215 3.806070 1.148853
v -2.437523 3.900306 -1.121327
v -2.594790 3.665132 -1.199968
v -2.530655 4.043643 1.198989
v -2.530655 4.043643 -1.198987
v -2.619023 4.554333 1.198882
v -2.521330 4.549033 1.131351
v -2.619023 4.554333 -1.198880
v -2.544689 4.594799 -1.137673
v -2.907936 5.002482 1.214928
v -2.814269 5.039396 1.066579
v -2.842829 5.053088 -1.141150
v -2.909781 5.002344 -1.199009
v -3.341974 5.401430 1.137632
v -3.297911 5.371051 -1.137745
v -3.382298 5.314472 1.199351
v -3.382298 5.314472 -1.199349
v -4.045259 5.572852 1.150800
v -4.151962 5.600280 -1.123708
v -4.022869 5.486617 1.199479
v -4.022869 5.486617 -1.199476
v -4.819817 5.493725 1.199508
v -4.819817 5.493725 -1.199505
v -4.935850 5.564615 1.135278
v -5.023739 5.546110 -1.145388
v -5.395964 5.355635 1.217081
v -5.394220 5.354667 -1.199982
v -5.591623 5.366121 -1.132670
v -5.867506 5.098407 1.198536
v -5.707619 5.309912 1.147363
v -5.867506 5.098407 -1.198533
v -6.106123 5.002679 -1.144747
v -6.150753 4.788873 1.200002
v -6.144156 4.950720 1.130123
v -6.150753 4.788873 -1.199999
v -6.341124 4.413853 1.199282
v -6.463379 4.320848 1.160793
v -6.341124 4.413853 -1.199279
v -6.433716 4.406860 -1.136235
v -6.412851 4.046870 1.199981
v -6.505369 3.806684 1.085160
v -6.414665 4.045936 -1.219503
v -6.505617 3.810033 -1.084791
v -6.408804 3.876466 1.209912
v -6.408804 3.876466 -1.209908
v -5.701025 3.813076 1.257993
v -5.709085 3.814503 -1.236246
v -5.698013 4.065339 1.213109
v -5.596056 4.116786 1.070561
v -5.596251 4.115955 -1.070573
v -5.687941 4.109438 -1.213894
v -5.620413 4.308568 1.198738
v -5.620413 4.308568 -1.198735
v -5.419165 4.459034 -1.106087
v -5.418585 4.459687 1.106097
v -5.466423 4.541210 1.199139
v -5.466423 4.541210 -1.199136
v -5.209721 4.730565 1.200133
v -5.042313 4.722194 -1.127333
v -5.209721 4.730565 -1.200130
v -5.041586 4.722408 1.127209
v -4.944307 4.832474 1.204839
v -4.944307 4.832474 -1.204836
v -4.655254 4.893764 1.200036
v -4.655254 4.893764 -1.200033
v -4.384415 4.818345 -1.086337
v -4.377264 4.818445 1.086664
v -4.242214 4.899582 -1.212835
v -4.242214 4.899582 1.212838
v -3.913944 4.849448 1.200156
v -3.913944 4.849448 -1.200154
v -3.766472 4.712640 -1.104197
v -3.780363 4.716590 1.100375
v -3.631433 4.738215 -1.205623
v -3.631433 4.738215 1.205626
v -3.425428 4.585330 1.204773
v -3.450420 4.483195 1.106811
v -3.425428 4.585330 -1.204771
v -3.360464 4.361714 -1.075476
v -3.295427 4.403939 1.200784
v -3.295427 4.403939 -1.200782
v -3.317251 4.189948 1.124422
v -3.230799 4.112022 -1.211441
v -3.238165 4.185424 1.201030
v -3.246975 3.952596 1.200462
v -3.374168 3.824510 -1.105537
v -3.396572 3.798883 1.097623
v -3.279322 3.850860 -1.204102
v -3.403862 3.656057 -1.205490
v -3.368416 3.690464 1.204477
v -3.739235 3.412740 -1.205982
v -3.739235 3.412740 1.205985
v -3.783730 3.491843 1.105210
v -3.783283 3.492058 -1.105241
v -4.974073 2.851310 1.199990
v -5.372534 2.751449 1.135265
v -5.367950 2.754000 -1.135305
v -4.974073 2.851310 -1.199987
v -5.437811 2.602445 1.199849
v -5.437811 2.602445 -1.199845
v -5.751226 2.328038 1.199543
v -5.865604 2.326719 1.139769
v -5.811266 2.388590 -1.135780
v -5.751226 2.328038 -1.199539
v -5.968197 1.962961 1.199555
v -6.063269 1.954953 -1.147869
v -5.922503 2.057890 -1.200020
v -6.131569 1.723125 1.125114
v -6.025166 1.756458 -1.199263
v -6.136005 1.642254 -1.146418
v -6.043966 1.575542 1.199619
v -6.038099 1.346224 -1.199769
v -6.006529 1.142947 1.225741
v -6.025965 0.930804 -1.147316
v -6.034418 0.936562 1.119532
v -5.918999 0.907815 -1.198715
v -5.840315 0.779286 1.199763
v -5.565565 0.314303 1.149961
v -5.563442 0.306003 -1.128647
v -5.580282 0.452865 1.199596
v -5.580282 0.452865 -1.199592
v -5.083384 0.122953 1.199303
v -5.083384 0.122953 -1.199300
v -4.805956 -0.069000 -1.148036
v -4.652218 -0.121929 1.136161
v -4.401951 -0.070110 1.199353
v -4.401951 -0.070110 -1.199350
v -4.030617 -0.187328 -1.129894
v -3.713133 -0.088727 1.199909
v -3.506035 -0.164044 1.142078
v -3.713133 -0.088727 -1.199906
v -3.023279 -0.071185 -1.142794
v -3.172739 -0.010466 1.199825
v -3.172739 -0.010466 -1.199823
v -2.702877 0.156507 1.199738
v -2.841028 0.002380 1.143306
v -2.702877 0.156507 -1.199735
v -7.426231 -0.009051 1.257995
v -7.427288 -0.008193 -1.257991
v -6.685013 -0.008193 1.257993
v -6.685709 -0.009051 -1.257989
v -7.823179 5.422640 1.257992
v -7.822123 5.421782 -1.257989
v -8.560699 5.421782 1.257993
v -8.560003 5.422640 -1.257990
v -8.091021 3.173748 1.257993
v -8.091719 3.172890 -1.257990
v -10.879723 3.172890 1.257993
v -10.880779 3.173748 -1.257989
v -11.349760 5.422640 1.257993
v -11.348703 5.421782 -1.257989
v -12.090979 5.421782 1.257994
v -12.090284 5.422640 -1.257990
v -10.956520 -0.009051 1.257994
v -10.957575 -0.008193 -1.257990
v -10.215305 -0.008193 1.257993
v -10.216002 -0.009051 -1.257989
v -10.747759 2.542648 1.257993
v -10.747061 2.543505 -1.257989
v -7.962738 2.543505 1.257995
v -7.961681 2.542648 -1.257991
v -13.108927 1.357271 1.257995
v -13.110052 1.358129 -1.257991
v -12.675352 1.358129 1.257994
v -12.676102 1.357271 -1.257990
v -13.095144 4.305811 1.204643
v -13.227777 5.498359 1.120615
v -13.223349 5.497248 -1.113099
v -13.095144 4.305811 -1.204639
v -13.326773 5.415135 1.218032
v -13.326773 5.415135 -1.218028
v -14.139160 5.415431 1.220343
v -14.281458 5.502549 1.084650
v -14.276617 5.502594 -1.096947
v -14.139160 5.415431 -1.220339
v -13.887123 4.213118 1.215492
v -13.887123 4.213118 -1.215488
v -13.024458 -0.009051 1.257996
v -13.025515 -0.008193 -1.257991
v -12.253695 -0.008193 1.257994
v -12.254393 -0.009051 -1.257990
v -12.416977 0.766067 1.257995
v -12.415920 0.765209 -1.257990
v -13.187738 0.765210 1.257996
v -13.187042 0.766067 -1.257992
vn -0.0000 -0.0000 -1.0000
vn -0.0000 -0.0000 1.0000
vn -0.8760 0.3515 0.3304
vn -0.5982 0.1970 0.7768
vn -0.4923 0.1998 0.8472
vn -0.6120 0.2004 -0.7650
vn -0.8729 0.3553 -0.3344
vn -0.4800 0.1943 -0.8555
vn 0.0364 0.4411 -0.8967
vn 0.0255 0.4377 0.8988
vn 0.0128 0.1715 0.9851
vn 0.0129 0.1728 -0.9849
vn 0.6234 0.7819 0.0037
vn 0.5995 0.1103 0.7927
vn 0.6240 0.7814 -0.0034
vn 0.6049 0.1114 -0.7884
vn -0.0576 -0.4788 0.8760
vn -0.0155 -0.1700 0.9853
vn 0.5862 -0.2367 0.7748
vn -0.0155 -0.1700 -0.9853
vn -0.0585 -0.4788 -0.8760
vn 0.5861 -0.2368 -0.7748
vn -0.6235 -0.7818 0.0036
vn -0.6114 -0.1125 0.7833
vn -0.6241 -0.7813 -0.0035
vn -0.6117 -0.1124 -0.7830
vn 0.7103 -0.4370 0.5517
vn 0.4793 -0.4542 0.7510
vn 0.6330 -0.7196 0.2855
vn 0.4884 -0.4697 -0.7355
vn 0.7014 -0.4368 -0.5632
vn 0.6251 -0.7291 -0.2787
vn 0.9192 -0.2624 0.2938
vn 0.7246 0.6889 0.0177
vn 0.3662 -0.1471 0.9188
vn 0.7251 0.6884 -0.0177
vn 0.9181 -0.2654 -0.2945
vn 0.3439 -0.1474 -0.9274
vn -0.6258 0.2094 0.7513
vn -0.6153 0.0098 0.7882
vn -0.9323 0.1829 0.3121
vn -0.5552 0.3827 -0.7384
vn -0.8990 0.3519 -0.2605
vn -0.5770 -0.0781 -0.8130
vn -0.7902 0.5732 0.2169
vn -0.4125 0.5663 0.7135
vn -0.5716 0.8066 -0.1507
vn -0.2217 0.6753 -0.7034
vn -0.1423 0.9407 0.3080
vn 0.0400 0.8123 0.5819
vn -0.0390 0.7091 0.7040
vn 0.0408 0.8137 -0.5799
vn -0.1453 0.9382 -0.3142
vn -0.0398 0.7013 -0.7117
vn 0.1747 0.9517 0.2524
vn 0.1746 0.9515 -0.2532
vn 0.4994 0.8111 0.3046
vn 0.2712 0.7299 0.6275
vn 0.2781 0.7079 -0.6492
vn 0.6001 0.7489 -0.2809
vn 0.9161 0.2565 -0.3083
vn 0.8217 0.4971 0.2787
vn 0.5847 0.4278 -0.6893
vn 0.9410 -0.1474 0.3048
vn 0.7680 -0.1756 0.6159
vn 0.6954 0.1884 0.6935
vn 0.6870 -0.0990 -0.7198
vn 0.7484 0.2313 -0.6217
vn 0.8449 -0.4642 -0.2660
vn 0.6300 -0.4634 0.6232
vn 0.5048 -0.5437 -0.6705
vn 0.6262 -0.7454 0.2284
vn 0.4770 -0.8309 -0.2866
vn 0.4762 -0.8162 0.3272
vn 0.3005 -0.6415 0.7058
vn 0.5250 -0.7906 -0.3150
vn 0.3680 -0.6508 -0.6640
vn 0.3812 -0.5117 0.7700
vn 0.3156 -0.4913 -0.8118
vn -0.6303 -0.7764 -0.0000
vn -0.6310 -0.7758 -0.0000
vn 0.7757 -0.6311 -0.0000
vn 0.7763 -0.6304 -0.0000
vn 0.7764 -0.5339 -0.3350
vn 0.7437 -0.5977 0.2994
vn 0.6053 -0.3245 0.7268
vn 0.4210 -0.4801 0.7696
vn 0.3901 -0.2234 -0.8933
vn 0.3874 -0.4437 -0.8081
vn 0.6620 -0.2152 -0.7180
vn 0.9477 -0.1207 -0.2955
vn 0.8923 0.3357 -0.3018
vn 0.9091 0.2979 0.2912
vn 0.5861 0.5941 0.5509
vn 0.5929 0.2363 0.7698
vn 0.3878 0.8661 0.3154
vn 0.7156 0.6651 0.2137
vn 0.2137 0.5581 -0.8017
vn 0.4109 0.8549 -0.3166
vn 0.6856 0.6572 -0.3133
vn 0.1120 0.9345 0.3380
vn 0.2117 0.4980 0.8410
vn 0.0843 0.9470 -0.3098
vn 0.1355 0.6494 -0.7482
vn -0.0397 0.6290 0.7764
vn 0.0870 0.5067 0.8577
vn -0.0343 0.6420 -0.7659
vn -0.1845 0.9248 -0.3327
vn -0.1577 0.9378 0.3094
vn -0.2415 0.7351 0.6335
vn -0.2280 0.6052 -0.7628
vn -0.4285 0.8516 -0.3020
vn -0.4635 0.8237 0.3267
vn -0.7080 0.6253 -0.3282
vn -0.5425 0.3020 -0.7839
vn -0.3218 0.4982 -0.8051
vn -0.9072 0.2977 -0.2973
vn -0.9045 0.2548 0.3419
vn -0.4535 0.0437 0.8902
vn -0.5152 0.2591 0.8170
vn -0.8504 0.0545 -0.5233
vn -0.5736 0.2471 -0.7810
vn -0.7258 -0.6518 0.2198
vn -0.4822 -0.5422 0.6881
vn -0.4663 -0.5794 -0.6685
vn -0.7286 -0.6492 -0.2184
vn 0.5870 -0.8054 0.0825
vn 0.5861 -0.8066 -0.0764
vn 0.0087 -0.9702 0.2423
vn -0.0963 -0.7673 0.6340
vn 0.1548 -0.6593 0.7358
vn -0.0998 -0.7614 -0.6406
vn 0.0100 -0.9705 -0.2408
vn 0.1561 -0.6597 -0.7351
vn -0.3399 -0.9047 0.2570
vn -0.3638 -0.8912 -0.2710
vn -0.3727 -0.6222 0.6885
vn 0.0731 0.2333 0.9696
vn 0.0731 0.2333 -0.9696
vn -0.3688 -0.6098 -0.7015
vn -0.9053 -0.3935 -0.1597
vn -0.7726 -0.5697 0.2801
vn -0.9331 -0.1025 0.3448
vn -0.5106 -0.4942 0.7037
vn -0.7030 0.0107 -0.7111
vn -0.4877 -0.5188 -0.7022
vn -0.6817 -0.0258 0.7312
vn -0.4205 -0.2666 0.8672
vn -0.8376 0.4404 -0.3232
vn -0.8477 0.4568 0.2697
vn -0.5575 0.4752 0.6807
vn 0.0417 -0.0040 0.9991
vn -0.4463 0.5135 -0.7329
vn -0.7314 0.2275 -0.6430
vn -0.3779 0.6360 0.6729
vn -0.3812 0.6283 -0.6782
vn -0.5002 0.8142 0.2947
vn -0.5036 0.8028 0.3190
vn -0.5023 0.8032 -0.3201
vn -0.5045 0.8119 -0.2936
vn -0.3939 0.4935 0.7755
vn -0.2702 0.5802 0.7683
vn -0.3819 0.4850 -0.7867
vn -0.2693 0.5781 -0.7702
vn -0.7606 0.5694 0.3118
vn -0.6963 0.2851 0.6587
vn -0.4352 0.4329 0.7895
vn -0.8776 0.3404 -0.3376
vn -0.7227 0.6223 -0.3009
vn -0.9448 0.1343 0.2987
vn -0.9437 0.0444 -0.3278
vn -0.4640 -0.2796 -0.8406
vn -0.8777 -0.3577 -0.3189
vn -0.6757 -0.0952 -0.7310
vn -0.5971 -0.7315 0.3293
vn -0.6099 -0.4183 0.6731
vn -0.8853 -0.3783 0.2704
vn -0.6023 -0.7387 -0.3027
vn -0.3839 -0.3473 0.8556
vn -0.4763 -0.4235 -0.7705
vn -0.2342 -0.9161 0.3255
vn -0.3453 -0.7421 0.5745
vn -0.3347 -0.6529 -0.6794
vn -0.2859 -0.8951 -0.3423
vn -0.0300 -0.9514 -0.3065
vn 0.2799 -0.9022 -0.3281
vn 0.1051 -0.9370 0.3332
vn 0.1531 -0.5448 0.8245
vn -0.0121 -0.6592 0.7519
vn 0.3221 -0.5683 -0.7571
vn 0.0949 -0.6282 -0.7723
vn 0.6336 0.7303 0.2553
vn 0.3041 0.5857 0.7513
vn 0.8474 0.1305 0.5147
vn 0.3136 0.5857 -0.7474
vn 0.6409 0.7242 -0.2543
vn 0.8504 0.1307 -0.5096
vn -0.7780 0.5769 0.2487
vn -0.6018 -0.7986 0.0014
vn -0.9028 -0.2398 0.3571
vn -0.6025 -0.7981 -0.0022
vn -0.7723 0.5833 -0.2516
vn -0.9020 -0.2394 -0.3594
vn 0.6311 0.7757 -0.0000
vn 0.6304 0.7763 -0.0000
vn -0.7760 0.6308 -0.0000
vn -0.7765 0.6301 -0.0000
vn -0.6308 -0.7760 -0.0000
vn -0.6301 -0.7765 -0.0000
vn -0.6315 -0.7754 -0.0000
vn -0.7754 0.6315 -0.0000
vn -0.6304 -0.7763 -0.0000
vn -0.6311 -0.7757 -0.0000
vn 0.7759 -0.6308 -0.0000
vn 0.7765 -0.6302 -0.0000
vn 0.6308 0.7759 -0.0000
vn 0.6302 0.7765 -0.0000
vn -0.7757 0.6311 -0.0000
vn -0.7763 0.6304 -0.0000
vn -0.5347 0.8450 -0.0036
vn -0.5354 0.8446 0.0038
vn 0.5433 -0.8395 -0.0030
vn 0.5441 -0.8390 0.0028
vn -0.5860 0.8088 -0.0502
vn -0.5856 0.8088 0.0532
vn -0.2178 0.6810 0.6992
vn -0.4360 0.8423 0.3170
vn 0.0255 -0.0274 0.9993
vn 0.0093 -0.0120 -0.9999
vn 0.3962 0.6280 0.6698
vn 0.3247 0.6456 -0.6912
vn 0.6002 0.5243 0.6041
vn 0.6045 -0.2815 0.7452
vn 0.9296 -0.1684 0.3278
vn 0.6235 0.0703 0.7786
vn 0.6486 0.0592 -0.7588
vn 0.5938 0.1972 -0.7801
vn 0.4026 0.4118 -0.8175
vn -0.4121 0.4428 0.7963
vn -0.5263 0.3339 0.7820
vn -0.7378 0.6065 0.2963
vn 0.9046 -0.3723 -0.2075
vn 0.9029 -0.3856 0.1899
vn 0.7983 -0.0583 0.5994
vn 0.7076 -0.6282 -0.3235
vn 0.7076 -0.6281 0.3235
vn 0.8093 -0.1735 -0.5612
vn 0.3443 -0.8792 -0.3294
vn 0.3439 -0.8794 0.3292
vn 0.5026 -0.1493 0.8515
vn 0.5005 -0.1438 -0.8537
vn 0.4787 -0.5112 0.7138
vn 0.4782 -0.5113 -0.7141
vn 0.3228 -0.5047 0.8007
vn 0.3229 -0.5049 -0.8005
vn -0.0334 0.2337 0.9717
vn -0.0334 0.2337 -0.9717
vn 0.1171 0.0621 -0.9912
vn -0.4713 0.4061 -0.7829
vn -0.5099 0.2981 -0.8069
vn -0.4697 0.0693 -0.8801
vn -0.6353 0.0128 0.7722
vn -0.8467 -0.1402 0.5133
vn -0.0390 -0.6577 0.7523
vn -0.0537 -0.6036 -0.7955
vn 0.0654 -0.6660 -0.7431
vn 0.3047 -0.5336 0.7889
vn 0.3362 -0.8856 0.3206
vn -0.6300 -0.7766 -0.0000
vn -0.6307 -0.7761 -0.0000
vn -0.7762 0.6305 -0.0000
vn -0.7757 0.6312 -0.0000
vn 0.6312 0.7757 -0.0000
vn 0.6305 0.7762 -0.0000
vn 0.7756 -0.6312 -0.0000
vn 0.7762 -0.6305 -0.0000
vn 0.7498 -0.6617 -0.0018
vn 0.7504 -0.6610 0.0027
vn -0.4263 0.4545 0.7821
vn -0.4084 0.4529 -0.7925
vn -0.6307 -0.7760 -0.0000
vn 0.7760 -0.6307 -0.0000
vn 0.7766 -0.6300 -0.0000
vn 0.6307 0.7760 -0.0000
vn 0.6300 0.7766 -0.0000
vn -0.7760 0.6307 -0.0000
vn -0.7766 0.6300 -0.0000
vt 0.666667 0.000000
vt 0.888889 0.000000
vt 0.777778 0.000000
vt 1.000000 0.000000
vt 0.555556 0.000000
vt 0.444444 0.000000
vt 0.111111 0.000000
vt 0.333333 0.000000
vt 0.222222 0.000000
vt 0.000000 0.000000
vt 0.090909 0.000000
vt 0.272727 0.000000
vt 0.181818 0.000000
vt 0.363636 0.000000
vt 0.454545 0.000000
vt 0.636364 0.000000
vt 0.545455 0.000000
vt 0.727273 0.000000
vt 0.909091 0.000000
vt 0.818182 0.000000
vt 0.403311 0.000000
vt 0.439144 0.000000
vt 0.423782 0.000000
vt 0.383512 0.000000
vt 0.455348 0.000000
vt 0.364479 0.000000
vt 0.645109 0.000000
vt 0.469348 0.000000
vt 0.657558 0.000000
vt 0.629096 0.000000
vt 0.667271 0.000000
vt 0.345083 0.000000
vt 0.607651 0.000000
vt 0.678171 0.000000
vt 0.484678 0.000000
vt 0.590400 0.000000
vt 0.692717 0.000000
vt 0.574608 0.000000
vt 0.325755 0.000000
vt 0.710278 0.000000
vt 0.556175 0.000000
vt 0.501551 0.000000
vt 0.534185 0.000000
vt 0.729272 0.000000
vt 0.531705 0.000000
vt 0.309699 0.000000
vt 0.746616 0.000000
vt 0.296556 0.000000
vt 0.769053 0.000000
vt 0.284304 0.000000
vt 0.270729 0.000000
vt 0.807681 0.000000
vt 0.255955 0.000000
vt 0.826898 0.000000
vt 0.226839 0.000000
vt 0.845276 0.000000
vt 0.859795 0.000000
vt 0.208932 0.000000
vt 0.874113 0.000000
vt 0.029268 0.000000
vt 0.041352 0.000000
vt 0.031707 0.000000
vt 0.190241 0.000000
vt 0.022834 0.000000
vt 0.890413 0.000000
vt 0.176675 0.000000
vt 0.056091 0.000000
vt 0.167184 0.000000
vt 0.901185 0.000000
vt 0.013169 0.000000
vt 0.071803 0.000000
vt 0.157546 0.000000
vt 0.910890 0.000000
vt 0.146427 0.000000
vt 0.090868 0.000000
vt 0.924277 0.000000
vt 0.003808 0.000000
vt 0.135606 0.000000
vt 0.110459 0.000000
vt 0.125975 0.000000
vt 0.942380 0.000000
vt 0.996439 0.000000
vt 0.986751 0.000000
vt 0.961809 0.000000
vt 0.977112 0.000000
vt 0.014493 0.000000
vt 0.043478 0.000000
vt 0.028986 0.000000
vt 0.826562 0.000000
vt 0.113920 0.000000
vt 0.527063 0.000000
vt 0.608696 0.000000
vt 0.594203 0.000000
vt 0.623188 0.000000
vt 0.944558 0.000000
vt 0.708605 0.000000
vt 0.637681 0.000000
vt 0.255082 0.000000
vt 0.405754 0.000000
vt 0.708605 0.000000
vt 0.218536 0.305405
vt 0.251438 0.000000
vt 0.112292 0.000000
vt 0.251438 1.000000
vt 0.212866 0.668169
vt 0.112292 1.000000
vt 0.400463 0.653420
vt 0.399584 0.338586
vt 0.399931 0.000000
vt 0.399936 1.000000
vt 0.585714 -0.004559
vt 0.519534 0.000000
vt 0.585714 1.004544
vt 0.519534 1.000000
vt 0.815502 0.316295
vt 0.814874 0.000000
vt 0.698482 0.000000
vt 0.814895 1.000000
vt 0.814351 0.684152
vt 0.698482 1.000000
vt 1.000000 -0.004559
vt 0.931064 0.000000
vt 1.000000 1.004543
vt 0.931064 1.000000
vt 0.013108 0.009892
vt 0.003798 0.000000
vt 0.003158 0.303757
vt 0.003798 1.000000
vt 0.013108 0.990108
vt 0.003113 0.699646
vt 0.017363 0.331432
vt 0.029197 -0.001374
vt 0.022779 0.000000
vt 0.029197 1.001357
vt 0.017403 0.661969
vt 0.022779 1.000000
vt 0.055972 0.000811
vt 0.041251 0.000000
vt 0.040885 0.261369
vt 0.061783 1.000048
vt 0.053187 0.667705
vt 0.041362 1.002643
vt 0.066452 0.300248
vt 0.081356 -0.000367
vt 0.084408 0.685819
vt 0.095598 0.999569
vt 0.109744 0.313904
vt 0.128381 -0.002704
vt 0.112815 0.000323
vt 0.128381 1.002704
vt 0.109626 0.684761
vt 0.112815 0.999677
vt 0.131244 0.345069
vt 0.130975 0.657542
vt 0.146514 0.338315
vt 0.137438 0.007721
vt 0.137438 0.992279
vt 0.150608 0.658965
vt 0.171790 0.700956
vt 0.162766 0.324387
vt 0.159814 1.000561
vt 0.187076 0.324317
vt 0.187246 -0.000141
vt 0.171556 0.000188
vt 0.187246 1.000141
vt 0.171556 0.999812
vt 0.199404 0.665626
vt 0.208421 -0.000214
vt 0.208421 1.000214
vt 0.213188 0.343132
vt 0.226092 0.685479
vt 0.262619 0.259767
vt 0.226283 0.000758
vt 0.266123 0.662787
vt 0.226283 0.999242
vt 0.266186 0.000000
vt 0.266186 1.000000
vt 0.000000 -0.004565
vt 0.000000 1.004549
vt 0.100000 0.994807
vt 0.100000 0.005193
vt 0.293797 0.741985
vt 0.287646 0.357537
vt 0.295834 0.000000
vt 0.283612 0.000000
vt 0.295834 1.000000
vt 0.283612 1.000000
vt 0.308945 1.000000
vt 0.319600 0.655892
vt 0.344421 0.732299
vt 0.342821 0.299615
vt 0.363510 0.001495
vt 0.344244 0.000000
vt 0.382268 0.291596
vt 0.362163 0.347196
vt 0.382579 1.000000
vt 0.381427 0.652852
vt 0.363465 0.708197
vt 0.403125 0.253378
vt 0.382579 0.000000
vt 0.406433 0.625395
vt 0.402330 1.000000
vt 0.422751 0.000000
vt 0.402330 0.000000
vt 0.422751 1.000000
vt 0.427291 0.675061
vt 0.425041 0.271035
vt 0.438166 0.003879
vt 0.438075 1.000000
vt 0.442866 0.675723
vt 0.446808 0.310372
vt 0.461256 0.695552
vt 0.468206 1.000000
vt 0.454240 1.000000
vt 0.484112 0.698350
vt 0.489446 0.240554
vt 0.500331 0.000000
vt 0.483498 0.000000
vt 0.500325 1.000513
vt 0.483498 1.000000
vt 0.528308 0.348684
vt 0.530411 0.000923
vt 0.530411 0.999077
vt 0.528023 0.651791
vt 0.532847 0.001738
vt 0.532916 0.996170
vt 0.649266 0.336898
vt 0.653866 0.008643
vt 0.624116 0.000479
vt 0.653867 0.991357
vt 0.649009 0.658660
vt 0.624116 0.999521
vt 0.668834 0.314712
vt 0.669246 0.675086
vt 0.672874 0.000288
vt 0.663230 0.000000
vt 0.663230 1.000000
vt 0.672874 0.999712
vt 0.693874 0.647391
vt 0.685555 0.311491
vt 0.702702 0.217026
vt 0.682598 -0.000088
vt 0.708412 1.005617
vt 0.682598 1.000088
vt 0.704168 0.001908
vt 0.693396 0.000000
vt 0.732674 0.696016
vt 0.735859 0.293011
vt 0.741167 0.003567
vt 0.719191 0.000000
vt 0.744811 0.999386
vt 0.727507 0.998910
vt 0.767167 0.003041
vt 0.767167 0.996959
vt 0.767181 0.302442
vt 0.819787 0.267338
vt 0.819861 0.737378
vt 0.767025 0.697176
vt 0.824886 0.000000
vt 0.805715 0.000000
vt 0.824886 1.000000
vt 0.805715 1.000000
vt 0.846532 0.271518
vt 0.862459 0.000000
vt 0.843219 0.000000
vt 0.863995 0.753941
vt 0.842650 0.735922
vt 0.874106 0.331471
vt 0.877395 0.637483
vt 0.903651 1.000000
vt 0.901850 0.674214
vt 0.888246 1.000000
vt 0.925161 0.278963
vt 0.908673 0.000000
vt 0.901278 0.348335
vt 0.926079 0.677346
vt 0.922028 0.000000
vt 0.922028 1.000000
vt 0.953667 0.347435
vt 0.940087 0.000000
vt 0.940087 1.000000
vt 0.949469 0.659004
vt 0.968515 0.639138
vt 0.987019 0.664157
vt 0.978271 0.305314
vt 0.984350 0.000000
vt 0.974735 0.000000
vt 0.994015 1.000000
vt 0.984350 1.000000
vt 0.497796 0.347533
vt 0.500000 0.001342
vt 0.333333 0.000070
vt 0.500000 0.998658
vt 0.497699 0.652619
vt 0.333333 0.999931
vt 0.666752 0.356674
vt 1.000000 -0.005906
vt 0.833333 -0.000492
vt 1.000000 1.005890
vt 0.666938 0.643342
vt 0.833333 1.000492
vt 0.200000 1.004572
vt 0.200000 -0.004571
vt 0.300000 0.994785
vt 0.300000 0.005215
vt 0.400000 1.004576
vt 0.400000 -0.004560
vt 0.500000 1.004537
vt 0.500000 -0.004521
vt 0.600000 0.994556
vt 0.600000 0.005445
vt 0.700000 0.994785
vt 0.700000 0.005215
vt 0.800000 1.004576
vt 0.800000 -0.004561
vt 0.900000 1.004578
vt 0.900000 -0.004578
vt 1.000000 1.004549
vt 1.000000 -0.004565
vt 0.000000 -0.004572
vt 0.000000 1.004572
vt 0.250000 0.994790
vt 0.250000 0.005211
vt 0.500000 1.004586
vt 0.500000 -0.004586
vt 0.750000 0.994806
vt 0.750000 0.005193
vt 1.000000 1.004572
vt 1.000000 -0.004572
vt 0.000000 -0.004559
vt 0.000000 1.004543
vt 0.014286 0.992381
vt 0.014286 0.005211
vt 0.028571 1.004572
vt 0.028571 -0.004556
vt 0.042857 1.008979
vt 0.042857 -0.008968
vt 0.600000 0.994806
vt 0.600000 0.005194
vt 0.614286 1.004559
vt 0.614286 -0.004543
vt 0.628571 1.008672
vt 0.628571 -0.008659
vt 0.000000 -0.000358
vt 0.000000 1.000358
vt 0.250000 0.994790
vt 0.250000 0.005210
vt 0.500000 1.000370
vt 0.500000 -0.004586
vt 0.750000 0.005192
vt 1.000000 1.000358
vt 1.000000 -0.000358
vt 0.031630 0.996708
vt 0.031630 0.003292
vt 0.095598 0.000431
vt 0.090234 0.311629
vt 0.069355 0.000000
vt 0.078812 1.000000
vt 0.146073 -0.000006
vt 0.146073 1.000006
vt 0.159814 -0.000561
vt 0.308945 0.000000
vt 0.315646 0.287900
vt 0.324962 0.000000
vt 0.324962 1.000000
vt 0.344244 1.000000
vt 0.363592 1.000000
vt 0.454240 0.000000
vt 0.468206 0.000000
vt 0.463677 0.307884
vt 0.556906 0.655768
vt 0.557132 0.345221
vt 0.551376 -0.000330
vt 0.587361 0.685234
vt 0.587606 0.316917
vt 0.554894 0.996642
vt 0.617007 0.680664
vt 0.617152 0.322376
vt 0.570736 -0.000349
vt 0.570736 1.000349
vt 0.589074 0.000799
vt 0.589074 0.999201
vt 0.608896 0.000000
vt 0.608896 1.000000
vt 0.638342 0.000000
vt 0.638342 1.000000
vt 0.693396 1.000000
vt 0.843219 1.000000
vt 0.857703 1.000000
vt 0.871987 1.000000
vt 0.879713 0.000000
vt 0.895258 0.006633
vt 0.959469 0.000000
vt 0.959469 1.000000
vt 0.974735 1.000000
vt 0.994015 0.000000
vt 0.990416 0.333667
vt 0.999329 0.745872
vt 0.999319 0.255222
vt 1.000000 1.000000
vt 0.000000 -0.004581
vt 0.000000 1.004565
vt 0.083333 0.994789
vt 0.083333 0.005212
vt 0.166667 1.004585
vt 0.166667 -0.004585
vt 0.250000 0.992398
vt 0.250000 0.007600
vt 0.333333 0.991237
vt 0.333333 0.008765
vt 0.416667 1.004538
vt 0.416667 -0.004552
vt 0.500000 1.004536
vt 0.500000 -0.004553
vt 0.583333 0.992396
vt 0.583333 0.007602
vt 0.666667 1.000356
vt 0.666667 -0.000358
vt 0.750000 0.994813
vt 0.750000 0.005185
vt 0.833333 0.994538
vt 0.833333 0.008760
vt 0.916667 1.004565
vt 0.916667 -0.004581
vt 1.000000 1.004565
vt 1.000000 -0.004581
vt 0.000000 -0.005906
vt 0.000000 1.005890
vt 0.166667 0.994039
vt 0.166667 0.005965
vt 0.666667 0.002664
vt 0.666667 0.997336
vt 0.000000 -0.004594
vt 0.000000 1.004594
vt 0.250000 0.994779
vt 0.250000 0.005221
vt 0.500000 1.004593
vt 0.500000 -0.004593
vt 0.750000 0.994783
vt 0.750000 0.005216
vt 1.000000 1.004594
vt 1.000000 -0.004594
s 0
usemtl マテリアル
f 7/1/1 9/2/1 8/3/1
f 7/1/1 10/4/1 9/2/1
f 6/5/1 10/4/1 7/1/1
f 6/5/1 5/6/1 10/4/1
f 2/7/1 4/8/1 3/9/1
f 2/7/1 1/10/1 4/8/1
f 12/11/1 14/12/1 13/13/1
f 12/11/1 15/14/1 14/12/1
f 16/15/1 18/16/1 17/17/1
f 16/15/1 19/18/1 18/16/1
f 12/11/1 22/4/1 15/14/1
f 22/4/1 16/15/1 15/14/1
f 22/4/1 21/19/1 16/15/1
f 21/19/1 19/18/1 16/15/1
f 12/11/1 11/10/1 22/4/1
f 20/20/1 19/18/1 21/19/1
f 51/21/1 53/22/1 52/23/1
f 50/24/1 53/22/1 51/21/1
f 50/24/1 54/25/1 53/22/1
f 49/26/1 54/25/1 50/24/1
f 49/26/1 65/27/1 54/25/1
f 65/27/1 55/28/1 54/25/1
f 66/29/1 65/27/1 49/26/1
f 64/30/1 55/28/1 65/27/1
f 49/26/1 67/31/1 66/29/1
f 48/32/1 67/31/1 49/26/1
f 63/33/1 55/28/1 64/30/1
f 48/32/1 68/34/1 67/31/1
f 63/33/1 56/35/1 55/28/1
f 62/36/1 56/35/1 63/33/1
f 48/32/1 69/37/1 68/34/1
f 61/38/1 56/35/1 62/36/1
f 47/39/1 69/37/1 48/32/1
f 47/39/1 70/40/1 69/37/1
f 60/41/1 56/35/1 61/38/1
f 60/41/1 57/42/1 56/35/1
f 59/43/1 57/42/1 60/41/1
f 47/39/1 71/44/1 70/40/1
f 59/43/1 58/45/1 57/42/1
f 46/46/1 71/44/1 47/39/1
f 46/46/1 72/47/1 71/44/1
f 45/48/1 72/47/1 46/46/1
f 45/48/1 73/49/1 72/47/1
f 44/50/1 73/49/1 45/48/1
f 43/51/1 73/49/1 44/50/1
f 43/51/1 74/52/1 73/49/1
f 42/53/1 74/52/1 43/51/1
f 42/53/1 75/54/1 74/52/1
f 41/55/1 75/54/1 42/53/1
f 41/55/1 76/56/1 75/54/1
f 41/55/1 77/57/1 76/56/1
f 40/58/1 77/57/1 41/55/1
f 40/58/1 78/59/1 77/57/1
f 26/60/1 28/61/1 27/62/1
f 39/63/1 78/59/1 40/58/1
f 25/64/1 28/61/1 26/60/1
f 39/63/1 79/65/1 78/59/1
f 38/66/1 79/65/1 39/63/1
f 25/64/1 29/67/1 28/61/1
f 37/68/1 79/65/1 38/66/1
f 37/68/1 80/69/1 79/65/1
f 24/70/1 29/67/1 25/64/1
f 24/70/1 30/71/1 29/67/1
f 36/72/1 80/69/1 37/68/1
f 36/72/1 81/73/1 80/69/1
f 35/74/1 81/73/1 36/72/1
f 24/70/1 31/75/1 30/71/1
f 35/74/1 82/76/1 81/73/1
f 23/77/1 31/75/1 24/70/1
f 34/78/1 82/76/1 35/74/1
f 23/77/1 32/79/1 31/75/1
f 33/80/1 82/76/1 34/78/1
f 23/77/1 33/80/1 32/79/1
f 23/77/1 82/76/1 33/80/1
f 23/77/1 83/81/1 82/76/1
f 87/82/1 83/81/1 23/77/1
f 86/83/1 83/81/1 87/82/1
f 86/83/1 84/84/1 83/81/1
f 85/85/1 84/84/1 86/83/1
f 89/8/1 91/4/1 90/1/1
f 89/8/1 88/10/1 91/4/1
f 93/86/1 95/87/1 94/88/1
f 93/86/1 105/89/1 95/87/1
f 105/89/1 96/90/1 95/87/1
f 99/91/1 101/92/1 100/93/1
f 99/91/1 102/94/1 101/92/1
f 93/86/1 106/95/1 105/89/1
f 104/96/1 96/90/1 105/89/1
f 93/86/1 92/10/1 106/95/1
f 103/97/1 96/90/1 104/96/1
f 103/97/1 97/98/1 96/90/1
f 98/99/1 102/94/1 99/91/1
f 103/97/1 98/99/1 97/98/1
f 103/97/1 102/94/1 98/99/1
f 108/8/1 110/4/1 109/1/1
f 108/8/1 107/10/1 110/4/1
f 112/7/1 116/5/1 113/9/1
f 116/5/1 114/8/1 113/9/1
f 116/5/1 115/6/1 114/8/1
f 112/7/1 117/1/1 116/5/1
f 112/7/1 120/4/1 117/1/1
f 120/4/1 118/3/1 117/1/1
f 120/4/1 119/2/1 118/3/1
f 112/7/1 111/10/1 120/4/1
f 127/1/2 128/3/2 129/2/2
f 127/1/2 129/2/2 130/4/2
f 126/5/2 127/1/2 130/4/2
f 126/5/2 130/4/2 125/6/2
f 122/7/2 123/9/2 124/8/2
f 122/7/2 124/8/2 121/10/2
f 132/11/2 133/13/2 134/12/2
f 132/11/2 134/12/2 135/14/2
f 136/15/2 137/17/2 138/16/2
f 136/15/2 138/16/2 139/18/2
f 132/11/2 135/14/2 142/4/2
f 142/4/2 135/14/2 136/15/2
f 142/4/2 136/15/2 141/19/2
f 141/19/2 136/15/2 139/18/2
f 132/11/2 142/4/2 131/10/2
f 140/20/2 141/19/2 139/18/2
f 171/21/2 172/23/2 173/22/2
f 170/24/2 171/21/2 173/22/2
f 170/24/2 173/22/2 174/25/2
f 169/26/2 170/24/2 174/25/2
f 169/26/2 174/25/2 185/27/2
f 185/27/2 174/25/2 175/28/2
f 186/29/2 169/26/2 185/27/2
f 184/30/2 185/27/2 175/28/2
f 169/26/2 186/29/2 187/31/2
f 168/32/2 169/26/2 187/31/2
f 183/33/2 184/30/2 175/28/2
f 168/32/2 187/31/2 188/34/2
f 183/33/2 175/28/2 176/35/2
f 182/36/2 183/33/2 176/35/2
f 168/32/2 188/34/2 189/37/2
f 181/38/2 182/36/2 176/35/2
f 167/39/2 168/32/2 189/37/2
f 167/39/2 189/37/2 190/40/2
f 180/41/2 181/38/2 176/35/2
f 180/41/2 176/35/2 177/42/2
f 179/43/2 180/41/2 177/42/2
f 167/39/2 190/40/2 191/44/2
f 179/43/2 177/42/2 178/45/2
f 166/46/2 167/39/2 191/44/2
f 166/46/2 191/44/2 192/47/2
f 165/48/2 166/46/2 192/47/2
f 165/48/2 192/47/2 193/49/2
f 164/50/2 165/48/2 193/49/2
f 163/51/2 164/50/2 193/49/2
f 163/51/2 193/49/2 194/52/2
f 162/53/2 163/51/2 194/52/2
f 162/53/2 194/52/2 195/54/2
f 161/55/2 162/53/2 195/54/2
f 161/55/2 195/54/2 196/56/2
f 161/55/2 196/56/2 197/57/2
f 160/58/2 161/55/2 197/57/2
f 160/58/2 197/57/2 198/59/2
f 146/60/2 147/62/2 148/61/2
f 159/63/2 160/58/2 198/59/2
f 145/64/2 146/60/2 148/61/2
f 159/63/2 198/59/2 199/65/2
f 158/66/2 159/63/2 199/65/2
f 145/64/2 148/61/2 149/67/2
f 157/68/2 158/66/2 199/65/2
f 157/68/2 199/65/2 200/69/2
f 144/70/2 145/64/2 149/67/2
f 144/70/2 149/67/2 150/71/2
f 156/72/2 157/68/2 200/69/2
f 156/72/2 200/69/2 201/73/2
f 155/74/2 156/72/2 201/73/2
f 144/70/2 150/71/2 151/75/2
f 155/74/2 201/73/2 202/76/2
f 143/77/2 144/70/2 151/75/2
f 154/78/2 155/74/2 202/76/2
f 143/77/2 151/75/2 152/79/2
f 153/80/2 154/78/2 202/76/2
f 143/77/2 152/79/2 153/80/2
f 143/77/2 153/80/2 202/76/2
f 143/77/2 202/76/2 203/81/2
f 207/82/2 143/77/2 203/81/2
f 206/83/2 207/82/2 203/81/2
f 206/83/2 203/81/2 204/84/2
f 205/85/2 206/83/2 204/84/2
f 209/8/2 210/1/2 211/4/2
f 209/8/2 211/4/2 208/10/2
f 213/86/2 214/88/2 215/87/2
f 213/86/2 215/87/2 225/89/2
f 225/89/2 215/87/2 216/90/2
f 219/91/2 220/93/2 221/92/2
f 219/91/2 221/92/2 222/94/2
f 213/86/2 225/89/2 226/95/2
f 224/100/2 225/89/2 216/90/2
f 213/86/2 226/95/2 212/10/2
f 223/97/2 224/100/2 216/90/2
f 223/97/2 216/90/2 217/98/2
f 218/99/2 219/91/2 222/94/2
f 223/97/2 217/98/2 218/99/2
f 223/97/2 218/99/2 222/94/2
f 228/8/2 229/1/2 230/4/2
f 228/8/2 230/4/2 227/10/2
f 232/7/2 233/9/2 236/5/2
f 236/5/2 233/9/2 234/8/2
f 236/5/2 234/8/2 235/6/2
f 232/7/2 236/5/2 237/1/2
f 232/7/2 237/1/2 240/4/2
f 240/4/2 237/1/2 238/3/2
f 240/4/2 238/3/2 239/2/2
f 232/7/2 240/4/2 231/10/2
s 1
f 278/101/3 281/102/4 277/103/5
f 282/104/6 279/105/7 280/106/8
f 283/107/9 278/101/3 279/105/7
f 286/108/10 284/109/11 278/101/3
f 285/110/12 283/107/9 279/105/7
f 286/108/10 289/111/13 287/112/14
f 290/113/15 283/107/9 288/114/16
f 298/115/17 301/116/18 297/117/19
f 302/118/20 299/119/21 300/120/22
f 298/115/17 269/121/23 303/122/24
f 270/123/25 299/119/21 304/124/26
f 317/125/27 313/126/28 314/127/29
f 316/128/30 320/129/31 315/130/32
f 318/131/33 323/132/34 321/133/35
f 324/134/36 319/135/37 322/136/38
f 332/137/39 327/138/40 328/139/41
f 333/140/42 329/141/43 330/142/44
f 331/143/45 337/144/46 332/137/39
f 335/145/47 331/143/45 329/141/43
f 339/146/48 335/145/47 333/140/42
f 341/147/49 346/148/50 344/149/51
f 345/150/52 343/151/53 342/152/54
f 347/153/55 346/148/50 341/147/49
f 345/150/52 348/154/56 343/151/53
f 353/155/57 350/156/58 347/153/55
f 349/157/59 352/158/60 348/154/56
f 358/159/61 356/160/62 352/158/60
f 357/161/63 358/159/61 352/158/60
f 361/162/64 362/163/65 360/164/66
f 363/165/67 358/159/61 359/166/68
f 364/167/69 361/162/64 358/159/61
f 363/165/67 364/167/69 358/159/61
f 361/162/64 365/168/70 362/163/65
f 366/169/71 364/167/69 363/165/67
f 368/170/72 365/168/70 361/162/64
f 369/171/73 368/170/72 364/167/69
f 369/171/73 364/167/69 366/169/71
f 368/170/72 371/172/74 367/173/75
f 373/174/76 369/171/73 370/175/77
f 371/172/74 372/176/78 367/173/75
f 373/174/76 371/172/74 369/171/73
f 374/177/79 373/174/76 370/175/77
f 241/178/80 242/179/81 244/180/82 243/181/83
f 378/182/84 376/183/85 373/174/76
f 376/183/85 379/184/86 375/185/87
f 380/186/88 378/182/84 377/187/89
f 384/188/90 378/182/84 380/186/88
f 384/188/90 383/189/91 378/182/84
f 390/190/92 388/191/93 383/189/91
f 388/191/93 391/192/94 387/193/95
f 395/194/96 391/192/94 392/195/97
f 398/196/98 396/197/99 393/198/100
f 399/199/101 397/200/102 395/194/96
f 400/201/103 395/194/96 396/197/99
f 402/202/104 400/201/103 396/197/99
f 399/199/101 403/203/105 401/204/106
f 404/205/107 400/201/103 402/202/104
f 406/206/108 405/207/109 400/201/103
f 405/207/109 407/208/110 403/203/105
f 408/209/111 406/206/108 404/205/107
f 409/210/112 411/211/113 406/206/108
f 413/212/114 411/211/113 409/210/112
f 416/213/115 413/212/114 412/214/116
f 420/215/117 418/216/118 413/212/114
f 418/216/118 421/217/119 417/218/120
f 423/219/121 420/215/117 419/220/122
f 422/221/123 425/222/124 418/216/118
f 426/223/125 424/224/126 423/219/121
f 422/221/123 427/225/127 425/222/124
f 428/226/128 424/224/126 426/223/125
f 448/227/129 450/228/130 443/229/131
f 449/230/132 447/231/133 444/232/134
f 454/233/135 450/228/130 448/227/129
f 449/230/132 453/234/136 447/231/133
f 456/235/137 451/236/138 450/228/130
f 452/237/139 455/238/140 449/230/132
f 460/239/141 458/240/142 453/234/136
f 458/240/142 463/241/143 457/242/144
f 464/243/145 460/239/141 459/244/146
f 463/241/143 465/245/147 461/246/148
f 467/247/149 463/241/143 460/239/141
f 468/248/150 465/245/147 463/241/143
f 464/243/145 467/247/149 460/239/141
f 471/249/151 466/250/152 465/245/147
f 470/251/153 467/247/149 469/252/154
f 468/248/150 473/253/155 471/249/151
f 472/254/156 467/247/149 470/251/153
f 474/255/157 477/256/158 473/253/155
f 478/257/159 475/258/160 472/254/156
f 477/256/158 480/259/161 476/260/162
f 481/261/163 478/257/159 479/262/164
f 483/263/165 486/264/166 482/265/167
f 487/266/168 483/263/165 484/267/169
f 489/268/170 486/264/166 483/263/165
f 491/269/171 489/268/170 487/266/168
f 497/270/172 495/271/173 493/272/174
f 499/273/175 498/274/176 496/275/177
f 500/276/178 496/275/177 495/271/173
f 499/273/175 501/277/179 498/274/176
f 502/278/180 495/271/173 497/270/172
f 502/278/180 500/276/178 495/271/173
f 506/279/181 503/280/182 499/273/175
f 504/281/183 505/282/184 500/276/178
f 509/283/185 506/279/181 505/282/184
f 513/284/186 511/285/187 509/283/185
f 511/285/187 514/286/188 510/287/189
f 518/288/190 513/284/186 515/289/191
f 548/290/192 551/291/193 547/292/194
f 552/293/195 549/294/196 550/295/197
f 554/296/198 543/297/199 557/298/200
f 544/299/201 555/300/202 558/301/203
f 243/181/83 244/180/82 246/302/204 245/303/205
f 245/303/205 246/302/204 248/304/206 247/305/207
f 247/305/207 248/304/206 250/306/208 249/307/209
f 249/307/209 250/306/208 252/308/210 251/309/208
f 251/309/208 252/308/210 254/310/211 253/311/206
f 253/311/206 254/310/211 256/312/206 255/313/207
f 255/313/207 256/312/206 258/314/208 257/315/209
f 257/315/209 258/314/208 260/316/81 259/317/80
f 259/317/80 260/316/81 242/318/81 241/319/80
f 261/320/212 262/321/213 264/322/214 263/323/215
f 263/323/215 264/322/214 266/324/216 265/325/217
f 265/325/217 266/324/216 268/326/218 267/327/219
f 267/327/219 268/326/218 262/328/213 261/329/212
f 269/330/23 270/331/25 272/332/214 271/333/215
f 271/333/215 272/332/214 274/334/216 273/335/217
f 273/335/217 274/334/216 276/336/220 275/337/221
f 275/337/221 276/336/220 279/105/7 278/101/3
f 278/101/3 277/103/5 275/337/221
f 286/108/10 283/107/9 290/113/15 289/111/13
f 276/336/220 280/106/8 279/105/7
f 278/101/3 284/109/11 281/102/4
f 283/107/9 286/108/10 278/101/3
f 282/104/6 285/110/12 279/105/7
f 286/108/10 287/112/14 284/109/11
f 285/110/12 288/114/16 283/107/9
f 289/111/13 290/113/15 292/338/218 291/339/219
f 291/339/219 292/338/218 294/340/213 293/341/212
f 293/341/212 294/340/213 296/342/222 295/343/223
f 295/343/223 296/342/222 299/119/21 298/115/17
f 298/115/17 297/117/19 295/343/223
f 298/115/17 299/119/21 270/123/25 269/121/23
f 296/342/222 300/120/22 299/119/21
f 298/115/17 303/122/24 301/116/18
f 302/118/20 304/124/26 299/119/21
f 305/344/212 306/345/213 308/346/214 307/347/215
f 307/347/215 308/346/214 310/348/216 309/349/217
f 309/349/217 310/348/216 312/326/218 311/350/219
f 311/350/219 312/326/218 306/351/213 305/352/212
f 314/127/29 315/130/32 319/135/37 318/131/33
f 318/131/33 317/125/27 314/127/29
f 318/131/33 319/135/37 324/134/36 323/132/34
f 315/130/32 320/129/31 319/135/37
f 318/131/33 321/133/35 317/125/27
f 320/129/31 322/136/38 319/135/37
f 323/132/34 324/134/36 326/353/224 325/354/225
f 325/354/225 326/353/224 329/141/43 328/139/41
f 328/139/41 327/138/40 325/354/225
f 340/355/226 337/144/46 331/143/45 338/356/227
f 326/353/224 330/142/44 329/141/43
f 331/143/45 332/137/39 328/139/41
f 329/141/43 331/143/45 328/139/41
f 332/137/39 337/144/46 334/357/228
f 333/140/42 335/145/47 329/141/43
f 344/149/51 340/355/226 338/356/227 341/147/49
f 336/358/229 339/146/48 333/140/42
f 335/145/47 338/356/227 331/143/45
f 335/145/47 339/146/48 342/152/54 343/151/53
f 338/356/227 335/145/47 343/151/53 341/147/49
f 341/147/49 343/151/53 348/154/56 347/153/55
f 347/153/55 348/154/56 352/158/60 353/155/57
f 347/153/55 350/156/58 346/148/50
f 345/150/52 349/157/59 348/154/56
f 375/185/87 372/176/78 371/172/74 376/183/85
f 353/155/57 351/359/230 350/156/58
f 349/157/59 354/360/231 352/158/60
f 353/155/57 355/361/232 351/359/230
f 353/155/57 356/160/62 355/361/232
f 352/158/60 356/160/62 353/155/57
f 354/360/231 357/161/63 352/158/60
f 356/160/62 360/164/66 355/361/232
f 357/161/63 359/166/68 358/159/61
f 358/159/61 361/162/64 356/160/62
f 356/160/62 361/162/64 360/164/66
f 364/167/69 368/170/72 361/162/64
f 365/168/70 368/170/72 367/173/75
f 370/175/77 369/171/73 366/169/71
f 369/171/73 371/172/74 368/170/72
f 373/174/76 376/183/85 371/172/74
f 373/174/76 374/177/79 377/187/89 378/182/84
f 381/362/233 379/184/86 376/183/85 382/363/234
f 376/183/85 378/182/84 383/189/91 382/363/234
f 387/193/95 385/364/235 382/363/234 388/191/93
f 382/363/234 385/364/235 381/362/233
f 384/188/90 386/365/236 383/189/91
f 383/189/91 388/191/93 382/363/234
f 383/189/91 386/365/236 389/366/237 390/190/92
f 388/191/93 390/190/92 393/198/100 392/195/97
f 388/191/93 392/195/97 391/192/94
f 390/190/92 389/366/237 394/367/238 393/198/100
f 392/195/97 393/198/100 396/197/99 395/194/96
f 413/212/114 409/210/112 408/209/111 412/214/116
f 395/194/96 397/200/102 391/192/94
f 394/367/238 398/196/98 393/198/100
f 399/199/101 401/204/106 397/200/102
f 398/196/98 402/202/104 396/197/99
f 400/201/103 399/199/101 395/194/96
f 399/199/101 405/207/109 403/203/105
f 400/201/103 405/207/109 399/199/101
f 404/205/107 406/206/108 400/201/103
f 405/207/109 411/211/113 407/208/110
f 406/206/108 411/211/113 405/207/109
f 408/209/111 409/210/112 406/206/108
f 411/211/113 410/368/239 407/208/110
f 414/369/240 410/368/239 411/211/113 415/370/241
f 413/212/114 415/370/241 411/211/113
f 414/369/240 415/370/241 418/216/118 417/218/120
f 413/212/114 418/216/118 415/370/241
f 420/215/117 413/212/114 416/213/115 419/220/122
f 418/216/118 420/215/117 424/224/126 422/221/123
f 423/219/121 424/224/126 420/215/117
f 422/221/123 424/224/126 428/226/128 427/225/127
f 418/216/118 425/222/124 421/217/119
f 427/225/127 428/226/128 431/371/242 430/372/243
f 430/372/243 429/373/244 427/225/127
f 430/372/243 431/371/242 435/374/245 436/375/246
f 428/226/128 432/376/247 431/371/242
f 436/375/246 435/374/245 440/377/248 442/378/249
f 436/375/246 433/379/250 429/373/244
f 430/372/243 436/375/246 429/373/244
f 432/376/247 435/374/245 431/371/242
f 432/376/247 434/380/251 435/374/245
f 436/375/246 437/381/252 433/379/250
f 434/380/251 438/382/253 435/374/245
f 442/378/249 440/377/248 447/231/133 448/227/129
f 436/375/246 442/378/249 437/381/252
f 438/382/253 440/377/248 435/374/245
f 437/381/252 442/378/249 439/383/254
f 441/384/255 440/377/248 438/382/253
f 442/378/249 443/229/131 439/383/254
f 441/384/255 444/232/134 440/377/248
f 448/227/129 447/231/133 453/234/136 454/233/135
f 442/378/249 448/227/129 443/229/131
f 444/232/134 447/231/133 440/377/248
f 443/229/131 450/228/130 445/385/256
f 446/386/257 449/230/132 444/232/134
f 457/242/144 456/235/137 454/233/135 458/240/142
f 454/233/135 456/235/137 450/228/130
f 449/230/132 455/238/140 453/234/136
f 453/234/136 455/238/140 459/244/146 460/239/141
f 453/234/136 458/240/142 454/233/135
f 468/248/150 467/247/149 475/258/160 474/255/157
f 457/242/144 463/241/143 461/246/148
f 462/387/258 464/243/145 459/244/146
f 460/239/141 463/241/143 458/240/142
f 464/243/145 469/252/154 467/247/149
f 467/247/149 468/248/150 463/241/143
f 468/248/150 471/249/151 465/245/147
f 468/248/150 474/255/157 473/253/155
f 474/255/157 475/258/160 478/257/159 477/256/158
f 472/254/156 475/258/160 467/247/149
f 473/253/155 477/256/158 476/260/162
f 482/265/167 480/259/161 477/256/158 483/263/165
f 479/262/164 478/257/159 472/254/156
f 477/256/158 478/257/159 484/267/169 483/263/165
f 478/257/159 481/261/163 485/388/259 484/267/169
f 484/267/169 485/388/259 488/389/260 487/266/168
f 487/266/168 490/390/261 493/272/174 491/269/171
f 487/266/168 489/268/170 483/263/165
f 488/389/260 490/390/261 487/266/168
f 489/268/170 492/391/262 486/264/166
f 489/268/170 494/392/263 492/391/262
f 489/268/170 491/269/171 495/271/173 496/275/177
f 499/273/175 500/276/178 505/282/184 506/279/181
f 489/268/170 496/275/177 494/392/263
f 493/272/174 495/271/173 491/269/171
f 496/275/177 498/274/176 494/392/263
f 500/276/178 499/273/175 496/275/177
f 499/273/175 503/280/182 501/277/179
f 502/278/180 504/281/183 500/276/178
f 510/287/189 507/393/264 506/279/181 511/285/187
f 506/279/181 507/393/264 503/280/182
f 504/281/183 508/394/265 505/282/184
f 509/283/185 511/285/187 506/279/181
f 505/282/184 508/394/265 512/395/266 509/283/185
f 509/283/185 512/395/266 515/289/191 513/284/186
f 516/396/267 514/286/188 511/285/187 517/397/268
f 513/284/186 517/397/268 511/285/187
f 517/397/268 513/284/186 315/398/32 314/399/29
f 313/4/28 516/396/267 517/397/268 314/399/29
f 513/284/186 518/288/190 316/400/30 315/398/32
f 519/401/269 520/402/270 522/403/214 521/404/215
f 521/404/215 522/403/214 524/405/216 523/406/217
f 523/406/217 524/405/216 526/407/218 525/408/271
f 525/408/271 526/407/218 528/409/272 527/410/271
f 527/410/271 528/409/272 530/411/273 529/412/274
f 529/412/274 530/411/273 532/413/273 531/414/274
f 531/414/274 532/413/273 534/415/218 533/416/219
f 533/416/219 534/415/218 536/417/213 535/418/212
f 535/418/212 536/417/213 538/419/275 537/420/276
f 537/420/276 538/419/275 540/421/275 539/422/276
f 539/422/276 540/421/275 542/423/270 541/424/269
f 541/424/269 542/423/270 520/425/270 519/426/269
f 543/427/199 544/428/201 546/429/277 545/430/278
f 545/430/278 546/429/277 549/294/196 548/290/192
f 548/290/192 547/292/194 545/430/278
f 553/431/279 551/291/193 548/290/192 554/296/198
f 546/429/277 550/295/197 549/294/196
f 548/290/192 549/294/196 555/300/202 554/296/198
f 549/294/196 552/293/195 556/432/280 555/300/202
f 554/296/198 555/300/202 544/299/201 543/297/199
f 554/296/198 557/298/200 553/431/279
f 556/432/280 558/301/203 555/300/202
f 559/433/269 560/434/281 562/435/282 561/436/283
f 561/436/283 562/435/282 564/437/284 563/438/285
f 563/438/285 564/437/284 566/439/286 565/440/287
f 565/440/287 566/439/286 560/441/281 559/442/269
o テキスト.001
v -16.156887 -3.042580 0.000003
v -14.995889 -3.042580 0.000003
v -14.995889 -5.088580 0.000003
v -16.183887 -5.088580 0.000003
v -16.183887 -4.824580 0.000003
v -15.289891 -4.824580 0.000003
v -15.289891 -4.188580 0.000003
v -16.126888 -4.188580 0.000003
v -16.126888 -3.924580 0.000003
v -15.289891 -3.924580 0.000003
v -15.289891 -3.306580 0.000003
v -16.156887 -3.306580 0.000003
v -13.816890 -3.042580 0.000002
v -13.522891 -3.042580 0.000002
v -13.522891 -5.088580 0.000002
v -14.740891 -5.088580 0.000003
v -14.740891 -4.824580 0.000003
v -13.816890 -4.824580 0.000002
v -13.249890 -3.042580 0.000002
v -11.539891 -3.042580 0.000002
v -11.539891 -3.306580 0.000002
v -12.247891 -3.306580 0.000002
v -12.247891 -5.088580 0.000002
v -12.541890 -5.088580 0.000002
v -12.541890 -3.306580 0.000002
v -13.249890 -3.306580 0.000002
v -11.260888 -3.042580 0.000002
v -10.966889 -3.042580 0.000002
v -10.966889 -5.088580 0.000002
v -11.260888 -5.088580 0.000002
v -10.687892 -3.042580 0.000002
v -8.977891 -3.042580 0.000002
v -8.977891 -3.306580 0.000002
v -9.685891 -3.306580 0.000002
v -9.685891 -5.088580 0.000002
v -9.979892 -5.088580 0.000002
v -9.979892 -3.306580 0.000002
v -10.687892 -3.306580 0.000002
v -7.927892 -4.149580 0.000002
v -7.927892 -3.903580 0.000002
v -6.505891 -3.297580 0.000002
v -6.505891 -3.558580 0.000002
v -7.633891 -4.026580 0.000002
v -6.505891 -4.494580 0.000002
v -6.505891 -4.755580 0.000002
v -4.756890 -4.233580 0.000002
v -4.756890 -4.479580 0.000002
v -6.172891 -4.479580 0.000002
v -6.172891 -4.233580 0.000002
v -4.756890 -3.579580 0.000002
v -4.756890 -3.825580 0.000002
v -6.172891 -3.825580 0.000002
v -6.172891 -3.579580 0.000002
v -3.004891 -4.233580 0.000002
v -3.004891 -4.479580 0.000002
v -4.420890 -4.479580 0.000002
v -4.420890 -4.233580 0.000002
v -3.004891 -3.579580 0.000001
v -3.004891 -3.825580 0.000002
v -4.420890 -3.825580 0.000002
v -4.420890 -3.579580 0.000002
v -1.252891 -4.233580 0.000001
v -1.252891 -4.479580 0.000001
v -2.668889 -4.479580 0.000002
v -2.668889 -4.233580 0.000001
v -1.252891 -3.579580 0.000001
v -1.252891 -3.825580 0.000001
v -2.668889 -3.825580 0.000001
v -2.668889 -3.579580 0.000001
v -0.136889 -3.042580 0.000001
v 1.024110 -3.042580 0.000001
v 1.024110 -5.088580 0.000001
v -0.163891 -5.088580 0.000001
v -0.163891 -4.824580 0.000001
v 0.730110 -4.824580 0.000001
v 0.730110 -4.188580 0.000001
v -0.106891 -4.188580 0.000001
v -0.106891 -3.924580 0.000001
v 0.730110 -3.924580 0.000001
v 0.730110 -3.306580 0.000001
v -0.136889 -3.306580 0.000001
v 1.405110 -3.183580 0.000001
v 1.473521 -3.155696 0.000001
v 1.539402 -3.130511 0.000001
v 1.602969 -3.107971 0.000001
v 1.664443 -3.088025 0.000001
v 1.724042 -3.070620 0.000001
v 1.781985 -3.055705 0.000001
v 1.838490 -3.043228 0.000001
v 1.893777 -3.033136 0.000001
v 1.948064 -3.025377 0.000001
v 2.001569 -3.019899 0.000001
v 2.054512 -3.016651 0.000001
v 2.107110 -3.015580 0.000001
v 2.265942 -3.024913 0.000001
v 2.416263 -3.052247 0.000001
v 2.557063 -3.096580 0.000001
v 2.687333 -3.156913 0.000001
v 2.806061 -3.232247 0.000001
v 2.912236 -3.321580 0.000001
v 3.004848 -3.423913 0.000001
v 3.082889 -3.538247 0.000001
v 3.145346 -3.663580 0.000001
v 3.191209 -3.798913 0.000001
v 3.219467 -3.943247 0.000001
v 3.229110 -4.095580 0.000001
v 3.222054 -4.205770 0.000001
v 3.200665 -4.320094 0.000001
v 3.164611 -4.435939 0.000001
v 3.113555 -4.550691 0.000001
v 3.047166 -4.661735 0.000001
v 2.965111 -4.766455 0.000001
v 2.867055 -4.862238 0.000001
v 2.752666 -4.946469 0.000001
v 2.621612 -5.016533 0.000001
v 2.473556 -5.069817 0.000001
v 2.308167 -5.103703 0.000001
v 2.125111 -5.115580 0.000001
v 2.046937 -5.114044 0.000001
v 1.972722 -5.109539 0.000001
v 1.902174 -5.102221 0.000001
v 1.835000 -5.092247 0.000001
v 1.770910 -5.079773 0.000001
v 1.709611 -5.064955 0.000001
v 1.650813 -5.047950 0.000001
v 1.594224 -5.028913 0.000001
v 1.539550 -5.008002 0.000001
v 1.486501 -4.985372 0.000001
v 1.434785 -4.961179 0.000001
v 1.384110 -4.935580 0.000001
v 1.384110 -4.614580 0.000001
v 1.442273 -4.650636 0.000001
v 1.501166 -4.683774 0.000001
v 1.560642 -4.713955 0.000001
v 1.620555 -4.741136 0.000001
v 1.680759 -4.765275 0.000001
v 1.741110 -4.786330 0.000001
v 1.801460 -4.804261 0.000001
v 1.861665 -4.819025 0.000001
v 1.921577 -4.830580 0.000001
v 1.981052 -4.838886 0.000001
v 2.039945 -4.843900 0.000001
v 2.098109 -4.845580 0.000001
v 2.217756 -4.839057 0.000001
v 2.330277 -4.819900 0.000001
v 2.435048 -4.788721 0.000001
v 2.531445 -4.746136 0.000001
v 2.618840 -4.692759 0.000001
v 2.696611 -4.629205 0.000001
v 2.764132 -4.556089 0.000001
v 2.820779 -4.474025 0.000001
v 2.865926 -4.383627 0.000001
v 2.898947 -4.285511 0.000001
v 2.919217 -4.180290 0.000001
v 2.926110 -4.068580 0.000001
v 2.918992 -3.958642 0.000001
v 2.898166 -3.854330 0.000001
v 2.864423 -3.756392 0.000001
v 2.818555 -3.665580 0.000001
v 2.761353 -3.582643 0.000001
v 2.693610 -3.508330 0.000001
v 2.616117 -3.443392 0.000001
v 2.529665 -3.388580 0.000001
v 2.435046 -3.344642 0.000001
v 2.333055 -3.312330 0.000001
v 2.224479 -3.292392 0.000001
v 2.110110 -3.285580 0.000001
v 2.051265 -3.286964 0.000001
v 1.993096 -3.291149 0.000001
v 1.935407 -3.298189 0.000001
v 1.877998 -3.308136 0.000001
v 1.820674 -3.321040 0.000001
v 1.763234 -3.336955 0.000001
v 1.705483 -3.355932 0.000001
v 1.647222 -3.378024 0.000001
v 1.588251 -3.403283 0.000001
v 1.528375 -3.431760 0.000001
v 1.467393 -3.463509 0.000001
v 1.405110 -3.498580 0.000001
v 4.288111 -3.030580 0.000001
v 4.495111 -3.030580 0.000001
v 5.374110 -5.088580 0.000001
v 5.074111 -5.088580 0.000001
v 4.816110 -4.485580 0.000001
v 3.946111 -4.485580 0.000001
v 3.673110 -5.088580 0.000001
v 3.373111 -5.088580 0.000001
v 4.396111 -3.480580 0.000001
v 4.066110 -4.221580 0.000001
v 4.702110 -4.221580 0.000001
v 6.694111 -3.042580 0.000001
v 6.694111 -5.088580 0.000001
v 6.400110 -5.088580 0.000001
v 6.400110 -4.203580 0.000001
v 6.094110 -4.203580 0.000001
v 5.980962 -4.198436 0.000001
v 5.878417 -4.183427 0.000001
v 5.786329 -4.159189 0.000001
v 5.704555 -4.126358 0.000001
v 5.632947 -4.085568 0.000001
v 5.571361 -4.037455 0.000001
v 5.519649 -3.982655 0.000001
v 5.477666 -3.921802 0.000001
v 5.445266 -3.855533 0.000001
v 5.422304 -3.784483 0.000001
v 5.408634 -3.709287 0.000001
v 5.404111 -3.630580 0.000001
v 5.408382 -3.550948 0.000001
v 5.421290 -3.474524 0.000001
v 5.442969 -3.402018 0.000001
v 5.473555 -3.334136 0.000001
v 5.513181 -3.271587 0.000001
v 5.561985 -3.215080 0.000001
v 5.620102 -3.165323 0.000001
v 5.687667 -3.123024 0.000001
v 5.764813 -3.088892 0.000001
v 5.851680 -3.063636 0.000001
v 5.948400 -3.047962 0.000001
v 6.055110 -3.042580 0.000001
v 6.400110 -3.306580 0.000001
v 6.055110 -3.306580 0.000001
v 5.992174 -3.309854 0.000001
v 5.936624 -3.319274 0.000001
v 5.888095 -3.334236 0.000001
v 5.846221 -3.354136 0.000001
v 5.810639 -3.378368 0.000001
v 5.780985 -3.406330 0.000001
v 5.756893 -3.437417 0.000001
v 5.737999 -3.471025 0.000001
v 5.723939 -3.506549 0.000001
v 5.714346 -3.543386 0.000001
v 5.708858 -3.580931 0.000001
v 5.707110 -3.618580 0.000001
v 5.710011 -3.667750 0.000001
v 5.718569 -3.713191 0.000001
v 5.732564 -3.754799 0.000001
v 5.751777 -3.792469 0.000001
v 5.775990 -3.826097 0.000001
v 5.804986 -3.855580 0.000001
v 5.838542 -3.880813 0.000001
v 5.876443 -3.901691 0.000001
v 5.918469 -3.918111 0.000001
v 5.964402 -3.929969 0.000001
v 6.014021 -3.937160 0.000001
v 6.067110 -3.939580 0.000001
v 6.400110 -3.939580 0.000001
v 7.081110 -3.159580 0.000001
v 7.117353 -3.136580 0.000001
v 7.154055 -3.115580 0.000001
v 7.191173 -3.096580 0.000001
v 7.228665 -3.079580 0.000001
v 7.266492 -3.064580 0.000001
v 7.304610 -3.051580 0.000001
v 7.342978 -3.040580 0.000001
v 7.381555 -3.031580 0.000001
v 7.420298 -3.024580 0.000001
v 7.459166 -3.019580 0.000001
v 7.498117 -3.016580 0.000001
v 7.537110 -3.015580 0.000001
v 7.628105 -3.019964 0.000001
v 7.713319 -3.032899 0.000001
v 7.792344 -3.054064 0.000001
v 7.864777 -3.083136 0.000001
v 7.930209 -3.119790 0.000001
v 7.988235 -3.163705 0.000001
v 8.038448 -3.214557 0.000001
v 8.080443 -3.272024 0.000001
v 8.113813 -3.335783 0.000001
v 8.138152 -3.405510 0.000001
v 8.153053 -3.480884 0.000001
v 8.158111 -3.561580 0.000001
v 8.140697 -3.691657 0.000001
v 8.092555 -3.803441 0.000001
v 8.019829 -3.900018 0.000001
v 7.928666 -3.984469 0.000001
v 7.825212 -4.059879 0.000001
v 7.715611 -4.129330 0.000001
v 7.606010 -4.195907 0.000001
v 7.502556 -4.262691 0.000001
v 7.411393 -4.332768 0.000001
v 7.338667 -4.409219 0.000001
v 7.290524 -4.495129 0.000001
v 7.273110 -4.593580 0.000001
v 7.275308 -4.622604 0.000001
v 7.281943 -4.652275 0.000001
v 7.293078 -4.681986 0.000001
v 7.308776 -4.711136 0.000001
v 7.329100 -4.739119 0.000001
v 7.354110 -4.765330 0.000001
v 7.383870 -4.789167 0.000001
v 7.418443 -4.810025 0.000001
v 7.457891 -4.827299 0.000001
v 7.502276 -4.840386 0.000001
v 7.551661 -4.848681 0.000001
v 7.606111 -4.851580 0.000001
v 7.656095 -4.849403 0.000001
v 7.705485 -4.842914 0.000001
v 7.754189 -4.832174 0.000001
v 7.802111 -4.817247 0.000001
v 7.849157 -4.798195 0.000001
v 7.895235 -4.775080 0.000001
v 7.940250 -4.747965 0.000001
v 7.984110 -4.716913 0.000001
v 8.026719 -4.681986 0.000001
v 8.067986 -4.643247 0.000001
v 8.107814 -4.600757 0.000001
v 8.146111 -4.554580 0.000001
v 8.146111 -4.926580 0.000001
v 8.103153 -4.957398 0.000001
v 8.059708 -4.985372 0.000001
v 8.015657 -5.010533 0.000001
v 7.970888 -5.032914 0.000001
v 7.925285 -5.052544 0.000001
v 7.878735 -5.069455 0.000001
v 7.831122 -5.083679 0.000001
v 7.782332 -5.095247 0.000001
v 7.732251 -5.104189 0.000001
v 7.680763 -5.110538 0.000001
v 7.627755 -5.114325 0.000001
v 7.573111 -5.115580 0.000001
v 7.492514 -5.110790 0.000001
v 7.416082 -5.096761 0.000001
v 7.344360 -5.074002 0.000001
v 7.277888 -5.043025 0.000001
v 7.217207 -5.004339 0.000001
v 7.162860 -4.958455 0.000001
v 7.115388 -4.905884 0.000001
v 7.075332 -4.847136 0.000001
v 7.043235 -4.782721 0.000001
v 7.019638 -4.713150 0.000001
v 7.005082 -4.638933 0.000001
v 7.000110 -4.560580 0.000001
v 7.017523 -4.410906 0.000001
v 7.065665 -4.284941 0.000001
v 7.138391 -4.179018 0.000001
v 7.229554 -4.089469 0.000001
v 7.333009 -4.012629 0.000001
v 7.442609 -3.944830 0.000001
v 7.552210 -3.882407 0.000001
v 7.655664 -3.821691 0.000001
v 7.746828 -3.759018 0.000001
v 7.819553 -3.690719 0.000001
v 7.867696 -3.613129 0.000001
v 7.885110 -3.522580 0.000001
v 7.882344 -3.487549 0.000001
v 7.874235 -3.454580 0.000001
v 7.861063 -3.423861 0.000001
v 7.843110 -3.395580 0.000001
v 7.820656 -3.369924 0.000001
v 7.793984 -3.347080 0.000001
v 7.763375 -3.327236 0.000001
v 7.729109 -3.310580 0.000001
v 7.691469 -3.297299 0.000001
v 7.650734 -3.287580 0.000001
v 7.607187 -3.281611 0.000001
v 7.561110 -3.279580 0.000001
v 7.525999 -3.280620 0.000001
v 7.489721 -3.283899 0.000001
v 7.452360 -3.289658 0.000001
v 7.413999 -3.298136 0.000001
v 7.374721 -3.309571 0.000001
v 7.334610 -3.324205 0.000001
v 7.293749 -3.342276 0.000001
v 7.252221 -3.364024 0.000001
v 7.210110 -3.389689 0.000001
v 7.167499 -3.419510 0.000001
v 7.124471 -3.453727 0.000001
v 7.081110 -3.492580 0.000001
v 10.162111 -3.042580 0.000000
v 10.429111 -3.042580 0.000000
v 10.429111 -5.088580 0.000000
v 10.162111 -5.088580 0.000000
v 10.162111 -4.122580 0.000000
v 10.131266 -4.089123 0.000000
v 10.101597 -4.059177 0.000000
v 10.072907 -4.032627 0.000000
v 10.045000 -4.009358 0.000000
v 10.017675 -3.989255 0.000000
v 9.990736 -3.972205 0.000000
v 9.963984 -3.958092 0.000000
v 9.937222 -3.946802 0.000000
v 9.910252 -3.938221 0.000000
v 9.882875 -3.932233 0.000000
v 9.854895 -3.928724 0.000000
v 9.826111 -3.927580 0.000000
v 9.786884 -3.930233 0.000000
v 9.750305 -3.938052 0.000000
v 9.716516 -3.950830 0.000000
v 9.685665 -3.968358 0.000000
v 9.657898 -3.990427 0.000000
v 9.633360 -4.016830 0.000000
v 9.612197 -4.047358 0.000000
v 9.594554 -4.081802 0.000000
v 9.580578 -4.119955 0.000000
v 9.570415 -4.161608 0.000000
v 9.564211 -4.206553 0.000000
v 9.562111 -4.254580 0.000000
v 9.562111 -5.088580 0.000000
v 9.295111 -5.088580 0.000000
v 9.295111 -4.263580 0.000000
v 9.299101 -4.175262 0.000000
v 9.310778 -4.094789 0.000000
v 9.329704 -4.022127 0.000000
v 9.355444 -3.957247 0.000000
v 9.387558 -3.900116 0.000000
v 9.425611 -3.850705 0.000000
v 9.469162 -3.808981 0.000000
v 9.517776 -3.774913 0.000000
v 9.571016 -3.748471 0.000000
v 9.628444 -3.729621 0.000000
v 9.689621 -3.718335 0.000000
v 9.754110 -3.714580 0.000000
v 9.791583 -3.716130 0.000000
v 9.828888 -3.720733 0.000000
v 9.865861 -3.728314 0.000000
v 9.902333 -3.738802 0.000000
v 9.938139 -3.752123 0.000000
v 9.973110 -3.768205 0.000000
v 10.007083 -3.786974 0.000000
v 10.039888 -3.808358 0.000000
v 10.071361 -3.832283 0.000000
v 10.101334 -3.858677 0.000000
v 10.129639 -3.887467 0.000000
v 10.156111 -3.918580 0.000000
v 10.162111 -3.918580 0.000000
v 10.795111 -3.825580 0.000000
v 10.830116 -3.807641 0.000000
v 10.864653 -3.791316 0.000000
v 10.898751 -3.776596 0.000000
v 10.932445 -3.763469 0.000000
v 10.965762 -3.751925 0.000000
v 10.998735 -3.741955 0.000000
v 11.031397 -3.733547 0.000000
v 11.063778 -3.726691 0.000000
v 11.095908 -3.721377 0.000000
v 11.127819 -3.717594 0.000000
v 11.159544 -3.715332 0.000000
v 11.191111 -3.714580 0.000000
v 11.256565 -3.717427 0.000000
v 11.317749 -3.725858 0.000000
v 11.374392 -3.739705 0.000000
v 11.426222 -3.758802 0.000000
v 11.472969 -3.782983 0.000000
v 11.514360 -3.812080 0.000000
v 11.550128 -3.845927 0.000000
v 11.580000 -3.884358 0.000000
v 11.603704 -3.927205 0.000000
v 11.620972 -3.974302 0.000000
v 11.631531 -4.025483 0.000000
v 11.635111 -4.080580 0.000000
v 11.622715 -4.166033 0.000000
v 11.588444 -4.241705 0.000000
v 11.536673 -4.308815 0.000000
v 11.471777 -4.368580 0.000000
v 11.398131 -4.422221 0.000000
v 11.320110 -4.470955 0.000000
v 11.242090 -4.516002 0.000000
v 11.168444 -4.558580 0.000000
v 11.103548 -4.599908 0.000000
v 11.051777 -4.641205 0.000000
v 11.017506 -4.683690 0.000000
v 11.005111 -4.728580 0.000000
v 11.006944 -4.751643 0.000000
v 11.012278 -4.772830 0.000000
v 11.020861 -4.792143 0.000000
v 11.032444 -4.809580 0.000000
v 11.046778 -4.825143 0.000000
v 11.063610 -4.838830 0.000000
v 11.082694 -4.850643 0.000000
v 11.103777 -4.860580 0.000000
v 11.126611 -4.868643 0.000000
v 11.150944 -4.874830 0.000000
v 11.176527 -4.879143 0.000000
v 11.203111 -4.881580 0.000000
v 11.231153 -4.880389 0.000000
v 11.261194 -4.876802 0.000000
v 11.293111 -4.870799 0.000000
v 11.326777 -4.862358 0.000000
v 11.362069 -4.851459 0.000000
v 11.398861 -4.838080 0.000000
v 11.437027 -4.822202 0.000000
v 11.476444 -4.803802 0.000000
v 11.516986 -4.782861 0.000000
v 11.558528 -4.759358 0.000000
v 11.600945 -4.733271 0.000000
v 11.644111 -4.704580 0.000000
v 11.644111 -4.992580 0.000000
v 11.601501 -5.013906 0.000000
v 11.560486 -5.032941 0.000000
v 11.520782 -5.049767 0.000000
v 11.482111 -5.064469 0.000000
v 11.444189 -5.077129 0.000000
v 11.406736 -5.087830 0.000000
v 11.369471 -5.096656 0.000000
v 11.332111 -5.103691 0.000000
v 11.294376 -5.109017 0.000000
v 11.255986 -5.112719 0.000000
v 11.216658 -5.114879 0.000000
v 11.176110 -5.115580 0.000000
v 11.113807 -5.112315 0.000000
v 11.054680 -5.102705 0.000000
v 10.999158 -5.087033 0.000000
v 10.947666 -5.065580 0.000000
v 10.900633 -5.038627 0.000000
v 10.858486 -5.006455 0.000000
v 10.821651 -4.969346 0.000000
v 10.790556 -4.927580 0.000000
v 10.765627 -4.881440 0.000000
v 10.747292 -4.831205 0.000000
v 10.735977 -4.777158 0.000000
v 10.732111 -4.719580 0.000000
v 10.733833 -4.685960 0.000000
v 10.739138 -4.653872 0.000000
v 10.748236 -4.622971 0.000000
v 10.761333 -4.592914 0.000000
v 10.778639 -4.563356 0.000000
v 10.800361 -4.533955 0.000000
v 10.826708 -4.504366 0.000000
v 10.857888 -4.474247 0.000000
v 10.894111 -4.443252 0.000000
v 10.935583 -4.411038 0.000000
v 10.982513 -4.377263 0.000000
v 11.035110 -4.341580 0.000000
v 11.091331 -4.308424 0.000000
v 11.141624 -4.277830 0.000000
v 11.186190 -4.249611 0.000000
v 11.225222 -4.223580 0.000000
v 11.258922 -4.199549 0.000000
v 11.287486 -4.177330 0.000000
v 11.311112 -4.156736 0.000000
v 11.330000 -4.137580 0.000000
v 11.344345 -4.119674 0.000000
v 11.354347 -4.102830 0.000000
v 11.360203 -4.086862 0.000000
v 11.362110 -4.071580 0.000000
v 11.360691 -4.054035 0.000000
v 11.356500 -4.037469 0.000000
v 11.349642 -4.021986 0.000000
v 11.340221 -4.007691 0.000000
v 11.328342 -3.994688 0.000000
v 11.314111 -3.983080 0.000000
v 11.297628 -3.972973 0.000000
v 11.278999 -3.964469 0.000000
v 11.258329 -3.957674 0.000000
v 11.235722 -3.952691 0.000000
v 11.211281 -3.949625 0.000000
v 11.185110 -3.948580 0.000000
v 11.159505 -3.949464 0.000000
v 11.132263 -3.952149 0.000000
v 11.103501 -3.956689 0.000000
v 11.073333 -3.963136 0.000000
v 11.041873 -3.971540 0.000000
v 11.009235 -3.981955 0.000000
v 10.975536 -3.994432 0.000000
v 10.940888 -4.009025 0.000000
v 10.905407 -4.025784 0.000000
v 10.869207 -4.044761 0.000000
v 10.832403 -4.066009 0.000000
v 10.795111 -4.089580 0.000000
v 11.956110 -5.088580 0.000000
v 11.956110 -3.741580 0.000000
v 12.223110 -3.741580 0.000000
v 12.223110 -4.704580 0.000000
v 12.245411 -4.734138 0.000000
v 12.268764 -4.761289 0.000000
v 12.293095 -4.786002 0.000000
v 12.318333 -4.808247 0.000000
v 12.344404 -4.827991 0.000000
v 12.371235 -4.845205 0.000000
v 12.398754 -4.859856 0.000000
v 12.426888 -4.871913 0.000000
v 12.455564 -4.881346 0.000000
v 12.484708 -4.888122 0.000000
v 12.514248 -4.892210 0.000000
v 12.544110 -4.893580 0.000000
v 12.587984 -4.891346 0.000000
v 12.628097 -4.884705 0.000000
v 12.664438 -4.873752 0.000000
v 12.696999 -4.858580 0.000000
v 12.725768 -4.839283 0.000000
v 12.750735 -4.815955 0.000000
v 12.771890 -4.788690 0.000000
v 12.789221 -4.757580 0.000000
v 12.802720 -4.722721 0.000000
v 12.812374 -4.684205 0.000000
v 12.818174 -4.642127 0.000000
v 12.820110 -4.596580 0.000000
v 12.820110 -3.741580 0.000000
v 13.087111 -3.741580 0.000000
v 13.087111 -4.578580 0.000000
v 13.083175 -4.660990 0.000000
v 13.071625 -4.737108 0.000000
v 13.052845 -4.806767 0.000000
v 13.027222 -4.869802 0.000000
v 12.995140 -4.926045 0.000000
v 12.956985 -4.975330 0.000000
v 12.913143 -5.017490 0.000000
v 12.863999 -5.052358 0.000000
v 12.809938 -5.079768 0.000000
v 12.751347 -5.099552 0.000000
v 12.688609 -5.111545 0.000000
v 12.622110 -5.115580 0.000000
v 12.588651 -5.113976 0.000000
v 12.554430 -5.109247 0.000000
v 12.519689 -5.101518 0.000000
v 12.484666 -5.090913 0.000000
v 12.449602 -5.077559 0.000000
v 12.414735 -5.061580 0.000000
v 12.380306 -5.043101 0.000000
v 12.346555 -5.022247 0.000000
v 12.313720 -4.999143 0.000000
v 12.282041 -4.973914 0.000000
v 12.251758 -4.946684 0.000000
v 12.223110 -4.917580 0.000000
v 12.223110 -5.088580 0.000000
v 14.587111 -3.042580 -0.000000
v 14.587111 -5.088580 0.000000
v 14.293111 -5.088580 0.000000
v 14.293111 -4.203580 0.000000
v 13.987110 -4.203580 0.000000
v 13.873961 -4.198436 0.000000
v 13.771416 -4.183427 0.000000
v 13.679329 -4.159189 0.000000
v 13.597555 -4.126358 0.000000
v 13.525948 -4.085568 0.000000
v 13.464360 -4.037455 0.000000
v 13.412649 -3.982655 0.000000
v 13.370667 -3.921802 0.000000
v 13.338267 -3.855533 0.000000
v 13.315306 -3.784483 0.000000
v 13.301635 -3.709287 0.000000
v 13.297111 -3.630580 0.000000
v 13.301383 -3.550948 0.000000
v 13.314291 -3.474524 0.000000
v 13.335970 -3.402018 0.000000
v 13.366555 -3.334136 0.000000
v 13.406181 -3.271587 0.000000
v 13.454986 -3.215080 0.000000
v 13.513102 -3.165323 0.000000
v 13.580666 -3.123024 0.000000
v 13.657814 -3.088892 0.000000
v 13.744679 -3.063636 0.000000
v 13.841400 -3.047962 -0.000000
v 13.948111 -3.042580 -0.000000
v 14.293111 -3.306580 -0.000000
v 13.948111 -3.306580 -0.000000
v 13.885175 -3.309854 0.000000
v 13.829624 -3.319274 0.000000
v 13.781095 -3.334236 0.000000
v 13.739222 -3.354136 0.000000
v 13.703640 -3.378368 0.000000
v 13.673985 -3.406330 0.000000
v 13.649894 -3.437417 0.000000
v 13.631000 -3.471025 0.000000
v 13.616939 -3.506549 0.000000
v 13.607347 -3.543386 0.000000
v 13.601859 -3.580931 0.000000
v 13.600111 -3.618580 0.000000
v 13.603012 -3.667750 0.000000
v 13.611568 -3.713191 0.000000
v 13.625564 -3.754799 0.000000
v 13.644777 -3.792469 0.000000
v 13.668991 -3.826097 0.000000
v 13.697986 -3.855580 0.000000
v 13.731543 -3.880813 0.000000
v 13.769444 -3.901691 0.000000
v 13.811470 -3.918111 0.000000
v 13.857402 -3.929969 0.000000
v 13.907022 -3.937160 0.000000
v 13.960111 -3.939580 0.000000
v 14.293111 -3.939580 -0.000000
vn -0.0000 -0.0000 -1.0000
vt 0.181818 0.000000
vt 0.909091 0.000000
vt 0.090909 0.000000
vt 0.000000 0.000000
vt 1.000000 0.000000
vt 0.818182 0.000000
vt 0.545455 0.000000
vt 0.727273 0.000000
vt 0.636364 0.000000
vt 0.454545 0.000000
vt 0.363636 0.000000
vt 0.272727 0.000000
vt 0.400000 0.000000
vt 0.200000 0.000000
vt 0.800000 0.000000
vt 0.600000 0.000000
vt 0.285714 0.000000
vt 0.142857 0.000000
vt 0.428571 0.000000
vt 0.571429 0.000000
vt 0.857143 0.000000
vt 0.714286 0.000000
vt 0.666667 0.000000
vt 0.333333 0.000000
vt 0.500000 0.000000
vt 0.166667 0.000000
vt 0.833333 0.000000
vt 0.134021 0.000000
vt 0.113402 0.000000
vt 0.123711 0.000000
vt 0.103093 0.000000
vt 0.092784 0.000000
vt 0.144330 0.000000
vt 0.082474 0.000000
vt 0.072165 0.000000
vt 0.061856 0.000000
vt 0.154639 0.000000
vt 0.051546 0.000000
vt 0.041237 0.000000
vt 0.030928 0.000000
vt 0.164948 0.000000
vt 0.020619 0.000000
vt 0.010309 0.000000
vt 0.175258 0.000000
vt 0.896907 0.000000
vt 0.907216 0.000000
vt 0.917526 0.000000
vt 0.927835 0.000000
vt 0.938144 0.000000
vt 0.948454 0.000000
vt 0.958763 0.000000
vt 0.969072 0.000000
vt 0.979381 0.000000
vt 0.989691 0.000000
vt 0.185567 0.000000
vt 0.876289 0.000000
vt 0.886598 0.000000
vt 0.865979 0.000000
vt 0.855670 0.000000
vt 0.845361 0.000000
vt 0.195876 0.000000
vt 0.835052 0.000000
vt 0.824742 0.000000
vt 0.206186 0.000000
vt 0.814433 0.000000
vt 0.804124 0.000000
vt 0.216495 0.000000
vt 0.793814 0.000000
vt 0.226804 0.000000
vt 0.783505 0.000000
vt 0.773196 0.000000
vt 0.237113 0.000000
vt 0.762887 0.000000
vt 0.247423 0.000000
vt 0.752577 0.000000
vt 0.742268 0.000000
vt 0.257732 0.000000
vt 0.731959 0.000000
vt 0.268041 0.000000
vt 0.721649 0.000000
vt 0.278351 0.000000
vt 0.711340 0.000000
vt 0.288660 0.000000
vt 0.701031 0.000000
vt 0.298969 0.000000
vt 0.690722 0.000000
vt 0.515464 0.000000
vt 0.494845 0.000000
vt 0.505155 0.000000
vt 0.680412 0.000000
vt 0.525773 0.000000
vt 0.309278 0.000000
vt 0.536082 0.000000
vt 0.670103 0.000000
vt 0.546392 0.000000
vt 0.556701 0.000000
vt 0.659794 0.000000
vt 0.567010 0.000000
vt 0.319588 0.000000
vt 0.577320 0.000000
vt 0.649485 0.000000
vt 0.587629 0.000000
vt 0.597938 0.000000
vt 0.639175 0.000000
vt 0.608247 0.000000
vt 0.618557 0.000000
vt 0.628866 0.000000
vt 0.329897 0.000000
vt 0.484536 0.000000
vt 0.340206 0.000000
vt 0.474227 0.000000
vt 0.463918 0.000000
vt 0.453608 0.000000
vt 0.350515 0.000000
vt 0.443299 0.000000
vt 0.432990 0.000000
vt 0.422680 0.000000
vt 0.360825 0.000000
vt 0.412371 0.000000
vt 0.402062 0.000000
vt 0.391753 0.000000
vt 0.371134 0.000000
vt 0.381443 0.000000
vt 0.100000 0.000000
vt 0.700000 0.000000
vt 0.900000 0.000000
vt 0.300000 0.000000
vt 0.018182 0.000000
vt 0.527273 0.000000
vt 0.509091 0.000000
vt 0.490909 0.000000
vt 0.472727 0.000000
vt 0.436364 0.000000
vt 0.418182 0.000000
vt 0.381818 0.000000
vt 0.563636 0.000000
vt 0.581818 0.000000
vt 0.345455 0.000000
vt 0.618182 0.000000
vt 0.654545 0.000000
vt 0.327273 0.000000
vt 0.672727 0.000000
vt 0.690909 0.000000
vt 0.709091 0.000000
vt 0.309091 0.000000
vt 0.745455 0.000000
vt 0.290909 0.000000
vt 0.763636 0.000000
vt 0.781818 0.000000
vt 0.254545 0.000000
vt 0.836364 0.000000
vt 0.236364 0.000000
vt 0.854545 0.000000
vt 0.872727 0.000000
vt 0.218182 0.000000
vt 0.890909 0.000000
vt 0.927273 0.000000
vt 0.945455 0.000000
vt 0.963636 0.000000
vt 0.981818 0.000000
vt 0.054545 0.000000
vt 0.163636 0.000000
vt 0.145455 0.000000
vt 0.127273 0.000000
vt 0.109091 0.000000
vt 0.072727 0.000000
vt 0.036364 0.000000
vt 0.107438 0.000000
vt 0.099174 0.000000
vt 0.082645 0.000000
vt 0.074380 0.000000
vt 0.115702 0.000000
vt 0.066116 0.000000
vt 0.057851 0.000000
vt 0.123967 0.000000
vt 0.049587 0.000000
vt 0.041322 0.000000
vt 0.132231 0.000000
vt 0.033058 0.000000
vt 0.024793 0.000000
vt 0.140496 0.000000
vt 0.016529 0.000000
vt 0.008264 0.000000
vt 0.148760 0.000000
vt 0.933884 0.000000
vt 0.942149 0.000000
vt 0.950413 0.000000
vt 0.958678 0.000000
vt 0.966942 0.000000
vt 0.975207 0.000000
vt 0.983471 0.000000
vt 0.991736 0.000000
vt 0.157025 0.000000
vt 0.917355 0.000000
vt 0.925620 0.000000
vt 0.165289 0.000000
vt 0.900826 0.000000
vt 0.173554 0.000000
vt 0.892562 0.000000
vt 0.884298 0.000000
vt 0.876033 0.000000
vt 0.867769 0.000000
vt 0.859504 0.000000
vt 0.851240 0.000000
vt 0.842975 0.000000
vt 0.834711 0.000000
vt 0.826446 0.000000
vt 0.190083 0.000000
vt 0.809917 0.000000
vt 0.198347 0.000000
vt 0.801653 0.000000
vt 0.793388 0.000000
vt 0.206612 0.000000
vt 0.785124 0.000000
vt 0.776860 0.000000
vt 0.214876 0.000000
vt 0.768595 0.000000
vt 0.223140 0.000000
vt 0.760331 0.000000
vt 0.752066 0.000000
vt 0.231405 0.000000
vt 0.743802 0.000000
vt 0.239669 0.000000
vt 0.735537 0.000000
vt 0.247934 0.000000
vt 0.256198 0.000000
vt 0.719008 0.000000
vt 0.264463 0.000000
vt 0.710744 0.000000
vt 0.280992 0.000000
vt 0.289256 0.000000
vt 0.702479 0.000000
vt 0.297521 0.000000
vt 0.504132 0.000000
vt 0.487603 0.000000
vt 0.495868 0.000000
vt 0.694215 0.000000
vt 0.305785 0.000000
vt 0.479339 0.000000
vt 0.314050 0.000000
vt 0.685950 0.000000
vt 0.471074 0.000000
vt 0.322314 0.000000
vt 0.462810 0.000000
vt 0.330579 0.000000
vt 0.338843 0.000000
vt 0.677686 0.000000
vt 0.347107 0.000000
vt 0.446281 0.000000
vt 0.355372 0.000000
vt 0.438017 0.000000
vt 0.669421 0.000000
vt 0.429752 0.000000
vt 0.371901 0.000000
vt 0.421488 0.000000
vt 0.380165 0.000000
vt 0.413223 0.000000
vt 0.388430 0.000000
vt 0.404959 0.000000
vt 0.661157 0.000000
vt 0.396694 0.000000
vt 0.652893 0.000000
vt 0.512397 0.000000
vt 0.520661 0.000000
vt 0.644628 0.000000
vt 0.528926 0.000000
vt 0.537190 0.000000
vt 0.628099 0.000000
vt 0.553719 0.000000
vt 0.561983 0.000000
vt 0.619835 0.000000
vt 0.570248 0.000000
vt 0.578512 0.000000
vt 0.611570 0.000000
vt 0.586777 0.000000
vt 0.595041 0.000000
vt 0.603306 0.000000
vt 0.035714 0.000000
vt 0.017857 0.000000
vt 0.785714 0.000000
vt 0.750000 0.000000
vt 0.767857 0.000000
vt 0.803571 0.000000
vt 0.732143 0.000000
vt 0.821429 0.000000
vt 0.839286 0.000000
vt 0.696429 0.000000
vt 0.875000 0.000000
vt 0.892857 0.000000
vt 0.678571 0.000000
vt 0.910714 0.000000
vt 0.928571 0.000000
vt 0.660714 0.000000
vt 0.946429 0.000000
vt 0.642857 0.000000
vt 0.964286 0.000000
vt 0.982143 0.000000
vt 0.625000 0.000000
vt 0.071429 0.000000
vt 0.089286 0.000000
vt 0.107143 0.000000
vt 0.125000 0.000000
vt 0.160714 0.000000
vt 0.178571 0.000000
vt 0.196429 0.000000
vt 0.214286 0.000000
vt 0.232143 0.000000
vt 0.250000 0.000000
vt 0.267857 0.000000
vt 0.303571 0.000000
vt 0.321429 0.000000
vt 0.339286 0.000000
vt 0.357143 0.000000
vt 0.607143 0.000000
vt 0.375000 0.000000
vt 0.392857 0.000000
vt 0.410714 0.000000
vt 0.589286 0.000000
vt 0.446429 0.000000
vt 0.464286 0.000000
vt 0.053571 0.000000
vt 0.482143 0.000000
vt 0.553571 0.000000
vt 0.517857 0.000000
vt 0.535714 0.000000
vt 0.097744 0.000000
vt 0.082707 0.000000
vt 0.090226 0.000000
vt 0.075188 0.000000
vt 0.105263 0.000000
vt 0.067669 0.000000
vt 0.060150 0.000000
vt 0.112782 0.000000
vt 0.052632 0.000000
vt 0.045113 0.000000
vt 0.120301 0.000000
vt 0.037594 0.000000
vt 0.030075 0.000000
vt 0.127820 0.000000
vt 0.022556 0.000000
vt 0.015038 0.000000
vt 0.135338 0.000000
vt 0.007519 0.000000
vt 0.939850 0.000000
vt 0.947368 0.000000
vt 0.954887 0.000000
vt 0.962406 0.000000
vt 0.969925 0.000000
vt 0.977444 0.000000
vt 0.984962 0.000000
vt 0.992481 0.000000
vt 0.150376 0.000000
vt 0.924812 0.000000
vt 0.932331 0.000000
vt 0.157895 0.000000
vt 0.917293 0.000000
vt 0.165414 0.000000
vt 0.902256 0.000000
vt 0.909774 0.000000
vt 0.894737 0.000000
vt 0.887218 0.000000
vt 0.879699 0.000000
vt 0.872180 0.000000
vt 0.864662 0.000000
vt 0.172932 0.000000
vt 0.849624 0.000000
vt 0.842105 0.000000
vt 0.834586 0.000000
vt 0.180451 0.000000
vt 0.827068 0.000000
vt 0.819549 0.000000
vt 0.812030 0.000000
vt 0.187970 0.000000
vt 0.804511 0.000000
vt 0.796992 0.000000
vt 0.789474 0.000000
vt 0.781955 0.000000
vt 0.774436 0.000000
vt 0.195489 0.000000
vt 0.766917 0.000000
vt 0.759399 0.000000
vt 0.751880 0.000000
vt 0.203008 0.000000
vt 0.744361 0.000000
vt 0.736842 0.000000
vt 0.729323 0.000000
vt 0.210526 0.000000
vt 0.721804 0.000000
vt 0.218045 0.000000
vt 0.706767 0.000000
vt 0.225564 0.000000
vt 0.699248 0.000000
vt 0.233083 0.000000
vt 0.691729 0.000000
vt 0.684211 0.000000
vt 0.240602 0.000000
vt 0.676692 0.000000
vt 0.248120 0.000000
vt 0.669173 0.000000
vt 0.661654 0.000000
vt 0.255639 0.000000
vt 0.654135 0.000000
vt 0.263158 0.000000
vt 0.646617 0.000000
vt 0.270677 0.000000
vt 0.639098 0.000000
vt 0.458647 0.000000
vt 0.443609 0.000000
vt 0.451128 0.000000
vt 0.631579 0.000000
vt 0.278196 0.000000
vt 0.436090 0.000000
vt 0.293233 0.000000
vt 0.624060 0.000000
vt 0.421053 0.000000
vt 0.300752 0.000000
vt 0.413534 0.000000
vt 0.308271 0.000000
vt 0.406015 0.000000
vt 0.315789 0.000000
vt 0.616541 0.000000
vt 0.398496 0.000000
vt 0.323308 0.000000
vt 0.330827 0.000000
vt 0.390977 0.000000
vt 0.338346 0.000000
vt 0.383459 0.000000
vt 0.345865 0.000000
vt 0.375940 0.000000
vt 0.353383 0.000000
vt 0.368421 0.000000
vt 0.360902 0.000000
vt 0.609023 0.000000
vt 0.601504 0.000000
vt 0.593985 0.000000
vt 0.466165 0.000000
vt 0.586466 0.000000
vt 0.473684 0.000000
vt 0.481203 0.000000
vt 0.578947 0.000000
vt 0.488722 0.000000
vt 0.496241 0.000000
vt 0.503759 0.000000
vt 0.563910 0.000000
vt 0.511278 0.000000
vt 0.518797 0.000000
vt 0.556391 0.000000
vt 0.526316 0.000000
vt 0.533835 0.000000
vt 0.548872 0.000000
vt 0.541353 0.000000
s 0
usemtl マテリアル.001
f 569/443/288 577/444/288 568/445/288
f 577/444/288 567/446/288 568/445/288
f 577/444/288 578/447/288 567/446/288
f 569/443/288 576/448/288 577/444/288
f 569/443/288 573/449/288 576/448/288
f 573/449/288 575/450/288 576/448/288
f 573/449/288 574/451/288 575/450/288
f 569/443/288 572/452/288 573/449/288
f 569/443/288 571/453/288 572/452/288
f 569/443/288 570/454/288 571/453/288
f 581/455/288 579/446/288 580/456/288
f 581/455/288 584/447/288 579/446/288
f 581/455/288 583/457/288 584/447/288
f 581/455/288 582/458/288 583/457/288
f 587/459/288 585/446/288 586/460/288
f 587/459/288 592/447/288 585/446/288
f 588/461/288 592/447/288 587/459/288
f 589/462/288 591/463/288 588/461/288
f 591/463/288 592/447/288 588/461/288
f 589/462/288 590/464/288 591/463/288
f 595/465/288 593/446/288 594/466/288
f 595/465/288 596/447/288 593/446/288
f 599/459/288 597/446/288 598/460/288
f 599/459/288 604/447/288 597/446/288
f 600/461/288 604/447/288 599/459/288
f 601/462/288 603/463/288 600/461/288
f 603/463/288 604/447/288 600/461/288
f 601/462/288 602/464/288 603/463/288
f 608/467/288 606/468/288 607/466/288
f 609/465/288 606/468/288 608/467/288
f 609/465/288 605/446/288 606/468/288
f 610/469/288 605/446/288 609/465/288
f 610/469/288 611/447/288 605/446/288
f 617/464/288 619/447/288 616/462/288
f 617/464/288 618/463/288 619/447/288
f 613/460/288 615/461/288 612/446/288
f 613/460/288 614/459/288 615/461/288
f 625/464/288 627/447/288 624/462/288
f 625/464/288 626/463/288 627/447/288
f 621/460/288 623/461/288 620/446/288
f 621/460/288 622/459/288 623/461/288
f 633/464/288 635/447/288 632/462/288
f 633/464/288 634/463/288 635/447/288
f 629/460/288 631/461/288 628/446/288
f 629/460/288 630/459/288 631/461/288
f 638/443/288 646/444/288 637/445/288
f 646/444/288 636/446/288 637/445/288
f 646/444/288 647/447/288 636/446/288
f 638/443/288 645/448/288 646/444/288
f 638/443/288 642/449/288 645/448/288
f 642/449/288 644/450/288 645/448/288
f 642/449/288 643/451/288 644/450/288
f 638/443/288 641/452/288 642/449/288
f 638/443/288 640/453/288 641/452/288
f 638/443/288 639/454/288 640/453/288
f 661/470/288 659/471/288 660/472/288
f 661/470/288 658/473/288 659/471/288
f 661/470/288 657/474/288 658/473/288
f 662/475/288 657/474/288 661/470/288
f 662/475/288 656/476/288 657/474/288
f 662/475/288 655/477/288 656/476/288
f 662/475/288 654/478/288 655/477/288
f 663/479/288 654/478/288 662/475/288
f 663/479/288 653/480/288 654/478/288
f 663/479/288 652/481/288 653/480/288
f 663/479/288 651/482/288 652/481/288
f 664/483/288 651/482/288 663/479/288
f 664/483/288 650/484/288 651/482/288
f 664/483/288 649/485/288 650/484/288
f 664/483/288 648/446/288 649/485/288
f 665/486/288 648/446/288 664/483/288
f 665/486/288 735/487/288 648/446/288
f 735/487/288 736/488/288 648/446/288
f 736/488/288 737/489/288 648/446/288
f 737/489/288 738/490/288 648/446/288
f 738/490/288 739/491/288 648/446/288
f 739/491/288 740/492/288 648/446/288
f 740/492/288 741/493/288 648/446/288
f 741/493/288 742/494/288 648/446/288
f 742/494/288 743/495/288 648/446/288
f 743/495/288 744/496/288 648/446/288
f 744/496/288 745/447/288 648/446/288
f 666/497/288 733/498/288 665/486/288
f 733/498/288 734/499/288 665/486/288
f 734/499/288 735/487/288 665/486/288
f 666/497/288 732/500/288 733/498/288
f 666/497/288 731/501/288 732/500/288
f 666/497/288 730/502/288 731/501/288
f 667/503/288 730/502/288 666/497/288
f 667/503/288 729/504/288 730/502/288
f 667/503/288 728/505/288 729/504/288
f 668/506/288 728/505/288 667/503/288
f 668/506/288 727/507/288 728/505/288
f 668/506/288 726/508/288 727/507/288
f 669/509/288 726/508/288 668/506/288
f 669/509/288 725/510/288 726/508/288
f 670/511/288 725/510/288 669/509/288
f 670/511/288 724/512/288 725/510/288
f 670/511/288 723/513/288 724/512/288
f 671/514/288 723/513/288 670/511/288
f 671/514/288 722/515/288 723/513/288
f 672/516/288 722/515/288 671/514/288
f 672/516/288 721/517/288 722/515/288
f 672/516/288 720/518/288 721/517/288
f 673/519/288 720/518/288 672/516/288
f 673/519/288 719/520/288 720/518/288
f 674/521/288 719/520/288 673/519/288
f 674/521/288 718/522/288 719/520/288
f 675/523/288 718/522/288 674/521/288
f 675/523/288 717/524/288 718/522/288
f 676/525/288 717/524/288 675/523/288
f 676/525/288 716/526/288 717/524/288
f 677/527/288 716/526/288 676/525/288
f 677/527/288 715/528/288 716/526/288
f 698/529/288 696/530/288 697/531/288
f 677/527/288 714/532/288 715/528/288
f 699/533/288 696/530/288 698/529/288
f 678/534/288 714/532/288 677/527/288
f 700/535/288 696/530/288 699/533/288
f 678/534/288 713/536/288 714/532/288
f 701/537/288 696/530/288 700/535/288
f 702/538/288 696/530/288 701/537/288
f 678/534/288 712/539/288 713/536/288
f 703/540/288 696/530/288 702/538/288
f 679/541/288 712/539/288 678/534/288
f 704/542/288 696/530/288 703/540/288
f 679/541/288 711/543/288 712/539/288
f 705/544/288 696/530/288 704/542/288
f 706/545/288 696/530/288 705/544/288
f 679/541/288 710/546/288 711/543/288
f 707/547/288 696/530/288 706/545/288
f 708/548/288 696/530/288 707/547/288
f 679/541/288 709/549/288 710/546/288
f 709/549/288 696/530/288 708/548/288
f 679/541/288 696/530/288 709/549/288
f 680/550/288 696/530/288 679/541/288
f 680/550/288 695/551/288 696/530/288
f 681/552/288 695/551/288 680/550/288
f 681/552/288 694/553/288 695/551/288
f 681/552/288 693/554/288 694/553/288
f 681/552/288 692/555/288 693/554/288
f 682/556/288 692/555/288 681/552/288
f 682/556/288 691/557/288 692/555/288
f 682/556/288 690/558/288 691/557/288
f 682/556/288 689/559/288 690/558/288
f 683/560/288 689/559/288 682/556/288
f 683/560/288 688/561/288 689/559/288
f 683/560/288 687/562/288 688/561/288
f 683/560/288 686/563/288 687/562/288
f 684/564/288 686/563/288 683/560/288
f 684/564/288 685/565/288 686/563/288
f 748/456/288 746/446/288 747/566/288
f 748/456/288 754/457/288 746/446/288
f 754/457/288 753/567/288 746/446/288
f 748/456/288 756/447/288 754/457/288
f 755/568/288 753/567/288 754/457/288
f 748/456/288 750/455/288 756/447/288
f 750/455/288 755/568/288 756/447/288
f 750/455/288 751/467/288 755/568/288
f 751/467/288 753/567/288 755/568/288
f 748/456/288 749/569/288 750/455/288
f 752/458/288 753/567/288 751/467/288
f 758/570/288 786/571/288 757/446/288
f 786/571/288 785/572/288 757/446/288
f 786/571/288 784/573/288 785/572/288
f 786/571/288 783/574/288 784/573/288
f 786/571/288 782/452/288 783/574/288
f 786/571/288 781/575/288 782/452/288
f 786/571/288 780/576/288 781/575/288
f 786/571/288 779/455/288 780/576/288
f 786/571/288 778/577/288 779/455/288
f 786/571/288 787/449/288 778/577/288
f 787/449/288 777/453/288 778/577/288
f 758/570/288 812/447/288 786/571/288
f 788/578/288 777/453/288 787/449/288
f 789/579/288 777/453/288 788/578/288
f 790/458/288 777/453/288 789/579/288
f 790/458/288 776/580/288 777/453/288
f 791/581/288 776/580/288 790/458/288
f 792/451/288 776/580/288 791/581/288
f 793/582/288 776/580/288 792/451/288
f 793/582/288 775/583/288 776/580/288
f 794/584/288 775/583/288 793/582/288
f 795/585/288 775/583/288 794/584/288
f 796/586/288 775/583/288 795/585/288
f 796/586/288 774/587/288 775/583/288
f 797/450/288 774/587/288 796/586/288
f 798/588/288 774/587/288 797/450/288
f 798/588/288 773/589/288 774/587/288
f 799/590/288 773/589/288 798/588/288
f 800/591/288 773/589/288 799/590/288
f 800/591/288 772/454/288 773/589/288
f 801/457/288 772/454/288 800/591/288
f 801/457/288 771/592/288 772/454/288
f 802/448/288 771/592/288 801/457/288
f 803/593/288 771/592/288 802/448/288
f 803/593/288 770/594/288 771/592/288
f 804/595/288 770/594/288 803/593/288
f 805/596/288 770/594/288 804/595/288
f 805/596/288 769/597/288 770/594/288
f 806/598/288 769/597/288 805/596/288
f 807/444/288 769/597/288 806/598/288
f 808/599/288 769/597/288 807/444/288
f 809/600/288 769/597/288 808/599/288
f 809/600/288 768/456/288 769/597/288
f 810/601/288 768/456/288 809/600/288
f 811/602/288 768/456/288 810/601/288
f 758/570/288 760/603/288 812/447/288
f 760/603/288 811/602/288 812/447/288
f 760/603/288 768/456/288 811/602/288
f 760/603/288 767/443/288 768/456/288
f 760/603/288 766/604/288 767/443/288
f 760/603/288 765/605/288 766/604/288
f 760/603/288 764/606/288 765/605/288
f 760/603/288 763/607/288 764/606/288
f 760/603/288 762/445/288 763/607/288
f 760/603/288 761/608/288 762/445/288
f 758/570/288 759/609/288 760/603/288
f 826/610/288 824/445/288 825/611/288
f 826/610/288 823/612/288 824/445/288
f 826/610/288 822/613/288 823/612/288
f 827/614/288 822/613/288 826/610/288
f 827/614/288 821/615/288 822/613/288
f 827/614/288 820/616/288 821/615/288
f 828/617/288 820/616/288 827/614/288
f 828/617/288 819/618/288 820/616/288
f 828/617/288 818/619/288 819/618/288
f 829/620/288 818/619/288 828/617/288
f 829/620/288 817/621/288 818/619/288
f 829/620/288 816/622/288 817/621/288
f 830/623/288 816/622/288 829/620/288
f 830/623/288 815/624/288 816/622/288
f 830/623/288 814/625/288 815/624/288
f 831/626/288 814/625/288 830/623/288
f 831/626/288 813/446/288 814/625/288
f 831/626/288 926/627/288 813/446/288
f 926/627/288 927/628/288 813/446/288
f 927/628/288 928/629/288 813/446/288
f 928/629/288 929/630/288 813/446/288
f 929/630/288 930/631/288 813/446/288
f 930/631/288 931/632/288 813/446/288
f 931/632/288 932/633/288 813/446/288
f 932/633/288 933/634/288 813/446/288
f 933/634/288 934/447/288 813/446/288
f 832/635/288 924/636/288 831/626/288
f 924/636/288 925/637/288 831/626/288
f 925/637/288 926/627/288 831/626/288
f 833/638/288 922/639/288 832/635/288
f 922/639/288 923/444/288 832/635/288
f 923/444/288 924/636/288 832/635/288
f 834/640/288 921/641/288 833/638/288
f 921/641/288 922/639/288 833/638/288
f 834/640/288 920/642/288 921/641/288
f 834/640/288 919/643/288 920/642/288
f 834/640/288 918/644/288 919/643/288
f 834/640/288 917/645/288 918/644/288
f 834/640/288 916/646/288 917/645/288
f 835/443/288 916/646/288 834/640/288
f 835/443/288 915/647/288 916/646/288
f 835/443/288 914/648/288 915/647/288
f 835/443/288 913/649/288 914/648/288
f 836/650/288 913/649/288 835/443/288
f 836/650/288 912/448/288 913/649/288
f 836/650/288 911/651/288 912/448/288
f 837/652/288 911/651/288 836/650/288
f 837/652/288 910/653/288 911/651/288
f 837/652/288 909/654/288 910/653/288
f 838/655/288 909/654/288 837/652/288
f 838/655/288 908/656/288 909/654/288
f 838/655/288 907/657/288 908/656/288
f 839/658/288 907/657/288 838/655/288
f 839/658/288 906/659/288 907/657/288
f 840/660/288 906/659/288 839/658/288
f 840/660/288 905/661/288 906/659/288
f 840/660/288 904/662/288 905/661/288
f 841/663/288 904/662/288 840/660/288
f 841/663/288 903/664/288 904/662/288
f 842/665/288 903/664/288 841/663/288
f 842/665/288 902/666/288 903/664/288
f 843/667/288 902/666/288 842/665/288
f 843/667/288 901/450/288 902/666/288
f 844/668/288 901/450/288 843/667/288
f 844/668/288 900/669/288 901/450/288
f 845/670/288 900/669/288 844/668/288
f 846/454/288 900/669/288 845/670/288
f 846/454/288 899/671/288 900/669/288
f 847/672/288 899/671/288 846/454/288
f 848/673/288 899/671/288 847/672/288
f 848/673/288 898/674/288 899/671/288
f 849/675/288 898/674/288 848/673/288
f 874/676/288 872/677/288 873/678/288
f 849/675/288 897/679/288 898/674/288
f 850/680/288 897/679/288 849/675/288
f 874/676/288 871/681/288 872/677/288
f 851/682/288 897/679/288 850/680/288
f 851/682/288 896/683/288 897/679/288
f 874/676/288 870/684/288 871/681/288
f 852/685/288 896/683/288 851/682/288
f 874/676/288 869/686/288 870/684/288
f 853/687/288 896/683/288 852/685/288
f 854/688/288 896/683/288 853/687/288
f 854/688/288 895/689/288 896/683/288
f 874/676/288 868/452/288 869/686/288
f 855/690/288 895/689/288 854/688/288
f 874/676/288 867/691/288 868/452/288
f 856/692/288 895/689/288 855/690/288
f 874/676/288 866/693/288 867/691/288
f 856/692/288 894/694/288 895/689/288
f 857/453/288 894/694/288 856/692/288
f 874/676/288 865/695/288 866/693/288
f 858/696/288 894/694/288 857/453/288
f 874/676/288 864/697/288 865/695/288
f 859/698/288 894/694/288 858/696/288
f 874/676/288 863/699/288 864/697/288
f 860/700/288 894/694/288 859/698/288
f 874/676/288 862/701/288 863/699/288
f 860/700/288 893/702/288 894/694/288
f 861/703/288 893/702/288 860/700/288
f 874/676/288 861/703/288 862/701/288
f 874/676/288 893/702/288 861/703/288
f 874/676/288 892/704/288 893/702/288
f 875/705/288 892/704/288 874/676/288
f 876/706/288 892/704/288 875/705/288
f 876/706/288 891/707/288 892/704/288
f 877/708/288 891/707/288 876/706/288
f 877/708/288 890/451/288 891/707/288
f 878/709/288 890/451/288 877/708/288
f 879/449/288 890/451/288 878/709/288
f 879/449/288 889/710/288 890/451/288
f 880/711/288 889/710/288 879/449/288
f 881/712/288 889/710/288 880/711/288
f 881/712/288 888/713/288 889/710/288
f 882/714/288 888/713/288 881/712/288
f 883/715/288 888/713/288 882/714/288
f 883/715/288 887/716/288 888/713/288
f 884/717/288 887/716/288 883/715/288
f 885/718/288 887/716/288 884/717/288
f 885/718/288 886/719/288 887/716/288
f 937/720/288 935/446/288 936/721/288
f 937/720/288 991/447/288 935/446/288
f 979/722/288 977/723/288 978/724/288
f 980/725/288 977/723/288 979/722/288
f 980/725/288 976/726/288 977/723/288
f 981/727/288 976/726/288 980/725/288
f 982/728/288 976/726/288 981/727/288
f 982/728/288 975/464/288 976/726/288
f 983/463/288 975/464/288 982/728/288
f 983/463/288 974/729/288 975/464/288
f 984/730/288 974/729/288 983/463/288
f 985/731/288 974/729/288 984/730/288
f 985/731/288 973/732/288 974/729/288
f 986/733/288 973/732/288 985/731/288
f 987/734/288 973/732/288 986/733/288
f 987/734/288 972/735/288 973/732/288
f 988/736/288 972/735/288 987/734/288
f 988/736/288 971/737/288 972/735/288
f 989/738/288 971/737/288 988/736/288
f 990/739/288 971/737/288 989/738/288
f 990/739/288 951/459/288 971/737/288
f 951/459/288 970/740/288 971/737/288
f 937/720/288 990/739/288 991/447/288
f 937/720/288 939/741/288 990/739/288
f 939/741/288 940/742/288 990/739/288
f 940/742/288 941/743/288 990/739/288
f 941/743/288 942/744/288 990/739/288
f 942/744/288 943/460/288 990/739/288
f 943/460/288 944/745/288 990/739/288
f 944/745/288 945/746/288 990/739/288
f 945/746/288 946/747/288 990/739/288
f 946/747/288 947/748/288 990/739/288
f 947/748/288 948/749/288 990/739/288
f 948/749/288 949/750/288 990/739/288
f 949/750/288 950/751/288 990/739/288
f 950/751/288 951/459/288 990/739/288
f 952/752/288 970/740/288 951/459/288
f 953/753/288 970/740/288 952/752/288
f 954/754/288 970/740/288 953/753/288
f 955/755/288 970/740/288 954/754/288
f 955/755/288 969/756/288 970/740/288
f 956/757/288 969/756/288 955/755/288
f 957/758/288 969/756/288 956/757/288
f 958/759/288 969/756/288 957/758/288
f 958/759/288 968/760/288 969/756/288
f 959/461/288 968/760/288 958/759/288
f 960/761/288 968/760/288 959/461/288
f 960/761/288 967/462/288 968/760/288
f 961/762/288 967/462/288 960/761/288
f 937/720/288 938/763/288 939/741/288
f 962/764/288 967/462/288 961/762/288
f 962/764/288 966/765/288 967/462/288
f 963/467/288 966/765/288 962/764/288
f 964/766/288 966/765/288 963/467/288
f 964/766/288 965/767/288 966/765/288
f 1005/768/288 1003/769/288 1004/770/288
f 1005/768/288 1002/771/288 1003/769/288
f 1006/772/288 1002/771/288 1005/768/288
f 1006/772/288 1001/773/288 1002/771/288
f 1006/772/288 1000/774/288 1001/773/288
f 1007/775/288 1000/774/288 1006/772/288
f 1007/775/288 999/776/288 1000/774/288
f 1007/775/288 998/777/288 999/776/288
f 1008/778/288 998/777/288 1007/775/288
f 1008/778/288 997/779/288 998/777/288
f 1008/778/288 996/780/288 997/779/288
f 1009/781/288 996/780/288 1008/778/288
f 1009/781/288 995/782/288 996/780/288
f 1009/781/288 994/783/288 995/782/288
f 1010/784/288 994/783/288 1009/781/288
f 1010/784/288 993/785/288 994/783/288
f 1010/784/288 992/446/288 993/785/288
f 1011/460/288 992/446/288 1010/784/288
f 1011/460/288 1117/786/288 992/446/288
f 1117/786/288 1118/787/288 992/446/288
f 1118/787/288 1119/788/288 992/446/288
f 1119/788/288 1120/789/288 992/446/288
f 1120/789/288 1121/790/288 992/446/288
f 1121/790/288 1122/791/288 992/446/288
f 1122/791/288 1123/792/288 992/446/288
f 1123/792/288 1124/793/288 992/446/288
f 1124/793/288 1125/447/288 992/446/288
f 1012/794/288 1115/795/288 1011/460/288
f 1115/795/288 1116/796/288 1011/460/288
f 1116/796/288 1117/786/288 1011/460/288
f 1013/797/288 1114/798/288 1012/794/288
f 1114/798/288 1115/795/288 1012/794/288
f 1014/799/288 1112/800/288 1013/797/288
f 1112/800/288 1113/801/288 1013/797/288
f 1113/801/288 1114/798/288 1013/797/288
f 1014/799/288 1111/802/288 1112/800/288
f 1014/799/288 1110/803/288 1111/802/288
f 1014/799/288 1109/804/288 1110/803/288
f 1014/799/288 1108/805/288 1109/804/288
f 1014/799/288 1107/806/288 1108/805/288
f 1015/807/288 1107/806/288 1014/799/288
f 1015/807/288 1106/463/288 1107/806/288
f 1015/807/288 1105/808/288 1106/463/288
f 1015/807/288 1104/809/288 1105/808/288
f 1015/807/288 1103/810/288 1104/809/288
f 1016/811/288 1103/810/288 1015/807/288
f 1016/811/288 1102/812/288 1103/810/288
f 1016/811/288 1101/813/288 1102/812/288
f 1016/811/288 1100/814/288 1101/813/288
f 1017/815/288 1100/814/288 1016/811/288
f 1017/815/288 1099/816/288 1100/814/288
f 1017/815/288 1098/817/288 1099/816/288
f 1017/815/288 1097/818/288 1098/817/288
f 1017/815/288 1096/819/288 1097/818/288
f 1017/815/288 1095/820/288 1096/819/288
f 1018/821/288 1095/820/288 1017/815/288
f 1018/821/288 1094/822/288 1095/820/288
f 1018/821/288 1093/823/288 1094/822/288
f 1018/821/288 1092/824/288 1093/823/288
f 1019/825/288 1092/824/288 1018/821/288
f 1019/825/288 1091/826/288 1092/824/288
f 1019/825/288 1090/827/288 1091/826/288
f 1019/825/288 1089/828/288 1090/827/288
f 1020/829/288 1089/828/288 1019/825/288
f 1020/829/288 1088/830/288 1089/828/288
f 1021/831/288 1088/830/288 1020/829/288
f 1021/831/288 1087/464/288 1088/830/288
f 1021/831/288 1086/832/288 1087/464/288
f 1022/833/288 1086/832/288 1021/831/288
f 1022/833/288 1085/834/288 1086/832/288
f 1023/835/288 1085/834/288 1022/833/288
f 1023/835/288 1084/836/288 1085/834/288
f 1023/835/288 1083/837/288 1084/836/288
f 1024/838/288 1083/837/288 1023/835/288
f 1024/838/288 1082/839/288 1083/837/288
f 1025/840/288 1082/839/288 1024/838/288
f 1025/840/288 1081/841/288 1082/839/288
f 1025/840/288 1080/842/288 1081/841/288
f 1026/843/288 1080/842/288 1025/840/288
f 1026/843/288 1079/844/288 1080/842/288
f 1027/845/288 1079/844/288 1026/843/288
f 1027/845/288 1078/846/288 1079/844/288
f 1028/847/288 1078/846/288 1027/845/288
f 1028/847/288 1077/848/288 1078/846/288
f 1053/849/288 1051/850/288 1052/851/288
f 1028/847/288 1076/852/288 1077/848/288
f 1029/853/288 1076/852/288 1028/847/288
f 1053/849/288 1050/854/288 1051/850/288
f 1030/459/288 1076/852/288 1029/853/288
f 1053/849/288 1049/461/288 1050/854/288
f 1031/855/288 1076/852/288 1030/459/288
f 1031/855/288 1075/856/288 1076/852/288
f 1053/849/288 1048/857/288 1049/461/288
f 1032/858/288 1075/856/288 1031/855/288
f 1053/849/288 1047/859/288 1048/857/288
f 1033/860/288 1075/856/288 1032/858/288
f 1053/849/288 1046/861/288 1047/859/288
f 1034/862/288 1075/856/288 1033/860/288
f 1034/862/288 1074/863/288 1075/856/288
f 1053/849/288 1045/864/288 1046/861/288
f 1035/865/288 1074/863/288 1034/862/288
f 1036/866/288 1074/863/288 1035/865/288
f 1053/849/288 1044/867/288 1045/864/288
f 1037/868/288 1074/863/288 1036/866/288
f 1053/849/288 1043/869/288 1044/867/288
f 1038/870/288 1074/863/288 1037/868/288
f 1053/849/288 1042/871/288 1043/869/288
f 1039/872/288 1074/863/288 1038/870/288
f 1053/849/288 1041/873/288 1042/871/288
f 1040/874/288 1074/863/288 1039/872/288
f 1053/849/288 1040/874/288 1041/873/288
f 1040/874/288 1073/875/288 1074/863/288
f 1053/849/288 1073/875/288 1040/874/288
f 1053/849/288 1072/876/288 1073/875/288
f 1053/849/288 1071/877/288 1072/876/288
f 1054/878/288 1071/877/288 1053/849/288
f 1054/878/288 1070/879/288 1071/877/288
f 1055/880/288 1070/879/288 1054/878/288
f 1056/881/288 1070/879/288 1055/880/288
f 1056/881/288 1069/882/288 1070/879/288
f 1057/883/288 1069/882/288 1056/881/288
f 1058/884/288 1069/882/288 1057/883/288
f 1058/884/288 1068/462/288 1069/882/288
f 1059/885/288 1068/462/288 1058/884/288
f 1059/885/288 1067/886/288 1068/462/288
f 1060/887/288 1067/886/288 1059/885/288
f 1061/888/288 1067/886/288 1060/887/288
f 1061/888/288 1066/889/288 1067/886/288
f 1062/890/288 1066/889/288 1061/888/288
f 1063/891/288 1066/889/288 1062/890/288
f 1063/891/288 1065/892/288 1066/889/288
f 1064/893/288 1065/892/288 1063/891/288
f 1156/449/288 1154/572/288 1155/571/288
f 1156/449/288 1153/573/288 1154/572/288
f 1129/603/288 1127/570/288 1128/609/288
f 1129/603/288 1126/446/288 1127/570/288
f 1157/578/288 1153/573/288 1156/449/288
f 1157/578/288 1152/574/288 1153/573/288
f 1157/578/288 1151/452/288 1152/574/288
f 1158/579/288 1151/452/288 1157/578/288
f 1158/579/288 1150/575/288 1151/452/288
f 1130/608/288 1126/446/288 1129/603/288
f 1158/579/288 1149/576/288 1150/575/288
f 1131/445/288 1126/446/288 1130/608/288
f 1159/458/288 1149/576/288 1158/579/288
f 1159/458/288 1148/455/288 1149/576/288
f 1132/607/288 1126/446/288 1131/445/288
f 1133/606/288 1126/446/288 1132/607/288
f 1159/458/288 1147/577/288 1148/455/288
f 1160/581/288 1147/577/288 1159/458/288
f 1134/605/288 1126/446/288 1133/606/288
f 1160/581/288 1146/453/288 1147/577/288
f 1135/604/288 1180/602/288 1134/605/288
f 1180/602/288 1126/446/288 1134/605/288
f 1160/581/288 1145/580/288 1146/453/288
f 1136/443/288 1180/602/288 1135/604/288
f 1160/581/288 1144/583/288 1145/580/288
f 1137/456/288 1180/602/288 1136/443/288
f 1161/451/288 1144/583/288 1160/581/288
f 1138/597/288 1180/602/288 1137/456/288
f 1161/451/288 1143/587/288 1144/583/288
f 1139/594/288 1180/602/288 1138/597/288
f 1161/451/288 1142/589/288 1143/587/288
f 1140/592/288 1180/602/288 1139/594/288
f 1161/451/288 1141/454/288 1142/589/288
f 1141/454/288 1180/602/288 1140/592/288
f 1161/451/288 1180/602/288 1141/454/288
f 1161/451/288 1179/601/288 1180/602/288
f 1181/447/288 1126/446/288 1180/602/288
f 1162/582/288 1179/601/288 1161/451/288
f 1162/582/288 1178/600/288 1179/601/288
f 1162/582/288 1177/599/288 1178/600/288
f 1163/584/288 1177/599/288 1162/582/288
f 1163/584/288 1176/444/288 1177/599/288
f 1164/585/288 1176/444/288 1163/584/288
f 1164/585/288 1175/598/288 1176/444/288
f 1164/585/288 1174/596/288 1175/598/288
f 1165/586/288 1174/596/288 1164/585/288
f 1165/586/288 1173/595/288 1174/596/288
f 1165/586/288 1172/593/288 1173/595/288
f 1166/450/288 1172/593/288 1165/586/288
f 1166/450/288 1171/448/288 1172/593/288
f 1167/588/288 1171/448/288 1166/450/288
f 1167/588/288 1170/457/288 1171/448/288
f 1167/588/288 1169/591/288 1170/457/288
f 1168/590/288 1169/591/288 1167/588/288
f 1183/570/288 1211/571/288 1182/446/288
f 1211/571/288 1210/572/288 1182/446/288
f 1211/571/288 1209/573/288 1210/572/288
f 1211/571/288 1208/574/288 1209/573/288
f 1211/571/288 1207/452/288 1208/574/288
f 1211/571/288 1206/575/288 1207/452/288
f 1211/571/288 1205/576/288 1206/575/288
f 1211/571/288 1204/455/288 1205/576/288
f 1211/571/288 1203/577/288 1204/455/288
f 1211/571/288 1212/449/288 1203/577/288
f 1212/449/288 1202/453/288 1203/577/288
f 1183/570/288 1237/447/288 1211/571/288
f 1213/578/288 1202/453/288 1212/449/288
f 1214/579/288 1202/453/288 1213/578/288
f 1215/458/288 1202/453/288 1214/579/288
f 1215/458/288 1201/580/288 1202/453/288
f 1216/581/288 1201/580/288 1215/458/288
f 1217/451/288 1201/580/288 1216/581/288
f 1218/582/288 1201/580/288 1217/451/288
f 1218/582/288 1200/583/288 1201/580/288
f 1219/584/288 1200/583/288 1218/582/288
f 1220/585/288 1200/583/288 1219/584/288
f 1221/586/288 1200/583/288 1220/585/288
f 1221/586/288 1199/587/288 1200/583/288
f 1222/450/288 1199/587/288 1221/586/288
f 1223/588/288 1199/587/288 1222/450/288
f 1223/588/288 1198/589/288 1199/587/288
f 1224/590/288 1198/589/288 1223/588/288
f 1225/591/288 1198/589/288 1224/590/288
f 1225/591/288 1197/454/288 1198/589/288
f 1226/457/288 1197/454/288 1225/591/288
f 1226/457/288 1196/592/288 1197/454/288
f 1227/448/288 1196/592/288 1226/457/288
f 1228/593/288 1196/592/288 1227/448/288
f 1228/593/288 1195/594/288 1196/592/288
f 1229/595/288 1195/594/288 1228/593/288
f 1230/596/288 1195/594/288 1229/595/288
f 1230/596/288 1194/597/288 1195/594/288
f 1231/598/288 1194/597/288 1230/596/288
f 1232/444/288 1194/597/288 1231/598/288
f 1233/599/288 1194/597/288 1232/444/288
f 1234/600/288 1194/597/288 1233/599/288
f 1234/600/288 1193/456/288 1194/597/288
f 1235/601/288 1193/456/288 1234/600/288
f 1236/602/288 1193/456/288 1235/601/288
f 1183/570/288 1185/603/288 1237/447/288
f 1185/603/288 1236/602/288 1237/447/288
f 1185/603/288 1193/456/288 1236/602/288
f 1185/603/288 1192/443/288 1193/456/288
f 1185/603/288 1191/604/288 1192/443/288
f 1185/603/288 1190/605/288 1191/604/288
f 1185/603/288 1189/606/288 1190/605/288
f 1185/603/288 1188/607/288 1189/606/288
f 1185/603/288 1187/445/288 1188/607/288
f 1185/603/288 1186/608/288 1187/445/288
f 1183/570/288 1184/609/288 1185/603/288
